ticker,E_pos_mean,E_neg_mean,E_neu_mean,E_pos_std,E_neg_std,E_sentence_count,E_pos_neg_ratio,E_pillar_score,S_pos_mean,S_neg_mean,S_neu_mean,S_pos_std,S_neg_std,S_sentence_count,S_pos_neg_ratio,S_pillar_score,G_pos_mean,G_neg_mean,G_neu_mean,G_pos_std,G_neg_std,G_sentence_count,G_pos_neg_ratio,G_pillar_score,kw_carbon_emissions_freq,kw_carbon_emissions_present,kw_renewable_energy_freq,kw_renewable_energy_present,kw_climate_risk_freq,kw_climate_risk_present,kw_waste_water_freq,kw_waste_water_present,kw_diversity_freq,kw_diversity_present,kw_employee_welfare_freq,kw_employee_welfare_present,kw_human_rights_freq,kw_human_rights_present,kw_community_freq,kw_community_present,kw_board_governance_freq,kw_board_governance_present,kw_executive_pay_freq,kw_executive_pay_present,kw_ethics_compliance_freq,kw_ethics_compliance_present,kw_transparency_freq,kw_transparency_present,kw_regulatory_penalties_freq,kw_regulatory_penalties_present,kw_controversy_freq,kw_controversy_present,doc_length,num_sections,business_length,business_pct,risk_factors_length,risk_factors_pct,mda_length,mda_pct,E_coverage_pct,S_coverage_pct,G_coverage_pct,has_sustainability_mention,has_emissions_numbers,count_emissions_numbers,has_dollar_fines,count_dollar_fines,has_employee_numbers,count_employee_numbers,has_percent_renewable,count_percent_renewable,has_women_leadership,count_women_leadership,has_board_independence,count_board_independence
A,0.24017606338915917,0.14618384963474595,0.6136400869044547,0.3102685613690126,0.27272372258878397,52.0,2.1666663055556157,63.9,0.24061447608894504,0.1973374731280855,0.5620480492181584,0.33316422390036177,0.3197716242532245,197,1.1891891570489417,60.59,0.2151301893932016,0.28205473656239716,0.5028150738014475,0.3280543857334527,0.3533759916319059,69,0.6999999650000017,54.2,0.1177648236471766,1,0.1177648236471766,1,0.0588824118235883,1,0.1177648236471766,1,0.7065889418830595,1,5.18165224047577,1,0.0,0,0.1177648236471766,1,0.2649708532061473,1,0.6771477359712654,1,0.8832361773538243,1,0.6477065300594712,1,1.0304422069127952,1,0.20608844138255902,1,33966,3,9248,0.2722722722722723,8911,0.26235058587999766,15807,0.4653771418477301,0.0558499676146735,0.22675616793263853,0.09686156744980275,1,0,0,0,0,0,0,0,0,0,0,0,0
AADI,0.05690929340198636,0.23093120992416516,0.7121594860218465,0.08672380760047853,0.31925401174491963,16.0,0.0,51.98,0.11152256829043229,0.3487249910645187,0.5397524380683899,0.2005713520895381,0.36235416933656023,300,0.19266054869118762,46.24,0.13329684700303038,0.350131165624821,0.5165719921090479,0.24327522956536107,0.3655537149375282,145,0.3018867867568531,46.91,0.0,0,0.0,0,0.0,0,0.047212681326204216,1,0.1534412143101637,1,4.119306445711318,1,0.0,0,0.09442536265240843,1,0.20065389563636793,1,0.1298348736470616,1,0.9324504561925333,1,0.9442536265240844,1,1.6052311650909434,1,0.861631434203227,1,84723,3,20962,0.2474180564899732,55210,0.6516530340049337,8551,0.10092890950509306,0.006090435891080344,0.1620811349928591,0.07310883703362724,1,0,0,0,0,1,5,0,0,0,0,0,0
AAL,0.19225353006469575,0.1844187183942842,0.6233277550653408,0.26492816817286774,0.2984691403921252,95.0,0.8823528892733594,59.74,0.15729379106851868,0.34138127352819786,0.5013249302692946,0.25977922459145875,0.4020588889718486,159,0.3050847405917841,48.32,0.11648447537967532,0.20898303899376355,0.6745324889870034,0.18389605527924352,0.29672282005698297,97,0.31578945706371275,55.49,2.8271048679211948,1,0.07067762169802987,1,0.35338810849014934,1,0.10601643254704479,1,1.024825514621433,1,3.268840003533881,1,0.0,0,0.0,0,0.17669405424507467,1,0.22970227051859707,1,0.4063963247636717,1,0.33571870306564183,1,0.4063963247636717,1,0.30037989221662686,1,56595,3,1100,0.019436345966958212,37733,0.6667196748829401,17762,0.3138439791501016,0.08764025090555702,0.15428924816679918,0.08675678063433165,0,0,0,0,0,0,0,0,0,0,0,0,0
AAME,0.45385247096419334,0.009385664947330952,0.5367618724703789,0.3644501008093357,0.0020202752202749252,2.0,1000000.0,80.27,0.22750555976342998,0.18922009554961206,0.5832743511388176,0.33134064209011965,0.3203376444113685,76,1.0714284948979647,60.66,0.09026091043715892,0.024815644056576748,0.8849234555078589,0.18274886289560255,0.00946465921944907,23,1000000.0,66.55,0.0,0,0.07383343177790903,1,0.0,0,0.0,0,1.1075014766686357,1,6.94034258712345,1,0.0,0,0.0,0,0.5168340224453633,1,0.14766686355581807,1,0.14766686355581807,1,1.0336680448907265,1,0.5168340224453633,1,0.36916715888954516,1,13544,3,6987,0.5158741878322505,51,0.0037655050206733607,6506,0.48036030714707617,0.00383933845245127,0.18893975191966922,0.05530124040165387,1,0,0,0,0,0,0,0,0,0,0,0,0
AAOI,0.13517750543542206,0.40042280429042876,0.46439967956393957,0.22186665934234784,0.3991162762534685,12.0,0.199999960000008,43.7,0.19013775791972876,0.3552168803583193,0.45464536295952024,0.2926730641845845,0.403450565652742,111,0.43902437953599077,48.57,0.1584832615307754,0.27922943824281293,0.5622873068565414,0.2620248871899637,0.3375874748276537,42,0.3846153550295881,52.4,0.0,0,0.033451528734863185,1,0.0,0,0.13380611493945274,1,0.2676122298789055,1,3.7465712183046764,1,0.0,0,0.0,0,0.06690305746972637,1,0.16725764367431592,1,0.2007091724091791,1,0.2007091724091791,1,0.7693851609018532,1,0.0,0,29894,3,7551,0.2525924934769519,11732,0.39245333511741487,10611,0.35495417140563323,0.019502241252425237,0.1252090720545929,0.04823710443567271,1,0,0,0,0,1,2,0,0,0,0,0,0
AAON,0.23090224515865831,0.12711618487339685,0.6419815754189211,0.2829818566481606,0.2817965644335871,51.0,1.14285697959186,64.82,0.1933506877782444,0.29821005895630354,0.5084392585688167,0.30477384962781634,0.3833393483531808,54,0.47058820761245834,52.38,0.12839479001827145,0.28482039608551485,0.5867848118865177,0.2243932839502944,0.37762980747503505,38,0.3636363305785154,50.98,0.5527534028881365,1,0.27637670144406823,1,0.06909417536101706,1,0.4836592275271195,1,0.06909417536101706,1,4.2147446970220415,1,0.0,0,0.2072825260830512,1,0.27637670144406823,1,0.4145650521661024,1,0.4145650521661024,1,1.5891660333033926,1,0.6218475782491536,1,0.0,0,14473,3,5079,0.35092931665860566,3329,0.2300145097768258,6065,0.4190561735645685,0.14102121191183584,0.15276722172320872,0.109306985421129,1,0,0,0,0,0,0,0,0,0,0,0,0
AAP,0.07320187903112835,0.24436451551607913,0.6824336097472243,0.14405818256105848,0.31659522641629756,36.0,0.11111109876543349,51.68,0.1529699637407535,0.5256151882147319,0.32141484255461317,0.2810314063450985,0.42534098934757475,95,0.22222221810699597,36.19,0.19792043364190676,0.3393096221373119,0.462769968157753,0.29197198452879525,0.3871711582426959,47,0.5294117335640156,49.87,0.48412474280873036,1,0.08068745713478839,1,0.08068745713478839,1,0.32274982853915357,1,0.32274982853915357,1,2.460967442611046,1,0.16137491426957679,1,0.0,0,0.403437285673942,1,0.403437285673942,1,0.7261871142130956,1,0.16137491426957679,1,1.5330616855609795,1,0.08068745713478839,1,24787,3,2621,0.10574091257514019,9897,0.39928188163150036,12269,0.4949772057933594,0.06866502602170492,0.20329204825109937,0.08564973574857788,1,0,0,0,0,0,0,0,0,0,0,0,0
AAPL,0.06723006038616101,0.4349785456433892,0.4977914188057184,0.10372505130733045,0.381993071176397,6.0,0.0,39.08,0.1499841651154889,0.34402382276538346,0.5059920231501261,0.22515588641571976,0.35440660977375876,45,0.2857142653061239,47.89,0.08253709112222378,0.17735026132028836,0.7401126482738898,0.09480392358309828,0.27198938681084095,13,0.0,56.36,0.0,0,0.13763677654669326,1,0.13763677654669326,1,0.13763677654669326,1,0.8946390475535063,1,4.4731952377675315,1,0.0,0,0.06881838827334663,1,0.20645516482003992,1,0.0,0,0.4817287179134265,1,0.2752735530933865,1,1.4451861537402795,1,1.169912600646893,1,14531,3,2321,0.15972747918243754,9534,0.6561145137980868,2676,0.1841580070194756,0.019406785493083754,0.1836762783015622,0.04610832014314225,1,0,0,0,0,0,0,0,0,0,0,0,0
AATC,0.1179915697906505,0.44012503287839616,0.44188340329988435,0.2350481245886007,0.4362525058972677,11.0,0.199999960000008,40.52,0.18100388714281673,0.35596525310327043,0.4630308619023047,0.28373268294197146,0.4038519268673311,44,0.4374999726562517,48.2,0.0549259248056582,0.2457022593489715,0.6993718138230699,0.06961160473960092,0.33637680260849306,35,0.0,50.95,0.0,0,0.05785697755149271,1,0.0,0,0.2892848877574636,1,0.05785697755149271,1,2.1985651469567227,1,0.0,0,0.05785697755149271,1,0.4628558204119417,1,0.0,0,0.6364267530664198,1,0.40499884286044896,1,0.6364267530664198,1,0.0,0,17284,3,4476,0.25896783152048136,8391,0.48547789863457536,4417,0.2555542698449433,0.02586206896551724,0.11056468410090257,0.0857440407313122,1,0,0,0,0,1,2,0,0,0,0,0,0
AAWW,0.29652914547154474,0.10369364068739945,0.5997772068820066,0.3218615831227134,0.2281712164396965,36.0,5.9999970000015,68.64,0.26064368033512814,0.2560352567180069,0.4833210691348794,0.33814231215068125,0.36093612828325894,97,0.8461538136094686,57.48,0.2186370407621008,0.17450895374857409,0.6068540135788363,0.2793157917595437,0.32078825223366797,43,1.14285697959186,61.31,2.038849347568209,1,0.0741399762752076,1,0.25948991696322654,1,0.0370699881376038,1,0.556049822064057,1,4.040628706998814,1,0.0,0,0.0370699881376038,1,0.22241992882562275,1,0.33362989323843417,1,0.5931198102016608,1,0.556049822064057,1,1.0750296559905101,1,0.0,0,26976,3,7328,0.27164887307236063,9089,0.3369291221826809,10559,0.3914220047449585,0.039220047449584815,0.12748368920521946,0.04288997627520759,1,0,0,0,0,1,1,0,0,0,0,0,0
ABBV,0.032265479144241126,0.2961238763694252,0.6716106278555733,0.014190709423656269,0.3579682204715492,7.0,0.0,46.88,0.2178578540632451,0.14148326621176927,0.6406588786457842,0.28975132503641104,0.2630604704455813,148,1.5555554691358071,63.43,0.2161132625658952,0.18633106037131733,0.5975556805552471,0.30478624469203514,0.28987677993793104,42,1.14285697959186,60.45,0.03782863627766219,1,0.0,0,0.03782863627766219,1,0.0,0,0.8700586343862303,1,7.338755437866465,1,0.0,0,0.07565727255532438,1,0.5296009078872707,1,0.11348590883298657,1,0.6809154529979193,1,0.5674295441649329,1,1.0970304520522036,1,0.605258180442595,1,26435,3,10314,0.39016455456780785,7631,0.28867032343484017,8490,0.321165121997352,0.01259693588046151,0.2553432948742198,0.08046150936258747,1,0,0,0,0,1,2,0,0,0,0,0,0
ABC,0.027726599480956793,0.34847229486331344,0.6238011308014393,0.010575155950823195,0.2828959773069062,4.0,0.0,43.32,0.2641044403159166,0.28997954801412024,0.4459160089752347,0.3493516508103282,0.36098577355343203,122,0.8421052409972306,55.39,0.16380918217879353,0.25114256682608166,0.5850482548615246,0.24662046781638997,0.3102231000979096,33,0.4999999375000079,54.41,0.08744316194473592,1,0.0,0,0.1311647429171039,1,0.04372158097236796,1,0.2186079048618398,1,7.869884575026232,1,0.0,0,0.04372158097236796,1,0.2186079048618398,1,0.04372158097236796,1,0.6121021336131515,1,1.3990905911157747,1,4.940538649877579,1,0.8744316194473593,1,22872,3,1012,0.04424623994403638,10324,0.45138160195872684,11536,0.5043721580972368,0.009968520461699895,0.2586568730325289,0.08333333333333333,0,0,0,0,0,1,1,0,0,0,0,0,0
ABCB,0.04820343479514122,0.02261942159384489,0.9291771451632181,0.03052153062873735,0.009971322306192406,3.0,0.0,65.22,0.21795557339727464,0.21594555534991539,0.5660988761681236,0.28225700632134554,0.34925051098940063,72,0.7999999466666703,58.59,0.07675236552715936,0.1561539419233165,0.7670936817105146,0.1338971917196562,0.284198883233673,47,0.33333327777778704,57.54,0.0,0,0.13677551718242437,1,0.0,0,0.0,0,1.8464694819627288,1,1.8464694819627288,1,0.0,0,0.27355103436484873,1,0.20516327577363652,1,0.10258163788681826,1,0.5129081894340913,1,0.4445204308428791,1,0.6838775859121217,1,0.5471020687296975,1,29245,3,10021,0.3426568644212686,7443,0.2545050435971961,11781,0.4028380919815353,0.0040690716361771245,0.11242947512395281,0.07731236108736536,0,0,0,0,0,0,0,0,0,0,0,0,0
ABCL,0.1122236242517829,0.287115295495217,0.6006610666712126,0.19540110435837907,0.30453052020037885,12.0,0.33333322222225925,50.27,0.24151731227175333,0.18415359049928762,0.5743290991328346,0.2948697569017249,0.3022376202118409,192,1.1428571102040825,61.48,0.09461938771174143,0.31042324428716184,0.5949573656666631,0.19803754864051143,0.3572942717909654,152,0.18367346563931702,48.13,0.0,0,0.03032094722639135,1,0.0,0,0.0606418944527827,1,0.8641469959521535,1,2.3195524628189386,1,0.0,0,0.03032094722639135,1,0.21224663058473944,1,0.3032094722639135,1,0.7428632070465881,1,1.0005912584709147,1,1.637331150225133,1,0.22740710419793514,1,65961,3,20803,0.31538333257530965,32956,0.4996285683964767,12202,0.18498809902821364,0.004851351556222616,0.10533497066448357,0.08492897318112218,1,0,0,0,0,1,5,0,0,0,0,0,0
ABEO,0.027094211325877242,0.21812772440413633,0.7547780457470152,0.011572508028883783,0.3214981013754335,9.0,0.0,51.77,0.13223476063770553,0.27614822172456316,0.5916170210887989,0.2185192595928952,0.3576470909133048,180,0.3749999921875002,51.68,0.1345642010710435,0.3545590593130328,0.5108767331112176,0.25370779844875946,0.38642094531875576,64,0.333333319444445,46.66,0.0,0,0.0,0,0.0,0,0.08441846231770889,1,0.33767384927083555,1,4.326446193782581,1,0.0,0,0.06331384673828166,1,0.06331384673828166,1,0.1055230778971361,1,0.9919169322330794,1,0.48540615832682604,1,1.625055399615896,1,0.6120338518033894,1,47383,3,17654,0.37258088343920814,22472,0.4742629213008885,7257,0.15315619525990334,0.005423886203912796,0.15727159529789164,0.04841398813920605,1,0,0,0,0,1,1,0,0,0,0,0,0
ABIO,0.018448561895638704,0.4827823517844081,0.498769111931324,0.008900934364646673,0.45186944026499987,2.0,0.0,34.26,0.2289183181975944,0.21391852466640462,0.5571631611918384,0.3042340900976061,0.3085505362652007,193,0.812499983072917,59.11,0.08588011252383392,0.18647725142392457,0.7276426303547388,0.15180990981071832,0.2943520110581968,51,0.09999999000000101,55.88,0.0,0,0.024140012070006035,1,0.0,0,0.0,0,0.5310802655401328,1,3.8624019312009654,1,0.0,0,0.04828002414001207,1,0.19312009656004828,1,0.024140012070006035,1,0.651780325890163,1,0.651780325890163,1,1.1828605914302959,1,0.5069402534701267,1,41425,3,16116,0.38904043452021725,20138,0.48613156306578154,5171,0.1248280024140012,0.002076041038020519,0.17209414604707302,0.04378998189499095,0,0,0,0,0,1,1,0,0,0,0,0,0
ABMD,0.11905702007934452,0.31385778049007057,0.5670852054841816,0.21627252942656983,0.37771881838548504,40.0,0.3333333055555579,48.77,0.2146474419099589,0.26214541762446364,0.5232071436817447,0.28489465390533886,0.3479987695812962,300,0.7215189782086205,55.47,0.17021467150854214,0.22852206549474172,0.6012632652584996,0.2358806880009955,0.31733652490704267,140,0.6666666464646471,56.1,0.3287743293003682,1,0.0,0,0.0,0,0.1643871646501841,1,0.361651762230405,1,7.775512887953709,1,0.0,0,0.09863229879011047,1,0.09863229879011047,1,0.1315097317201473,1,1.6109942135718043,1,0.6904260915307733,1,1.44660704892162,1,0.4931614939505523,1,60832,3,751,0.012345476065228827,27294,0.44867832719621253,32787,0.5389761967385587,0.0279458179905313,0.20908403471856918,0.07775512887953709,1,0,0,0,0,1,2,0,0,0,0,0,0
ABNB,0.1906373340084597,0.39984672813227884,0.4095159342719449,0.28247426861881914,0.3397607467644324,27.0,0.4615384260355057,45.68,0.17740971975375053,0.2691348543628877,0.5534554315860881,0.25980396015922314,0.3640977871280285,215,0.43333332611111125,53.72,0.10114099956235459,0.36668942584597236,0.5321695825815955,0.1810214137547313,0.39098956255921025,158,0.12903225598335072,44.71,0.1519018106695832,1,0.045570543200874954,1,0.27342325920524974,1,0.030380362133916636,1,0.956981407218374,1,2.3089075221776643,1,0.045570543200874954,1,1.3367359338923321,1,0.33418398347308303,1,0.34937416454004133,1,1.2152144853566655,1,1.0785028557540406,1,1.9291529955037063,1,1.2607850285575404,1,65832,3,4963,0.07538886863531413,49042,0.7449568598857699,11827,0.17965427147891602,0.021448535666545147,0.13200267347186778,0.10604265402843602,0,0,0,0,0,1,2,0,0,0,0,0,0
ABOS,0.36841759950454744,0.2976472687330984,0.3339351234691484,0.43142743031235875,0.3560591784392601,21.0,1.14285697959186,58.55,0.18516432554150622,0.1754291477551063,0.6394065317697823,0.25790328978867794,0.2827676029400256,300,0.8260869385633275,60.08,0.09903504557955961,0.3116514464755627,0.5893135183527098,0.17844387121267283,0.34562354159952335,154,0.19148935762788602,48.21,0.0,0,0.022582284198046632,1,0.0,0,0.0677468525941399,1,0.33873426297069953,1,5.0019759498673295,1,0.0,0,0.045164568396093265,1,0.1354937051882798,1,0.11291142099023316,1,1.0049116468130752,1,1.1742787782984248,1,1.388810478179868,1,1.0162027889120986,1,88565,3,19848,0.22410658838141478,61714,0.696821543499125,7003,0.07907186811946028,0.0069892169592954325,0.1824309828939197,0.07675718398916051,0,0,0,0,0,1,4,0,0,0,0,0,0
ABSI,0.11178404892173906,0.298174059484154,0.5900418938448032,0.14026421925413446,0.35230406186112045,12.0,0.0,49.53,0.17123146673260503,0.25220932020435494,0.5765592080417526,0.2550320630977659,0.3386135760779172,166,0.5714285578231296,54.6,0.08375635166885331,0.3078141999896616,0.6084294534986838,0.15529206634855633,0.34869730783296266,80,0.15384614792899431,47.92,0.0,0,0.0,0,0.0,0,0.06966456511895225,1,0.6269810860705702,1,2.7343341809188755,1,0.0,0,0.034832282559476124,1,0.3483228255947612,1,0.19157755407711868,1,0.6792295099097844,1,1.2539621721411405,1,1.4455397262182592,1,0.3657389668744993,1,57418,3,16729,0.291354627468738,32345,0.5633250896931276,8344,0.1453202828381344,0.005834407328712251,0.13001149465324463,0.07144101152948552,1,0,0,0,0,1,3,0,0,0,0,0,0
ABT,0.018722164444625378,0.675770178437233,0.3055076152086258,0.007398155517876148,0.2061370462179184,2.0,0.0,21.73,0.20624709428927626,0.33710107154560737,0.45665183845144436,0.314423293254396,0.3803113373471467,83,0.6071428354591845,50.31,0.0789017574371476,0.2088936012434332,0.7122046363196874,0.0570088803442536,0.30399974255148327,19,0.0,54.18,0.0,0,0.0,0,0.057887120115774245,1,0.0,0,0.2894356005788712,1,5.036179450072359,1,0.0,0,0.0,0,0.23154848046309698,1,0.0,0,0.3473227206946455,1,0.46309696092619396,1,1.9681620839363243,1,0.057887120115774245,1,17275,3,1784,0.10327062228654124,4224,0.24451519536903038,11267,0.6522141823444284,0.00341534008683068,0.2168451519536903,0.04630969609261939,0,0,0,0,0,0,0,0,0,0,0,0,0
ABTX,0.12931895391084253,0.41551814172416923,0.45516291093081235,0.2352954605636936,0.38206548113012956,20.0,0.4285713673469475,42.52,0.22222448952979487,0.24238232599272755,0.5353931818896805,0.31195311739035025,0.3448781481359961,131,0.7878787640036738,57.02,0.13287632341857428,0.19518343902922966,0.6719402367467279,0.22782714703048007,0.29178879449403083,111,0.5499999725000013,56.96,0.0,0,0.022495163539838936,1,0.1799613083187115,1,0.0,0,1.9795743915058264,1,2.3394970081432493,1,0.0,0,0.719845233274846,1,0.26994196247806723,1,0.4499032707967787,1,0.6748549061951681,1,0.5623790884959734,1,0.8098258874342017,1,0.4948935978764566,1,44454,3,12320,0.2771404148108157,17393,0.39125837944841857,14741,0.33160120574076574,0.02555450578125703,0.14909794394205245,0.13841274126062897,1,0,0,0,0,1,2,0,0,0,0,0,0
ABUS,0.14308873191475868,0.021054028999060392,0.8358572274446487,0.11951144946455763,0.012443477126347004,4.0,0.0,68.64,0.20113945580087603,0.23560495334366957,0.5632555916967491,0.27891385867043617,0.3251546774934605,300,0.6623376537358746,56.73,0.11815364203981257,0.2534953167279517,0.6283510416646355,0.19786627029011244,0.3182537609347951,112,0.4230769068047343,52.66,0.0,0,0.0,0,0.0,0,0.017860970207901693,1,0.7858826891476745,1,6.269200542973494,1,0.0,0,0.08930485103950846,1,0.07144388083160677,1,0.10716582124741016,1,1.3038508251768237,1,0.7501607487318711,1,1.4110166464242337,1,1.107380152889905,1,55988,3,17807,0.3180502964921055,33498,0.5983067800242909,4683,0.08364292348360362,0.003661498892619847,0.2584125169679217,0.08362506251339573,1,0,0,0,0,1,2,0,0,0,0,0,0
ABVC,0.03876627298692862,0.12645400563875833,0.8347797294457754,0.0315721573725054,0.19044339832306492,6.0,0.0,58.14,0.1743515740711501,0.18084243517667853,0.6448059968979043,0.24105414392052119,0.30196453468202605,187,0.7837837626004389,59.35,0.12038265126333995,0.18730699916702362,0.6923103570104479,0.21031125963532002,0.29249184100353887,143,0.7083333038194456,57.04,0.0,0,0.024045975905932142,1,0.0,0,0.024045975905932142,1,1.3465746507322,1,3.0057469882415178,1,0.0,0,0.07213792771779642,1,0.2645057349652536,1,0.07213792771779642,1,0.6973333012720321,1,1.0580229398610144,1,0.7935172048957607,1,0.3847356144949143,1,41587,3,10371,0.24938081612042226,14293,0.34368913362348813,16923,0.40693005025608964,0.006275999711448289,0.17144780820929617,0.12996849977156322,1,0,0,0,0,1,1,0,0,0,0,0,0
ACAD,0.02612829001413451,0.26633850381606156,0.7075332187943988,0.009565292681464737,0.3092536982850796,9.0,0.0,48.6,0.14884877992094372,0.27520912505972844,0.5759420949561159,0.2244641720284087,0.3545784043463821,221,0.43749999316406263,52.32,0.1486564085071722,0.26833379310606925,0.5830098022553292,0.23611249457449685,0.3317440122388508,91,0.35999998560000057,52.76,0.0,0,0.0,0,0.0,0,0.10557878288779088,1,0.2745048355082562,1,5.046665822036404,1,0.0,0,0.1689260526204654,1,0.1689260526204654,1,0.0,0,0.6757042104818616,1,0.8235145065247688,1,2.9562059208581446,1,0.5278939144389543,1,47358,3,11920,0.25169981840449346,28970,0.6117234680518603,6468,0.13657671354364626,0.00565902276278559,0.1776046285738418,0.08406182693525908,0,0,0,0,0,1,2,0,0,0,0,0,0
ACCD,0.43729502055794,0.15022039134055376,0.4124846141785383,0.4098542078116651,0.24226325340662128,6.0,2.9999970000030003,70.54,0.2472064623236656,0.2619411267526448,0.49085241318990785,0.3023840750727469,0.365451821320648,300,0.8552631466412745,56.63,0.12726767249226284,0.42105933546106544,0.45167299603613525,0.24532754455376488,0.39734455743202723,104,0.22448979133694305,42.09,0.0,0,0.04469373617287537,1,0.0,0,0.04469373617287537,1,0.849180987284632,1,12.581286732664417,1,0.0,0,0.11173434043218843,1,0.26816241703725224,1,0.424590493642316,1,0.849180987284632,1,1.3855058213591365,1,2.5922366980267717,1,0.357549889383003,1,44749,3,7272,0.16250642472457485,27513,0.6148293816621601,9964,0.2226641936132651,0.008424769268587007,0.3121410534313616,0.12590225479898992,0,0,0,0,0,1,7,0,0,0,0,0,0
ACER,0.039360107970423996,0.4012496559880674,0.559390252456069,0.04289968551015997,0.3077842917701622,8.0,0.0,40.3,0.20885709976576242,0.2695646149395131,0.521578286952933,0.28905743507238474,0.34285207764340014,287,0.7972972865230097,54.79,0.06690075195261411,0.32077347484792207,0.6123257694741735,0.13760240531268894,0.354667336247428,77,0.11999999520000018,46.49,0.0,0,0.0,0,0.0,0,0.0505382321726386,1,0.5222283991172655,1,4.295749734674281,1,0.0,0,0.03369215478175907,1,0.08423038695439766,1,0.15161469651791581,1,1.0276107208436516,1,0.9433803338892539,1,1.1455332625798085,1,0.977072488671013,1,59361,3,18206,0.3066996849783528,32099,0.5407422381698421,9056,0.15255807685180506,0.0059129731641987164,0.2103906605346945,0.049746466535267264,0,0,0,0,0,1,4,0,0,0,0,0,0
ACET,0.17122490224070275,0.34411465448255724,0.484660437473884,0.3135280681104296,0.3922601838958709,13.0,0.49999987500003124,48.63,0.16407646514785787,0.27512633442878726,0.5607972009231647,0.2492533093202047,0.35476399572775363,300,0.4642857087585035,52.86,0.08044913811825735,0.31249217394479484,0.6070586861392786,0.14008899214445397,0.35715812039367345,129,0.09999999750000006,47.5,0.0,0,0.02831657935721365,1,0.014158289678606824,1,0.02831657935721365,1,0.2690075038935296,1,3.950162820331304,1,0.0,0,0.04247486903582047,1,0.15574118646467505,1,0.16989947614328188,1,0.9769219878238709,1,1.1609797536457596,1,0.9486054084666572,1,0.48138184907263204,1,70630,3,28853,0.4085091320968427,33650,0.47642644768511966,8127,0.11506442021803766,0.005493416395299448,0.18483647175421208,0.07721931190712163,1,0,0,0,0,1,1,0,0,0,0,0,0
ACGL,0.10954486340528628,0.23796516972914583,0.652489966422808,0.18445064041261944,0.28967795816422515,61.0,0.3846153550295881,53.37,0.21772530782839347,0.1818197835911194,0.6004549067467451,0.2992741099116974,0.3024274989458894,145,1.199999952000002,60.8,0.08740860226556149,0.11140785575645347,0.8011835413531233,0.16049563444741155,0.22043273766675994,234,0.7222221820987677,60.82,0.04715720640709244,1,0.2672241696401905,1,0.6130436832922017,1,0.0,0,2.1063552195167956,1,1.3204017793985883,1,0.0,0,0.04715720640709244,1,0.2515051008378264,1,0.04715720640709244,1,0.424414857663832,1,1.0846157473631262,1,0.7073580961063867,1,0.14147161922127732,1,63617,3,26114,0.41048776270493736,17099,0.26878035745162454,20404,0.3207318798434381,0.03917191945549146,0.09774116981310027,0.15445557005203012,1,0,0,0,0,1,6,0,0,0,0,0,0
ACHC,0.06300367694348097,0.2103625123732184,0.7266338160424902,0.09400922821258531,0.24574366716802895,57.0,0.0,53.53,0.2262718995831286,0.26277008283572895,0.510958023412774,0.31261903879033454,0.3536066971412385,300,0.794871784681131,55.84,0.10933700150236586,0.2959253140262618,0.5947376904046989,0.1808650589618273,0.346552162876699,151,0.2749999931250002,49.59,0.0,0,0.0,0,0.0,0,0.4326462498841126,1,0.5253561605735654,1,9.580024104576779,1,0.0,0,0.09270991068945271,1,0.2472264285052072,1,0.1236132142526036,1,1.236132142526036,1,0.7416792855156217,1,1.993263079823233,1,0.8652924997682252,1,64718,3,9112,0.1407954510337155,18361,0.28370777836150685,37245,0.5754967706047777,0.033730955839179205,0.247489106585494,0.08099755863901852,0,0,0,0,0,1,2,0,0,0,0,0,0
ACHV,0.3917330391705036,0.03188398163765669,0.5763829737901688,0.4227695245593669,0.01949373321542213,5.0,2000000.0,76.64,0.165780590129092,0.08398731929100765,0.7502320903630657,0.2712660384221924,0.17553030623830315,262,2.92857121938777,65.34,0.0873352833623193,0.07055956959657,0.8421051463963489,0.19180765115124615,0.12994104474473,221,1.6666664814815022,63.47,0.022375369193591694,1,0.0,0,0.0,0,0.0,0,1.9578448044392733,1,2.2487246039559654,1,0.0,0,0.0,0,0.4586950684686298,1,0.4251320146782422,1,0.290879799516692,1,5.750469882753065,1,0.9062024523404636,1,0.145439899758346,1,89384,3,14462,0.16179629463886155,65680,0.7348071243175512,9242,0.10339658104358722,0.0018683433276649064,0.11706793162087174,0.09653853038575136,0,0,0,0,0,1,1,0,0,0,0,0,0
ACIW,0.0,0.0,0.0,0.0,0.0,0.0,0.0,0.0,0.15481994566680105,0.22656598329302613,0.618614067013065,0.23667181069630544,0.3451036037345541,54,0.4615384260355057,55.69,0.10254423548467458,0.12358311775606126,0.7738726408220827,0.155932628730841,0.24804236461997975,40,0.599999880000024,60.56,0.0,0,0.0,0,0.0,0,0.0,0,0.35560296928479357,1,3.378228208205538,1,0.0,0,0.0,0,0.044450371160599196,1,0.2667022269635952,1,0.4445037116059919,1,0.7112059385695871,1,1.5557629906209718,1,1.4668622482997733,1,22497,3,5347,0.23767613459572387,7956,0.3536471529537272,9194,0.408676712450549,0.0,0.10645863892963506,0.08823398675378939,0,0,0,0,0,1,4,0,0,0,0,0,0
ACLS,0.27640078781793515,0.13174870839963357,0.5918504973252614,0.33933693322467284,0.2823022623247309,15.0,1.9999990000005,66.11,0.31247554192404176,0.1820006731114435,0.5055237908593633,0.33816258915701475,0.30634778048293243,44,1.6249997968750256,64.11,0.09407569618806952,0.07788724365777203,0.8280370689573742,0.18225333398835117,0.16699401905758213,21,0.9999990000010001,63.23,0.07307270734380708,1,0.0,0,0.0,0,0.14614541468761416,1,0.6576543660942638,1,3.5805626598465476,1,0.0,0,0.0,0,0.07307270734380708,1,0.43843624406284254,1,0.14614541468761416,1,0.2922908293752283,1,0.7307270734380709,1,0.07307270734380708,1,13685,3,4851,0.3544757033248082,4314,0.31523565948118376,4520,0.33028863719400803,0.04873949579831933,0.1350383631713555,0.06430398246255024,1,0,0,0,0,1,1,0,0,0,0,0,0
ACMR,0.2832687350984832,0.12891191575379873,0.5878193347122181,0.29975782467380635,0.26036518101559,88.0,2.299999770000023,66.54,0.1897470975130358,0.34954419101533646,0.4607087123043397,0.30176777192509024,0.3928625304995831,170,0.48275861236623085,48.92,0.09567035371437668,0.3150354260469184,0.5892942253828926,0.20087814917981595,0.3599951429609427,170,0.16981131755072987,47.87,0.20828180528254728,1,0.0,0,0.13017612830159206,1,0.13017612830159206,1,0.2994050950936617,1,2.1479061169762685,1,0.0,0,0.0,0,0.09112328981111444,1,0.07810567698095523,1,0.5597573516968458,1,1.1976203803746468,1,1.4840078626381494,1,0.10414090264127364,1,76819,3,5720,0.07446074538851065,25964,0.3379892995222536,45135,0.5875499550892357,0.045418451164425465,0.08530441687603327,0.09116234264960492,1,0,0,0,0,0,0,0,0,0,0,0,0
ACN,0.35958267158518237,0.13526274434601268,0.5051545780152082,0.3147696641088838,0.25976934514629546,12.0,1.9999990000005,68.79,0.23429655960689372,0.3615485986855884,0.40415483854639417,0.307954854891961,0.3913472208914741,104,0.560975596073766,49.7,0.10139195623038255,0.34081090100959915,0.5577971360686681,0.1867658368187805,0.36919748839050737,92,0.21212120569329682,46.4,0.3302373581011352,1,0.1238390092879257,1,0.0412796697626419,1,0.1238390092879257,1,1.5686274509803921,1,4.169246646026831,1,0.0412796697626419,1,0.0825593395252838,1,0.0412796697626419,1,0.4953560371517028,1,0.8255933952528379,1,1.4035087719298245,1,1.9814241486068112,1,0.8255933952528379,1,24225,3,5372,0.2217543859649123,13008,0.5369659442724458,5845,0.2412796697626419,0.019195046439628483,0.1900515995872033,0.13238390092879257,1,0,0,0,0,1,1,0,0,0,0,0,0
ACNB,0.08073800663668208,0.11643288404930656,0.8028291176731993,0.13703576330862394,0.25605877012830386,82.0,0.24999996875000394,60.26,0.14251507271067257,0.10385386005030031,0.7536310678006112,0.25787201764907236,0.22095325374099034,267,1.999999888888895,63.24,0.08317520187710316,0.10319516352407661,0.8136296368923264,0.15791291481809033,0.20405752738886193,281,0.6999999650000017,61.2,0.0,0,0.47887998422512995,1,0.0,0,0.0,0,2.338061099452105,1,1.3662164255834588,1,0.0,0,0.7183199763376948,1,0.33803293004126816,1,0.45071057338835757,1,0.3802870462964267,1,3.6972351723263706,1,1.4225552472570036,1,0.18310117043902027,1,141998,3,70989,0.4999295764729081,70990,0.49993661882561724,19,0.00013380470147466867,0.01587346300652122,0.08532514542458344,0.09400132396230933,1,0,0,0,0,0,0,0,0,0,0,0,0
ACOR,0.04444766087600818,0.25834979281689113,0.6972025363491132,0.043211181010878785,0.34763551819539,13.0,0.0,49.76,0.13269436503450074,0.29872716512531045,0.5685784699271123,0.21849150975823542,0.3732206500597375,300,0.31111110765432104,50.23,0.059926888934269396,0.3478630070776208,0.5922101028839645,0.09639856986346028,0.3536328930266667,97,0.05882352768166096,44.49,0.0,0,0.0,0,0.0,0,0.015477719822315775,1,0.23216579733473663,1,3.730130477178102,1,0.0,0,0.03095543964463155,1,0.15477719822315777,1,0.1238217585785262,1,0.6345865127149468,1,0.7893637109381045,1,0.6964973920042099,1,0.32503211626863127,1,64609,3,21773,0.3369963936912814,26840,0.4154220000309554,15996,0.24758160627776316,0.00876038941943073,0.181600086675231,0.05753068457954774,1,0,0,0,0,1,1,0,0,0,0,0,0
ACRS,0.028484266251325607,0.1288318019360304,0.8426839232444763,0.005063802248468645,0.13076705565107538,5.0,0.0,57.62,0.12679984641003575,0.2400007797562975,0.6331993759225654,0.18481510841540097,0.3140309074305832,177,0.2926829196906605,53.84,0.08396332150071183,0.26734908132559876,0.6486875997348265,0.13311378094806306,0.3339326502513542,88,0.17391303591682453,50.56,0.0,0,0.0,0,0.0,0,0.06294190462203386,1,0.797264125212429,1,5.077313639510732,1,0.0,0,0.08392253949604515,1,0.08392253949604515,1,0.12588380924406772,1,0.9231479344564967,1,1.0280511088265532,1,1.7413926945429368,1,1.4266831714327675,1,47663,3,12560,0.2635167740175818,26053,0.5466084803726161,9050,0.18987474560980216,0.003440824119337851,0.1939030275056123,0.08876906615194176,0,0,0,0,0,0,0,0,0,0,0,0,0
ACRX,0.028564060106873512,0.1269654482603073,0.8444704413414001,0.0,0.0,1.0,0.0,57.75,0.19203712663147599,0.27054699102882296,0.5374158840826048,0.2704814448240589,0.3411867045945431,280,0.5263157825484766,54.14,0.11777401922904339,0.3398187163324316,0.5424072680822045,0.19588066965096565,0.36957781103412735,97,0.19999999428571447,47.03,0.0,0,0.0,0,0.0,0,0.0,0,0.5134742731683134,1,4.957682637487164,1,0.0,0,0.12394206593717907,1,0.12394206593717907,1,0.08853004709798505,1,0.8144764333014625,1,0.6728283579446864,1,1.487304791246149,1,0.9561245086582386,1,56478,3,16577,0.29351251814865964,30906,0.5472219271220652,8995,0.15926555472927512,0.0005311802825879103,0.2060448316158504,0.07420588547753107,0,0,0,0,0,1,1,0,0,0,0,0,0
ACT,0.1290152819827199,0.39283808283507826,0.47814664294322334,0.23525743583930142,0.3404563435181628,15.0,0.24999996875000394,43.98,0.19387406689910502,0.28030991085515117,0.5258160269640336,0.26245239155655153,0.36332338549797627,151,0.714285697278912,53.57,0.10200885526240754,0.21651634366455427,0.6814748015827857,0.1751856013033065,0.31018763215999035,169,0.2999999900000003,54.5,0.0,0,0.013265062478444273,1,0.11938556230599846,1,0.0,0,0.47754224922399385,1,1.9499641843313082,1,0.0,0,0.13265062478444273,1,0.2785663120473298,1,0.11938556230599846,1,0.9816146234048764,1,0.9948796858833205,1,1.2071206855384289,1,0.23877112461199693,1,75386,3,1203,0.015957870161568462,50506,0.6699652455363064,23677,0.31407688430212505,0.008993712360385217,0.09420847372191123,0.09217891916270926,0,0,0,0,0,1,2,0,0,0,0,0,0
ACTG,0.029897602275013924,0.02541203983128071,0.9446904063224792,0.0,0.0,1.0,0.0,64.39,0.2226657615185289,0.22476090463983306,0.5525733424129627,0.3049187282269262,0.3389520153445495,59,0.9999999166666736,58.18,0.2247806613970744,0.14859969668874615,0.6266196422736373,0.2715313805725113,0.28177151228072767,57,1.428571224489825,63.21,0.0,0,0.0,0,0.0,0,0.0,0,2.565657508046835,1,1.912581051453095,1,0.0,0,0.0,0,0.23324159164062136,1,0.23324159164062136,1,0.18659327331249706,1,0.4664831832812427,1,2.239119279749965,1,0.23324159164062136,1,21437,3,2204,0.10281289359518589,9379,0.43751457759947754,9854,0.45967252880533654,0.0009796146848906097,0.12679012921584176,0.14834165228343518,0,0,0,0,0,1,1,0,0,0,0,0,0
ACVA,0.18260102594892183,0.3267343795547883,0.49066455475986004,0.12250732962877926,0.44934798222042727,3.0,0.0,50.15,0.22839915032752536,0.26517758006229997,0.5064232633872465,0.3008148346533271,0.35185409211652685,66,0.9444443919753115,55.76,0.14871411161815248,0.23679213238334873,0.6144937575090585,0.2052791694526108,0.33978462127560194,82,0.5555555246913597,54.81,0.0,0,0.02481759070829404,1,0.0,0,0.0,0,0.5211694048741748,1,1.5386906239142304,1,0.0,0,0.04963518141658808,1,0.27299349779123444,1,0.2978110884995285,1,0.42189904204099865,1,1.240879535414702,1,1.3897850796644662,1,0.4467166327492927,1,40294,3,4755,0.11800764381793816,25066,0.6220777286940984,10473,0.25991462748796346,0.0017868665309971707,0.05921477142998958,0.07432868417134064,0,0,0,0,0,0,0,0,0,0,0,0,0
ACXP,0.025945689928318773,0.5250069395239864,0.4490473674876349,0.01314866567811852,0.3632872331320192,7.0,0.0,31.78,0.16217038453822688,0.26512097331828305,0.5727086384115475,0.23709884986591587,0.32568235614471946,140,0.44444443209876583,53.44,0.08210096579339159,0.2947335879465467,0.623165438000701,0.1918317392787073,0.327393858759208,38,0.16666665277777895,48.72,0.0,0,0.05458217346214726,1,0.0,0,0.0818732601932209,1,0.6004039080836199,1,5.021559958517549,1,0.0,0,0.21832869384858905,1,0.1910376071175154,1,0.6004039080836199,1,0.7095682550079144,1,1.3918454232847552,1,1.473718683477976,1,0.8733147753943562,1,36642,3,13422,0.36630096610447027,18480,0.5043392827902408,4740,0.12935975110528902,0.0075050488510452484,0.17864745374160798,0.053326783472517875,0,0,0,0,0,0,0,0,0,0,0,0,0
ADAP,0.02808256944020589,0.05989592925955852,0.9120214978853861,0.009452391375490296,0.03172786789709997,3.0,0.0,62.09,0.21101277868771728,0.1458664318127046,0.6431207893818836,0.27001755880020034,0.26142162849805994,273,1.3823529005190325,62.9,0.07238309783861041,0.30745290908962486,0.6201639952448507,0.12419670519438195,0.33788155879408655,60,0.11111110493827195,47.55,0.0,0,0.015920271281422635,1,0.0,0,0.0,0,0.4298473245984112,1,3.741263751134319,1,0.0,0,0.047760813844267905,1,0.03184054256284527,1,0.11144189896995844,1,0.5412892235683696,1,0.4457675958798338,1,0.7323324789454412,1,0.5094486810055243,1,62813,3,12539,0.1996242815977584,41425,0.6594972378329327,8849,0.1408784805693089,0.0019104325537707162,0.20019741136388963,0.044688201486953336,1,0,0,0,0,1,4,0,0,0,0,0,0
ADBE,0.05935845213631789,0.6463885622409483,0.2942529944702983,0.0699217807640254,0.3118439197306175,6.0,0.0,25.06,0.23723584903803255,0.25813840292726775,0.5046257529141648,0.27548188998899703,0.361602576489856,140,0.6842105083102499,56.52,0.12428936375112369,0.1824191561097215,0.6932914896771826,0.21350454754113196,0.30506002881355293,87,0.47058820761245834,57.49,0.0,0,0.0,0,0.1277057659153311,1,0.0,0,0.9258668028861503,1,4.788966221824916,1,0.0,0,0.3192644147883277,1,0.2234850903518294,1,0.2234850903518294,1,0.38311729774599323,1,0.5746759466189899,1,1.117425451759147,1,0.3192644147883277,1,31322,3,11884,0.3794138305344486,11707,0.37376285039269525,7731,0.24682331907285615,0.013185620330757934,0.21269395313198391,0.11870250941830024,0,0,0,0,0,0,0,0,0,0,0,0,0
ADES,0.17842821627318,0.2032301890072771,0.6183415907256019,0.26092783461413954,0.3104401557737709,104.0,0.7142856802721105,58.04,0.18771599615865853,0.28104268116294406,0.5312413224892225,0.2840278454694677,0.3674737208586736,64,0.7058823114186875,53.3,0.11023460657281034,0.2616691277636325,0.628096266375745,0.19529191252144512,0.34470059462584096,34,0.24999996875000394,51.85,2.315963606286187,1,0.8271298593879239,1,0.1654259718775848,1,0.6203473945409429,1,2.5641025641025643,1,2.2332506203473947,1,0.0,0,0.0413564929693962,1,0.12406947890818859,1,0.12406947890818859,1,0.3308519437551696,1,0.20678246484698098,1,2.1918941273779984,1,0.0,0,24180,3,5684,0.23507030603804796,7143,0.29540942928039704,11353,0.469520264681555,0.17224979321753514,0.14971050454921422,0.07952853598014889,1,0,0,0,0,0,0,0,0,0,0,0,0
ADI,0.2613621168528442,0.09690129330933646,0.6417365838532094,0.2539934076952794,0.20030110032703924,27.0,2.99999850000075,67.85,0.21338644732911421,0.34070794271325233,0.44590561476445967,0.28891286802445015,0.39831925223386255,93,0.5428571273469392,50.32,0.1428428562178921,0.20605809861220992,0.6510990402804544,0.22922079784683547,0.3181451464050311,52,0.5555554938271674,56.61,0.12460024089379906,1,0.20766706815633176,1,0.12460024089379906,1,0.04153341363126636,1,0.830668272625327,1,5.150143290277027,1,0.0,0,0.04153341363126636,1,0.3738007226813972,1,0.20766706815633176,1,0.9968019271503925,1,1.2044689953067242,1,0.9552685135191261,1,0.0,0,24077,3,6482,0.2692195871578685,9407,0.3907048220293226,8188,0.3400755908128089,0.05395190430701499,0.18328695435477843,0.11251401752710055,1,0,0,0,0,1,1,0,0,0,0,0,0
ADIL,0.05818590016237327,0.4391402733911361,0.5026738247168916,0.042955544884792675,0.42775995416468987,7.0,0.0,38.49,0.1856133043834754,0.2565469715496821,0.5578397244517433,0.267909754670444,0.34420614158014956,271,0.5972222139274693,54.82,0.14208837980576963,0.3153522219552003,0.5425594000628701,0.2570437989482965,0.3698902914558211,108,0.2972972892622354,49.48,0.016423057973394644,1,0.016423057973394644,1,0.0,0,0.0,0,0.8375759566431269,1,4.401379536869765,1,0.0,0,0.09853834784036787,1,0.34488421744128755,1,0.22992281162752504,1,0.8868451305633108,1,1.0346526523238628,1,1.2809985219247824,1,0.8868451305633108,1,60890,3,26927,0.4422236820495976,27031,0.44393168007883066,6932,0.11384463787157169,0.006273608145836755,0.17326326161931352,0.06306454261783544,0,0,0,0,0,0,0,0,0,0,0,0,0
ADM,0.3398262535651716,0.14285360022973365,0.5173201413156513,0.34362308856004875,0.2732049420109537,78.0,2.076922917159776,67.61,0.3658689055902263,0.14728029605725573,0.48685079434265693,0.363968356675429,0.290393299013273,90,2.6153844142011993,68.23,0.2583590771491621,0.10785201536126289,0.6337889065491218,0.3080477974567282,0.2585982169106074,51,2.599999480000104,67.03,2.3451657605798957,1,0.6395906619763352,1,0.6928898838076964,1,0.21319688732544506,1,2.451764204242618,1,4.530433855665707,1,0.053299221831361265,1,0.10659844366272253,1,0.5329922183136127,1,0.1598976654940838,1,1.1725828802899478,1,0.9593859929645027,1,1.652275876772199,1,0.053299221831361265,1,18762,3,6176,0.32917599403048714,4623,0.24640230252638312,7963,0.42442170344312974,0.17929858224069928,0.2161283445261699,0.1298902036030274,1,0,0,0,0,1,1,0,0,0,0,0,0
ADMA,0.0978694219873952,0.22564854855383082,0.6764820244695459,0.14424164085155894,0.3075342151255234,28.0,0.16666663888889352,53.76,0.18543121207681462,0.25180174133879696,0.5627670380814866,0.2734524713281677,0.3344425497219799,254,0.608695643352237,55.12,0.1627180700749159,0.266299948990345,0.5709819797053933,0.2383008683956085,0.34615516112019973,100,0.4482758466111777,53.39,0.09683166782864668,1,0.038732667131458676,1,0.0,0,0.1549306685258347,1,0.3873266713145867,1,5.1514447284840035,1,0.0,0,0.1549306685258347,1,0.038732667131458676,1,0.05809900069718801,1,1.1619800139437602,1,1.2200790146409481,1,1.2394453482066776,1,0.5228910062746921,1,51636,3,20492,0.39685490742892554,22372,0.43326361453249673,8772,0.16988147803857773,0.01690680920288171,0.19854365171585717,0.07417305755674336,1,0,0,0,0,1,1,0,0,0,0,0,0
ADMP,0.045349126478487795,0.3525317394936627,0.6021191265434027,0.12363488456896762,0.34175536681268065,55.0,0.045454543388429844,43.67,0.12817063639250895,0.22203321366260448,0.6497961541513602,0.20441851376406434,0.3209765209180579,300,0.3968253905265811,55.05,0.12578880902322218,0.25149010849620385,0.6227210861159683,0.22863729378718498,0.34050043492763726,259,0.40983605885514657,53.06,0.0,0,0.6442993718081125,1,0.0,0,0.056849944571304045,1,0.39794961199912826,1,4.367970741228527,1,0.0,0,0.018949981523768016,1,0.24634975980898421,1,0.12317487990449211,1,1.326498706663761,1,1.080148946854777,1,1.9992230507575255,1,1.0706739560928928,1,105541,3,17743,0.16811476108810794,36503,0.3458655877810519,51295,0.48601965113084017,0.02475815086080291,0.16258136648316768,0.11005201769928274,1,0,0,0,0,1,3,0,0,0,0,0,0
ADN,0.36411800880271655,0.0828821931186562,0.552999798530856,0.3303401164131101,0.21394908640812454,104.0,4.749999406250074,72.36,0.2322350710842617,0.1873757450758845,0.5803891927051016,0.3094823613948507,0.314877052409762,79,1.3076922071005996,60.95,0.1403664088674954,0.2613512090008174,0.5982823881187609,0.21598218571580763,0.3140403861576505,35,0.22222219753086697,52.92,1.4276053798181683,1,0.5259598767751146,1,0.0751371252535878,1,0.0,0,0.9767826282966413,1,2.1789766323540465,1,0.0,0,0.0375685626267939,1,0.8265083777894657,1,1.0143511909234353,1,0.375685626267939,1,0.9016455030430536,1,0.48839131414832065,1,0.0375685626267939,1,26618,3,6798,0.25539108873694494,10271,0.3858667067398001,9549,0.35874220452325495,0.12506574498459688,0.1089488316177023,0.060335111578631,1,0,0,0,0,1,3,0,0,0,0,0,0
ADP,0.023100577294826508,0.5764450430870056,0.4004543721675873,0.0,0.0,1.0,0.0,28.34,0.3015918826960303,0.07160302671362405,0.6268050909180332,0.3162275419512105,0.19742837340495675,135,3.7777773580247382,70.9,0.28870249362767075,0.13054817556037326,0.5807493294097399,0.30070190904861915,0.27777724695014466,89,1.8333331805555684,66.62,0.0,0,0.0,0,0.0,0,0.0,0,1.3243153762474578,1,8.6553469233316,1,0.0,0,0.09459395544624699,1,0.09459395544624699,1,0.33107884406186444,1,2.7432247079411627,1,1.3243153762474578,1,1.135127465354964,1,0.283781866338741,1,21143,3,8335,0.3942203093222343,5021,0.23747812514780306,7787,0.3683015655299626,0.004918885683204843,0.27692380456888804,0.20247836163269167,0,0,0,0,0,0,0,0,0,0,0,0,0
ADSK,0.4615192372351885,0.04843623513976733,0.4900445277492205,0.28990686583711445,0.15282634028713465,30.0,6.99999650000175,78.0,0.2767183739463535,0.19073623298438933,0.532545385970119,0.2922098259044506,0.3085121739226472,106,1.2380951791383248,62.29,0.17963254164039558,0.2871037411220771,0.5332637157490743,0.2510699218497417,0.33651724800015914,56,0.5294117335640156,52.63,0.4816955684007707,1,0.12042389210019268,1,0.15052986512524083,1,0.03010597302504817,1,0.6322254335260116,1,3.4922928709055876,1,0.0,0,0.15052986512524083,1,0.03010597302504817,1,0.3913776493256262,1,0.6021194605009633,1,0.722543352601156,1,1.2945568400770713,1,0.24084778420038536,1,33216,3,6683,0.20119821772639693,13971,0.420610549132948,12562,0.3781912331406551,0.033477842003853564,0.13683164739884393,0.08959537572254335,1,1,1,0,0,1,1,0,0,0,0,0,0
ADTN,0.08038865078828837,0.27050747496909217,0.6491038701251933,0.09362714951278664,0.36079768473787427,19.0,0.0,50.23,0.21478572860001943,0.34349576625614786,0.44171850668409696,0.29252123350351755,0.4137525347422602,130,0.599999986666667,50.19,0.15067107376971228,0.1479805839549312,0.7013483410701156,0.2346381839045229,0.26898390450576115,68,0.99999990000001,60.65,0.0,0,0.0,0,0.06302984463143299,1,0.06302984463143299,1,0.7563581355771958,1,3.6872459109388296,1,0.0,0,0.06302984463143299,1,0.34666414547288144,1,0.12605968926286598,1,0.5672686016828968,1,0.7248432132614793,1,0.9454476694714947,1,0.09454476694714947,1,31731,3,7063,0.2225898963159056,14008,0.4414610317985566,10660,0.3359490718855378,0.01878289370016703,0.1310705619110649,0.07535217925687814,1,0,0,0,0,1,2,0,0,0,0,0,0
ADTX,0.02043299935758114,0.04348296858370304,0.9360840022563934,0.0006097760051488876,0.010964440181851387,2.0,0.0,62.89,0.2139555895502897,0.20997430022528513,0.5760701006436919,0.26060285570275665,0.33103951071492993,94,0.9499999525000024,58.84,0.13984588173258564,0.354229637765852,0.5059244806432853,0.2356611559236975,0.354227553183411,46,0.4117646816609011,46.87,0.0,0,0.07043245527539091,1,0.0,0,0.0,0,0.4225947316523454,1,2.7116495281025497,1,0.0,0,0.17608113818847726,1,0.10564868291308635,1,0.14086491055078182,1,1.2325679673193406,1,0.9156219185800817,1,1.1621355120439498,1,0.28172982110156364,1,28396,3,7558,0.2661642484857022,14414,0.5076067051697423,6424,0.22622904634455557,0.002993379349204113,0.1214959853500493,0.06208620932525708,0,0,0,0,0,0,0,0,0,0,0,0,0
ADUS,0.09815236284501022,0.17778871953487396,0.7240589161713918,0.18942099996210637,0.19623625727601193,9.0,0.9999990000010001,56.88,0.21230978844997783,0.24428673241442692,0.5434034769485394,0.2901352996354902,0.3443775818328342,300,0.7777777669753089,56.55,0.166205804411541,0.26808443068362336,0.5657097666579134,0.2565200805283763,0.35632276477102925,68,0.49999997222222375,53.39,0.0,0,0.0,0,0.1388079176036201,1,0.027761583520724022,1,0.19433108464506815,1,10.854779156603094,1,0.0,0,0.49970850337303235,1,0.0,0,0.16656950112434413,1,0.8883706726631687,1,1.2492712584325811,1,0.9438938397046167,1,0.6662780044973765,1,36021,3,8441,0.23433552649843148,13014,0.36128924793870243,14566,0.4043752255628661,0.011410010827017572,0.2868049193525999,0.06471225118680769,1,0,0,0,0,1,1,0,0,0,0,0,0
ADV,0.013591094873845577,0.6650815680623055,0.32132732681930065,0.002762369237646415,0.23884677569932872,4.0,0.0,22.25,0.1261856210620507,0.3389220744938306,0.5348923061366962,0.2283927919922869,0.37854569606745114,115,0.33333332478632505,47.39,0.11945264594335304,0.2506139961512465,0.629933353533086,0.19798270666210088,0.3301697524019772,95,0.38095236281179223,52.89,0.0,0,0.07341604874825637,1,0.0,0,0.0,0,1.3459608937180334,1,2.251425494946529,1,0.0,0,0.048944032498837574,1,0.2691921787436067,1,0.2691921787436067,1,0.6607444387343073,1,1.61515307246164,1,1.5662090399628024,1,0.464968308738957,1,40863,3,3538,0.08658199349044368,20953,0.5127621564740719,16372,0.40065585003548443,0.004380490908645963,0.12116095245087243,0.09203925311406407,0,0,0,0,0,0,0,0,0,0,0,0,0
ADVM,0.04424152406863868,0.14473963936325163,0.8110188376158476,0.05272183425444053,0.3002133978490235,8.0,0.0,57.14,0.14088625830248439,0.2533250181220535,0.6057887263517465,0.2177592051513665,0.3123609705462453,237,0.41666665972222233,53.46,0.1219691523550966,0.34353345840577487,0.5344973834771141,0.2059147512539135,0.3560780886323227,107,0.25641024983563465,46.94,0.0,0,0.0,0,0.0,0,0.12372737556561085,1,0.26513009049773756,1,5.620757918552036,1,0.0,0,0.08837669683257918,1,0.08837669683257918,1,0.12372737556561085,1,1.1312217194570138,1,0.7070135746606334,1,1.7145079185520362,1,0.6893382352941176,1,56576,3,19452,0.34382070135746606,32816,0.5800339366515838,4308,0.07614536199095022,0.004595588235294118,0.22012867647058823,0.09839861425339366,1,0,0,0,0,1,3,0,0,0,0,0,0
AEE,0.2550670747462261,0.21944563303841277,0.5254872953918364,0.30300733276446135,0.3345554065754981,280.0,1.1803278495028222,59.66,0.24148712032295477,0.20719314499561173,0.5513197314710572,0.31741401262188296,0.3212984723467507,104,1.0909090413223161,59.98,0.23635753498723108,0.22555339513346553,0.5380890658125281,0.30309199875796955,0.33683396637363155,60,0.9999999285714337,58.61,1.6196422703159477,1,3.1453922351063333,1,0.3051499929580771,1,0.21125768743251488,1,1.29101920097648,1,3.5679076099713627,1,0.0,0,0.18778461105112437,1,0.28167691657668653,1,0.5633538331533731,1,0.8919769024928407,1,0.21125768743251488,1,0.8450307497300595,1,0.0,0,42602,3,8719,0.20466175296934416,10036,0.2355757945636355,23847,0.5597624524670203,0.3048917891178818,0.12297544716210507,0.08727289798601004,1,0,0,0,0,0,0,0,0,0,0,0,0
AEHR,0.03900797864688294,0.2759849707196866,0.6850070580840111,0.035230380258009425,0.40179159931861413,7.0,0.0,48.43,0.1391331372782588,0.23661790436340702,0.6242489595380094,0.24359239775833133,0.3554661580490812,45,0.5555554938271674,54.49,0.0920826600783545,0.27051668680961366,0.6374006500548642,0.18716796533467617,0.338005361106913,23,0.199999960000008,50.64,0.0,0,0.0,0,0.0,0,0.0,0,0.42779441422722,1,3.116787875084031,1,0.0,0,0.12222697549349142,1,0.0,0,0.06111348774674571,1,0.18334046324023712,1,0.36668092648047423,1,0.9778158039479313,1,0.0,0,16363,3,5719,0.3495080364236387,5412,0.33074619568538777,5232,0.31974576789097353,0.013994988694004767,0.08396993216402861,0.05536881989855161,1,0,0,0,0,0,0,0,0,0,0,0,0
AEI,0.19319414569494817,0.015590040747506114,0.7912158132172548,0.24639718115891823,0.007782007813971004,26.0,4000000.0,70.75,0.16777064255128304,0.20292207162827253,0.629307285733521,0.2533055286409252,0.33201678354666214,150,0.6666666444444451,57.68,0.1052158759722923,0.1702127743822833,0.7245713542043059,0.18262737095380221,0.285036153163101,81,0.4999999583333368,57.62,0.0,0,0.23051433511021466,1,0.0,0,0.0,0,2.017000432214378,1,3.284829275320559,1,0.028814291888776832,1,0.11525716755510733,1,0.31695721077654515,1,0.2593286269989915,1,0.7779858809969745,1,2.305143351102147,1,0.691543005330644,1,0.20170004322143784,1,34705,3,8858,0.2552369975507852,11951,0.3443596023627719,13896,0.4004034000864429,0.019968304278922346,0.14049848724967584,0.09468376314652067,1,0,0,0,0,1,1,0,0,0,0,0,0
AEIS,0.35237355539048054,0.07019470299084513,0.5774317385874829,0.33286732075831454,0.1962758276799043,53.0,5.666664777778407,72.77,0.2833314964082092,0.33709043472772465,0.37957806354388596,0.3291209391131026,0.4064110953630073,80,0.8518518203017844,53.01,0.22132970097785196,0.21002417214266542,0.5686461297381256,0.29615693916802655,0.3183111972484248,36,0.8888887901234679,59.09,0.2292105986980838,1,0.2292105986980838,1,0.0,0,0.04584211973961676,1,0.7334739158338681,1,4.3091592555239755,1,0.0,0,0.13752635921885029,1,0.04584211973961676,1,0.2292105986980838,1,0.5959475566150179,1,0.41257907765655083,1,1.1918951132300357,1,0.09168423947923351,1,21814,3,5027,0.23044833593105346,9492,0.4351334005684423,7295,0.33441826350050424,0.08755844870266802,0.13940588612817456,0.06711286329879894,1,0,0,0,0,1,1,0,0,0,0,0,0
AEP,0.18126220125502543,0.2374901452668659,0.5812476518887865,0.26354202669438803,0.34887760798602535,92.0,0.7619047256235845,55.91,0.09141274057783005,0.45714315778871134,0.45144411730693607,0.18437422777855045,0.42198067458939387,41,0.15789472853185638,38.49,0.024530925196469634,0.42177649549636487,0.553692578262574,0.015817728629970492,0.40724021885678074,37,0.0,38.44,0.8330663248958667,1,2.6914450496635696,1,0.44857417494392826,1,0.32041012495994875,1,0.3844921499519385,1,2.3710349247036206,1,0.0,0,0.0,0,0.06408202499198974,1,1.0893944248638259,1,0.9612303748798462,1,0.12816404998397948,1,1.4738865748157641,1,0.3844921499519385,1,15605,3,6833,0.4378724767702659,8627,0.5528356296058955,145,0.009291893623838513,0.20474206984940724,0.1169496956103813,0.0824735661646908,1,0,0,0,0,0,0,0,0,0,0,0,0
AERI,0.22433920346555256,0.08228521359463532,0.6933755910112744,0.2641901821480909,0.16763589466004333,21.0,3.9999960000040002,67.5,0.19225915239934446,0.187817861529667,0.6199229885524107,0.27007257234521714,0.29722906804771887,295,0.9074073906035669,59.52,0.12258132227491271,0.19610575579454081,0.6813129211886454,0.21317807121309876,0.3058296696488858,118,0.47619045351474026,56.54,0.13740877584048367,1,0.15267641760053743,1,0.01526764176005374,1,0.07633820880026872,1,0.6870438792024184,1,5.358942257778864,1,0.0,0,0.18321170112064492,1,0.16794405936059115,1,0.07633820880026872,1,0.6717762374423646,1,0.8549879385630095,1,1.2824819078445144,1,0.5496351033619347,1,65498,3,25511,0.389492808940731,29713,0.45364743961647686,10274,0.15685975144279216,0.01322177776420654,0.21854102415340926,0.08649119057070445,1,0,0,0,0,1,2,0,0,0,0,0,0
AES,0.11556842005712555,0.4732439186859955,0.4111876581062345,0.22066885465064884,0.40161097482741404,94.0,0.1568627420222992,38.28,0.10532103048637509,0.4485351398028433,0.44614383243024347,0.21277414944593964,0.36816867338235454,50,0.15999999360000025,39.53,0.056536181073170155,0.2734304809710011,0.6700333373155445,0.044072771596370595,0.32969643140552396,16,0.0,49.21,2.706999527349289,1,4.0390151677910024,1,0.21484123232930863,1,0.08593649293172347,1,2.1484123232930865,1,1.0312379151806814,1,0.0,0,0.08593649293172347,1,0.12890473939758518,1,0.25780947879517035,1,0.38671421819275553,1,0.12890473939758518,1,1.7616981051003309,1,0.04296824646586173,1,23273,3,33,0.001417952133373437,12652,0.5436342542860826,10588,0.454947793580544,0.19069307781549436,0.12198685171658144,0.03557770807373351,0,0,0,0,0,0,0,0,0,0,0,0,0
AESE,0.07999632121728999,0.17461774085781404,0.7453859150409698,0.08363180990216271,0.2928741673403176,7.0,0.0,56.45,0.19944831773818258,0.2832361651382532,0.5173155177743679,0.26776099468999615,0.38154517332764265,83,0.6521738846880919,53.57,0.14546608681609827,0.22700524332919228,0.6275286634466541,0.2226000241994835,0.33008685787991837,67,0.37499997656250145,55.34,0.0,0,0.02829174446896396,1,0.0,0,0.0,0,0.7072936117240989,1,1.7257964126068013,1,0.0,0,0.36779267809653143,1,0.45266791150342334,1,0.42437616703445935,1,0.33950093362756745,1,1.0185028008827026,1,0.9619193119447744,1,0.11316697787585583,1,35346,3,8076,0.2284841283313529,17316,0.48989984722457985,9954,0.28161602444406725,0.013410286878288916,0.09245742092457421,0.07036156849431335,0,0,0,0,0,1,2,0,0,0,0,0,0
AEYE,0.020173825323581696,0.05283854156732559,0.9269876480102539,0.0,0.0,1.0,0.0,62.27,0.13001331793410437,0.1968221362635848,0.6731645386843454,0.20499194205741855,0.2640364257999989,42,0.57142848979593,56.76,0.17544234674128276,0.16529691140980474,0.659260736127931,0.23272578113795833,0.285627890595692,63,0.7777776913580343,60.4,0.0,0,0.0,0,0.0,0,0.058230943923601,1,0.757002271006813,1,1.9216211494788331,1,0.0,0,0.0,0,0.407616607465207,1,0.0,0,1.9216211494788331,1,1.572235485937227,1,3.0862400279508533,1,0.291154719618005,1,17173,3,2176,0.12671053397775578,11144,0.6489256390846095,3853,0.22436382693763465,0.004309089850346474,0.12403191055727013,0.17812845746229547,0,0,0,0,0,1,2,0,0,0,0,0,0
AFBI,0.1674743010662496,0.10210164776071906,0.7304240688681602,0.19193791198022364,0.12207615664291425,4.0,1000000.0,64.22,0.11945394777533848,0.14483920061143069,0.7357068563493468,0.2118901357819854,0.26361554325662345,82,0.41666663194444736,59.77,0.05626439672420945,0.09319849199566402,0.8505371087149047,0.08284182012037683,0.18685473887271478,57,0.24999993750001562,60.91,0.0,0,0.10798358649485278,1,0.0719890576632352,1,0.0,0,1.0798358649485278,1,1.2958030379382335,1,0.0,0,1.2958030379382335,1,0.46792887481102874,1,0.17997264415808795,1,0.4319343459794111,1,0.46792887481102874,1,0.25196170182132316,1,0.0,0,27782,3,18337,0.6600316751853719,15,0.0005399179324742639,9430,0.3394284068821539,0.0035994528831617594,0.10082067525736088,0.08537902238859693,1,0,0,0,0,1,1,0,0,0,0,0,0
AFCG,0.06938365829410031,0.42052404407877475,0.5100923189893365,0.13626354915273683,0.28929741167220013,16.0,0.199999960000008,40.09,0.12801500174180908,0.1798030384764775,0.6921819652950402,0.2337988711211482,0.2879436584646457,181,0.5666666477777784,57.79,0.07186549073333069,0.14191101343431173,0.786223498360739,0.12427130873235166,0.2367070453240955,263,0.22222221399176983,58.29,0.0,0,0.011419435879867535,1,0.0,0,0.011419435879867535,1,1.9527235354573484,1,0.9021354345095353,1,0.0,0,0.05709717939933767,1,0.44535799931483383,1,1.7585931254996001,1,0.5823912298732443,1,0.6509078451524495,1,1.0391686650679457,1,0.30832476875642345,1,87570,3,14051,0.16045449354801872,54333,0.6204522096608428,19186,0.2190932967911385,0.0058924289140116475,0.10255795363709033,0.1451981272125157,1,0,0,0,0,0,0,0,0,0,0,0,0
AFIB,0.031526562927121464,0.4117662401192568,0.5567072013562376,0.025038554039315625,0.3624483315775349,11.0,0.0,39.34,0.10372645411446196,0.338816776167672,0.5574567703556675,0.19401804511250667,0.3561839409876198,211,0.22058823205017306,46.61,0.07766624133623505,0.37814134256756404,0.5441924205712848,0.14195099017057733,0.3546358620879818,118,0.08695651984877131,43.14,0.0,0,0.0,0,0.0,0,0.0505671953747872,1,0.37082609941510614,1,4.955585146729145,1,0.0,0,0.016855731791595732,1,0.21912451329074453,1,0.2022687814991488,1,1.2978913479528713,1,1.6687174473679773,1,2.2418123282822324,1,0.9270652485377653,1,59327,3,10767,0.18148566420011125,39106,0.6591602474421427,9454,0.15935408835774606,0.009338075412544035,0.19476798085188868,0.10673049370438417,1,0,0,0,0,1,2,0,0,0,0,0,0
AFL,0.046594668603078884,0.3997578549791466,0.5536474876783111,0.041242624049100084,0.3955641104690381,11.0,0.0,40.65,0.1625385789014399,0.1905643819551915,0.6468970320249597,0.23398347900998923,0.3200519710626602,150,0.5599999776000009,58.3,0.06792277076209967,0.22320634068157047,0.7088708879473882,0.1363034823626183,0.2942908945503084,78,0.16666665277777895,52.87,0.0,0,0.07127583749109052,1,0.21382751247327156,1,0.0,0,0.6414825374198146,1,7.51960085531005,1,0.0,0,0.03563791874554526,1,0.14255167498218105,1,0.07127583749109052,1,0.5702066999287242,1,0.7483962936564504,1,1.4967925873129009,1,0.14255167498218105,1,28060,3,6658,0.23727726300784036,12030,0.4287241625089095,9372,0.33399857448325015,0.018674269422665715,0.18114754098360655,0.1083392729864576,0,0,0,0,0,1,12,0,0,0,0,0,0
AFRM,0.04531236696574423,0.18658080976456404,0.7681068380673727,0.028227802985526452,0.27665061724184514,9.0,0.0,54.46,0.1785077894694711,0.27111193107833204,0.5503802786140065,0.2871001866020353,0.34846859190362567,95,0.5769230547337286,53.63,0.15481451526284218,0.3205025857355676,0.5246829006128606,0.2803971576143015,0.3667572232891328,113,0.39473683171745183,49.59,0.0,0,0.01797882094892217,1,0.0,0,0.0,0,0.8270257636504198,1,1.690009169198684,1,0.0,0,0.01797882094892217,1,0.2337246723359882,1,0.14383056759137736,1,1.0068139731396415,1,1.276496287373474,1,2.0495855881771274,1,0.8629834055482641,1,55621,3,8754,0.15738659858686468,30375,0.5461066863235109,16492,0.2965067150896244,0.008773664623074018,0.08897718487621582,0.12088959206055266,0,0,0,0,0,1,3,0,0,0,0,0,0
AGEN,0.01937648296977083,0.4773783969382445,0.5032451512912909,0.00492436158935027,0.3850859307555271,6.0,0.0,34.65,0.19331733886829833,0.3224764343503524,0.484206227497621,0.27812553319011496,0.37003503807904103,275,0.49999999479166674,50.81,0.08553683486767114,0.38041522437240927,0.5340479357726872,0.15276450479874285,0.3719018996920016,100,0.12195121653777521,43.27,0.0,0,0.0,0,0.0,0,0.017126806878125643,1,0.3596629444406385,1,3.750770706309516,1,0.0,0,0.05138042063437692,1,0.2055216825375077,1,0.10276084126875384,1,0.9077207645406591,1,0.5994382407343974,1,1.3358909364938,1,0.6336918544906487,1,58388,3,7522,0.12882784133726108,45134,0.7730013016373227,5732,0.09817085702541618,0.0031855860793313694,0.1798657258340755,0.060817291224224156,0,0,0,0,0,0,0,0,0,0,0,0,0
AGFS,0.37465163942426444,0.15878000134602188,0.46656836092472076,0.3553555889346545,0.2874565415561414,50.0,2.6249996718750412,67.79,0.2634087696357013,0.31828656851906667,0.41830465693462204,0.34239000117908486,0.3835768406413907,77,0.8518518203017844,53.53,0.07715611928739609,0.23772475371758142,0.6851191211205262,0.1549944319681042,0.32942022854006486,39,0.24999996875000394,52.25,0.16026925234393782,1,0.3606058177738601,1,0.0,0,1.0016828271496114,1,0.4006731308598445,1,2.3639714720730827,1,0.0,0,0.0,0,0.6410770093757513,1,0.12020193925795336,1,0.48080775703181344,1,1.242086705665518,1,1.0818174533215803,1,0.12020193925795336,1,24958,3,6448,0.2583540347784278,11910,0.4772016988540748,6600,0.2644442663674974,0.07131981729305233,0.134065229585704,0.0719208269893421,1,1,2,0,0,1,2,0,0,0,0,0,0
AGFY,0.1380554105465611,0.03137583109006906,0.8305687618752321,0.1409510423171216,0.09993641141277776,48.0,1.9999980000020001,67.79,0.21468604844016562,0.2121244644699227,0.5731894895590904,0.3147620158623494,0.33002272682032135,119,1.0454544979338865,58.73,0.14182556358146223,0.22622782111346246,0.6319466153397522,0.26180063299496714,0.33042362453212054,94,0.5714285442176883,55.26,0.27338588417551374,1,0.04556431402925229,1,0.0,0,0.0,0,0.774593338497289,1,2.0959584453456053,1,0.0,0,0.022782157014626145,1,0.13669294208775687,1,0.31895019820476606,1,0.5012074543217753,1,1.4808402059506993,1,1.1846721647605594,1,0.13669294208775687,1,43894,3,9988,0.22754818426208592,24648,0.5615346060965052,9258,0.21091720964140884,0.03296578120016403,0.10785073130724017,0.10069713400464755,1,0,0,0,0,1,4,0,0,0,0,0,0
AGIL,0.07607468869537115,0.37275700317695737,0.5511682629585266,0.053580641959203985,0.36852904314755436,4.0,0.0,43.43,0.17541488593174406,0.30511437364958366,0.5194707431038407,0.2704849221191681,0.3713738043787288,214,0.5156249919433595,51.31,0.10082926822475868,0.38572994077873257,0.5134407921445252,0.20765719536383623,0.35775373463079796,101,0.24999999305555576,43.46,0.0,0,0.03759539832324523,1,0.0,0,0.0,0,1.1090642505357344,1,5.000187976991617,1,0.0,0,0.05639309748486786,1,0.4135493815556976,1,0.13158389413135832,1,0.6203240723335464,1,1.0526711530508666,1,1.5790067295763,1,0.28196548742433925,1,53198,3,5543,0.10419564645287417,35494,0.6672055340426332,12161,0.22859881950449265,0.0046430316929207864,0.20081582014361443,0.11235384788901838,0,0,0,0,0,1,10,0,0,0,0,0,0
AGIO,0.03530188649892807,0.24114736227784306,0.7235507667064667,0.021691167472675004,0.3075226260008297,8.0,0.0,50.56,0.1743714268595256,0.22733545898701304,0.5982931148329819,0.24905767359693687,0.3217172596837423,270,0.5573770400429994,56.33,0.12024508960285159,0.299109885680251,0.5806450229787896,0.22373589005852004,0.34771301086234985,86,0.26923075887574005,49.77,0.0,0,0.0,0,0.0,0,0.05678806693420156,1,0.37858711289467706,1,5.508442492617552,1,0.0,0,0.09464677822366926,1,0.22715226773680625,1,0.05678806693420156,1,0.8707503596577573,1,0.6057393806314832,1,1.8929355644733852,1,1.1925494056182329,1,52828,3,21726,0.4112591807374877,22999,0.4353562504732339,8103,0.15338456878927842,0.006549557053077913,0.26936473082456275,0.09409782690997198,0,0,0,0,0,1,1,0,0,0,0,0,0
AGLE,0.04474235344678164,0.1724764984101057,0.7827811650931835,0.04297253850658093,0.27458661444123894,10.0,0.0,55.36,0.13724920655067963,0.2790927905324993,0.5836579995433185,0.2292601285817503,0.34680219540075463,229,0.34920634366339137,51.66,0.11710999832764545,0.3452728038170823,0.5376172015719392,0.19026129267566066,0.3764991000406535,108,0.238095232426304,46.66,0.0,0,0.0,0,0.0,0,0.08291598951941892,1,0.31508076017379194,1,4.311631455009784,1,0.0,0,0.06633279161553514,1,0.16583197903883784,1,0.08291598951941892,1,0.845743093098073,1,1.1110742595602137,1,1.3764054260223542,1,0.6633279161553514,1,60302,3,16693,0.276823322609532,37766,0.626281052038075,5843,0.09689562535239296,0.004576962621471925,0.15946403104374648,0.07024642632085171,1,0,0,0,0,1,3,0,0,0,0,0,0
AGNC,0.0406214976683259,0.24693364975973964,0.7124448418617249,0.029367849041851572,0.13957453871244213,4.0,0.0,50.37,0.2540835293234679,0.16507239230298276,0.5808440865627651,0.2861027547201513,0.3140823471591729,58,1.5555553827160686,63.16,0.09808509581323181,0.16742832820330347,0.7344865740409919,0.14824420666229002,0.25765554156575454,35,0.49999987500003124,57.55,0.0,0,0.0,0,0.11388224575788634,1,0.0,0,1.1957635804578066,1,3.8150552328891925,1,0.0,0,0.1708233686368295,1,0.4555289830315454,1,0.39858786015260217,1,0.8541168431841476,1,0.28470561439471587,1,1.309645826215693,1,0.0,0,17562,3,1742,0.099191436055119,14384,0.8190411114907186,1436,0.08176745245416239,0.014576927457009453,0.10220931556770299,0.08791709372508826,0,0,0,0,0,1,2,0,0,0,0,0,0
AGRI,0.3178906730291518,0.03224276006927319,0.6498665719885718,0.2793906556520845,0.11301182491934725,66.0,8.99999550000225,74.03,0.2358981675829794,0.17116141521524805,0.5929404209409632,0.28972389746087585,0.30455535066581585,67,1.3636362396694328,62.13,0.0906356408205979,0.27136217395537626,0.6380021852240259,0.1775401993522494,0.33151644943300135,51,0.14285713265306196,50.53,0.08647526807333103,1,0.2161881701833276,1,0.0,0,0.08647526807333103,1,0.9079903147699758,1,1.340366655136631,1,0.0,0,0.0,0,0.17295053614666206,1,0.12971290210999656,1,0.2594258042199931,1,0.9079903147699758,1,1.599792459356624,1,0.0,0,23128,3,8365,0.36168280871670705,9034,0.39060878588723624,5729,0.24770840539605674,0.07013144240747146,0.09088550674507091,0.07717917675544794,1,0,0,0,0,1,3,0,0,0,0,0,0
AGRX,0.014476782021423181,0.8847299218177795,0.10079331696033478,0.003947604007560383,0.0741706177634247,3.0,0.0,8.0,0.13430475430441616,0.265877315250691,0.5998179264791795,0.22735150019676295,0.34141729519315933,184,0.4255319058397467,52.42,0.15471736696045632,0.2394839914558434,0.6057986379440489,0.25190455032861425,0.29515208829235223,87,0.4999999750000012,54.85,0.0,0,0.0,0,0.0,0,0.0,0,0.6323777403035413,1,5.527449878208731,1,0.0,0,0.023421397789020047,1,0.18737118231216038,1,0.09368559115608019,1,1.3818624695521828,1,1.3818624695521828,1,1.826869027543564,1,1.0773842982949222,1,42696,3,20048,0.4695521828742739,13154,0.3080850665167697,9494,0.22236275060895636,0.002014240209855724,0.21655424395727937,0.0933342701892449,0,0,0,0,0,1,1,0,0,0,0,0,0
AGTC,0.09874360240064561,0.392768396763131,0.5084880071226507,0.18707132699683843,0.40136000391217547,8.0,0.33333322222225925,42.93,0.2145450618243902,0.23819611135184313,0.5472588249343775,0.300058406725616,0.3402476004793597,296,0.7702702598612128,57.03,0.11361971435850704,0.2850837020517944,0.6012965807473505,0.20752804716548293,0.3442837987237969,77,0.3333333174603182,50.45,0.0,0,0.031152162738898145,1,0.0,0,0.04672824410834722,1,0.4517063597140231,1,3.9874768305789625,1,0.0,0,0.14018473232504167,1,0.06230432547779629,1,0.12460865095559258,1,0.4672824410834722,1,0.4517063597140231,1,1.230510428186477,1,0.638619336147412,1,64201,3,23914,0.37248640986900516,31176,0.4855999127739443,9111,0.14191367735705052,0.003333281413062102,0.18270743446363763,0.05179047055341817,0,0,0,0,0,1,1,0,0,0,0,0,0
AGYS,0.09195455496332475,0.2819676467084459,0.6260778049805334,0.08800624575571836,0.42221993336195246,7.0,0.0,49.89,0.28821281791696773,0.24873980433391085,0.4630473791782198,0.3367198693880167,0.3616756191182679,58,1.1428570612244957,58.92,0.2554037962690927,0.16222219608607702,0.5823740182095207,0.35028901574608556,0.2688901059657374,32,2.666665777778074,63.39,0.0,0,0.17449976733364356,1,0.0,0,0.0,0,0.05816658911121452,1,4.0134946486738015,1,0.0,0,0.0,0,0.0,0,0.23266635644485809,1,0.11633317822242904,1,0.5234993020009306,1,1.6286644951140066,1,0.23266635644485809,1,17192,3,5271,0.30659609120521175,5279,0.30706142391810143,6642,0.3863424848766868,0.015414146114471847,0.11674034434620754,0.06665891112145184,1,0,0,0,0,1,2,0,0,0,0,0,0
AHCO,0.26868085796013474,0.31464671597562055,0.41667242644524033,0.38806908925174494,0.312805418886457,22.0,0.9999998333333611,53.95,0.14755998845367382,0.36500702605737995,0.4874329867648582,0.24937209727491338,0.391173945107107,300,0.30252100586116804,46.44,0.09861714084399864,0.3598382403239763,0.5415446154074743,0.18364763022413413,0.357560116558694,96,0.18181817630854014,45.06,0.0,0,0.4646516274423251,1,0.0,0,0.06969774411634877,1,1.3939548823269754,1,22.32651069860372,1,0.0,0,0.0,0,0.11616290686058127,1,0.046465162744232506,1,0.7899077666519527,1,1.4868852078154402,1,1.9283042538856494,1,1.0222335803731153,1,43043,3,6562,0.15245219896382686,21593,0.5016611295681063,14888,0.34588667146806684,0.016890086657528516,0.5314452988871593,0.10554561717352415,0,0,0,0,0,1,1,0,0,0,0,0,0
AHPI,0.11617213430312964,0.09703957783774687,0.7867883015424013,0.23544601612163024,0.2524975430465962,13.0,0.9999990000010001,62.76,0.16448428794039321,0.33974806088038156,0.49576765078990187,0.2894150799810573,0.39591132738552115,61,0.4285714081632663,48.67,0.10235690764550652,0.17019467636765467,0.7274484206878004,0.17244528856282085,0.2949023666337358,21,0.24999993750001562,57.52,0.45024763619990993,1,0.07504127269998499,1,0.0,0,0.15008254539996999,1,0.0,0,5.027765270898994,1,0.0,0,0.15008254539996999,1,0.07504127269998499,1,0.0,0,0.6003301815998799,1,0.15008254539996999,1,1.1256190904997747,1,0.0,0,13326,3,3920,0.2941617889839412,3480,0.2611436289959478,5926,0.4446945820201111,0.02618940417229476,0.11743959177547651,0.04344889689329131,1,0,0,0,0,1,2,0,0,0,0,0,0
AIG,0.11011257726789975,0.34951716740199223,0.5403702499996114,0.18299165576984355,0.3652983488148952,123.0,0.16326530279050402,46.14,0.12967884914018213,0.2952233089273795,0.5750978466154386,0.22771069522640877,0.365167004110389,300,0.3263157860387812,50.35,0.09877670776719848,0.21090229915454983,0.6903209933328132,0.17418454318008364,0.31394770181338977,300,0.3050847405917841,54.75,0.06851035648222156,1,0.159857498458517,1,0.8601855869434486,1,0.015224523662715901,1,1.3245335586562834,1,3.0525169943745385,1,0.0,0,0.038061309156789756,1,0.10657166563901133,1,0.030449047325431803,1,0.7307771358103633,1,1.1799005838604826,1,1.1951251075231986,1,0.40344987706197144,1,131367,3,19828,0.15093592759216545,73094,0.5564106663012781,38445,0.29265340610655644,0.04530057015841117,0.1413368654228231,0.12098928954760328,1,0,0,0,0,1,2,0,0,0,0,0,0
AIHS,0.038145789255698524,0.20894418144598603,0.7529100328683853,0.027238058408155328,0.17389244887642608,6.0,0.0,52.75,0.15118008403071356,0.26324523512264986,0.5855746801707495,0.24835447781359735,0.3496708883346347,206,0.41818181057851256,53.18,0.14507865190269456,0.24036993074881297,0.6145514216244458,0.2409748238624257,0.34176021774486753,126,0.4333333188888894,54.45,0.0,0,0.04481826194780166,1,0.0,0,0.0,0,1.5686391681730583,1,2.016821787651075,1,0.0,0,0.0,0,0.11951536519413777,1,0.6125162466199561,1,0.38842493688094776,1,0.9113046596053005,1,1.688154533367196,1,0.5228797227243528,1,66937,3,18540,0.2769768588374143,33282,0.49721379804891164,15115,0.22580934311367404,0.0047806146077655105,0.13054065763329697,0.08427327188251639,0,0,0,0,0,1,5,0,0,0,0,0,0
AIKI,0.011008589528501034,0.822176456451416,0.166814923286438,0.0,0.0,1.0,0.0,11.94,0.21382156034399355,0.12610826983914844,0.6600701747728246,0.2738708671051673,0.23435520196266493,42,1.999999500000125,64.29,0.17951367443634403,0.13536860159149877,0.6851177135551417,0.2604660519260645,0.23358970106040272,27,1.333332888889037,62.48,0.0,0,0.0,0,0.0,0,0.0,0,0.25559105431309903,1,3.0670926517571884,1,0.0,0,0.12779552715654952,1,0.19169329073482427,1,0.0,0,0.8945686900958467,1,0.5750798722044729,1,0.5111821086261981,1,0.5111821086261981,1,15650,3,7138,0.45610223642172526,5360,0.3424920127795527,3152,0.20140575079872206,0.0012779552715654952,0.12063897763578275,0.06977635782747604,0,0,0,0,0,0,0,0,0,0,0,0,0
AIMC,0.09622458976116918,0.28884349599303233,0.6149319107866004,0.18521528312526814,0.36993545135125455,42.0,0.16666665277777895,49.59,0.2638521012226024,0.2670265820463063,0.4691213202115494,0.32005031415572527,0.3726509079334016,97,0.9199999632000014,56.88,0.08138339094133401,0.3033407946896492,0.6152758198048995,0.16109788107699063,0.3748372566914432,49,0.19999998666666757,48.13,0.10631888577807705,1,0.6024736860757699,1,0.10631888577807705,1,0.1417585143707694,1,0.9923096005953858,1,3.4730836020838503,1,0.0,0,0.03543962859269235,1,0.0708792571853847,1,0.3189566573342311,1,0.4961548002976929,1,0.8505510862246164,1,1.3112662579296168,1,0.2126377715561541,1,28217,3,8466,0.3000318956657334,11192,0.3966403232094128,8559,0.3033277811248538,0.055321260233192754,0.12084913350108091,0.057305879434383526,1,0,0,0,0,1,2,0,0,0,0,0,0
AIP,0.02096196822822094,0.061492567881941795,0.9175454676151276,0.00109027698636055,0.016905056312680244,2.0,0.0,61.74,0.20361672110376086,0.2994041473623181,0.4969791263747628,0.28376049656005725,0.35713252380406524,101,0.6129032060353804,52.67,0.0812153159446704,0.3500603716383921,0.5687243115583746,0.14225304389021112,0.36922722077602893,96,0.11764705536332191,45.09,0.0,0,0.02098944231051781,1,0.0,0,0.0,0,0.4617677308313918,1,2.350817538777995,1,0.0,0,0.02098944231051781,1,0.41978884621035617,1,0.14692609617362468,1,0.7766093654891589,1,1.1334298847679616,1,2.224880884914888,1,0.2518733077262137,1,47643,3,12395,0.26016413743886824,25394,0.5330058980332892,9854,0.2068299645278425,0.004617677308313918,0.11294418907289633,0.1065424091681884,1,0,0,0,0,1,2,0,0,0,0,0,0
AIRG,0.14853112269192933,0.3674935845192522,0.483975300565362,0.2540424147967326,0.37934541552799284,10.0,0.24999993750001562,46.31,0.24899850368451376,0.26427739291971963,0.4867241026035377,0.32885938870708553,0.3709952070201041,77,0.9473683711911383,56.54,0.14795745894008752,0.30139451900649133,0.5506480257121884,0.24538412729877898,0.36865312057086946,49,0.42857139795918586,50.59,0.0,0,0.21196705426356588,1,0.0,0,0.060562015503875966,1,0.3028100775193798,1,1.907703488372093,1,0.0,0,0.030281007751937983,1,0.3936531007751938,1,0.1514050387596899,1,0.8175872093023256,1,1.1809593023255813,1,1.2112403100775193,1,0.1514050387596899,1,33024,3,9253,0.2801901647286822,17141,0.519046753875969,6630,0.20076308139534885,0.010295542635658914,0.08221293604651163,0.05138687015503876,1,0,0,0,0,1,3,0,0,0,0,0,0
AIRS,0.025447904753188293,0.47298289462924004,0.5015692085855536,0.009486078311425927,0.2859890213266817,9.0,0.0,35.15,0.14687786440766765,0.32537215274722114,0.5277499785902453,0.2433745039290324,0.33769759478989153,102,0.4062499873046879,48.99,0.12886419273570351,0.3150902393156256,0.5560455672956747,0.24645361582989228,0.3436787331588561,87,0.35714284438775556,49.03,0.0,0,0.0,0,0.0,0,0.048770971517752636,1,0.5120952009364027,1,3.5602809207959423,1,0.024385485758876318,1,0.024385485758876318,1,0.5608661724541553,1,0.1706984003121342,1,0.7559500585251658,1,1.1948888021849393,1,2.3410066328521264,1,0.6096371439719079,1,41008,3,8412,0.20513070620366758,25231,0.6152701911822084,7365,0.17959910261412407,0.012168357393679281,0.13668064767850174,0.11022239563012096,1,0,0,0,0,1,2,0,0,0,0,0,0
AIRT,0.169028772196422,0.1943138848679761,0.6366573479026556,0.2926066272408619,0.3387908413525599,6.0,0.9999990000010001,58.29,0.05010585071201005,0.41846283070924806,0.5314313161936475,0.05296184214300011,0.3917333703310463,41,0.0,39.55,0.07439690662754907,0.18415974385829437,0.741443338079585,0.15550260726746365,0.2814659058742843,36,0.1428571224489825,55.63,0.10584810796507012,1,0.0,0,0.05292405398253506,1,0.0,0,0.7409367557554908,1,1.7464937814236572,1,0.0,0,0.05292405398253506,1,0.05292405398253506,1,0.0,0,1.2172532415983064,1,0.7409367557554908,1,0.9526329716856311,1,0.15877216194760518,1,18895,3,3630,0.19211431595660228,10098,0.5344270971156391,5167,0.27345858692775865,0.009314633500926171,0.10844138661021434,0.07827467584016935,1,0,0,0,0,0,0,0,0,0,0,0,0
AIZ,0.11205634198569019,0.4811651072111623,0.40677854277450465,0.22046821146106607,0.4014290792974532,29.0,0.21428569897959293,37.65,0.27356264742542497,0.30261703248002697,0.42382031841122586,0.34669344969039717,0.38912142263763566,161,0.8113207394090427,54.9,0.12902283169361844,0.16587695305382735,0.7051002154322831,0.2122595176681069,0.305384200850732,114,0.47368418559556913,58.73,0.023214244260278107,1,0.06964273278083433,1,0.2553566868630592,1,0.0,0,1.7874968080414142,1,4.758920073357012,1,0.0,0,0.0,0,0.09285697704111243,1,0.023214244260278107,1,0.8124985491097337,1,1.71785407526058,1,0.9517840146714024,1,0.44107064094528403,1,43077,3,11906,0.27638879216287116,17127,0.39759036144578314,14044,0.3260208463913457,0.02855352044014207,0.16528541913318012,0.11275158437217077,1,0,0,0,0,1,1,0,0,0,0,0,0
AJG,0.11212774966021671,0.39455537571042193,0.4933168774872434,0.22158352504317275,0.38183994610851807,102.0,0.18181817768595052,43.28,0.16243275017945696,0.3721087655303852,0.46545848180416716,0.27937765995776287,0.40582656449941495,189,0.3815789423476455,46.5,0.13917320191505408,0.25732307159563617,0.6035037223160976,0.25270977375578096,0.3589357231300603,210,0.4905660284798863,53.15,0.5159040774211912,1,0.5870632605137692,1,0.46253469010175763,1,0.0,0,0.5514836689674802,1,4.109442823596385,1,0.0,0,0.03557959154628905,1,0.12452857041201168,1,0.2846367323703124,1,1.191916316800683,1,0.676012239379492,1,2.0636163096847646,1,0.373585711236035,1,56212,3,3426,0.06094784031879314,14477,0.2575428734078133,38309,0.6815092862733936,0.06840176474774069,0.12956308261581156,0.12812210915818686,1,0,0,0,0,1,3,0,0,0,0,0,0
AKAM,0.15242703806143254,0.49204517871839926,0.3555277790874243,0.2684896531835919,0.40785297388476766,8.0,0.24999993750001562,38.35,0.19963404985310712,0.3005361264792852,0.4998298230590207,0.2651858340466034,0.37415993762369115,101,0.5666666477777784,52.45,0.14391557693422313,0.339778853025997,0.5163055697367305,0.23494796951622188,0.3776107569892292,63,0.38095236281179223,47.95,0.0,0,0.07567444852245639,1,0.11351167278368458,1,0.0,0,1.172953952098074,1,5.44856029361686,1,0.0,0,0.15134889704491278,1,0.45404669113473833,1,0.11351167278368458,1,0.7189072609633358,1,0.8324189337470203,1,1.7026750917552689,1,0.26486056982859735,1,26429,3,4066,0.15384615384615385,10444,0.3951719701842673,11919,0.4509818759695789,0.01256195845472776,0.1748458133111355,0.11585758068788074,1,0,0,0,0,1,3,0,0,0,0,0,0
AKBA,0.06723933221979274,0.3732937758581506,0.5594668839540746,0.12557704806722916,0.34843143358949324,18.0,0.0,43.09,0.26541839687774577,0.14235083029605447,0.5922307675145566,0.31619833437192685,0.25072675206072476,300,2.194444383487656,65.04,0.10859720614092902,0.2927792344038942,0.5986235569520243,0.197625617713401,0.34543756139428694,261,0.28378377994886783,49.77,0.08133475759531078,1,0.0,0,0.0,0,0.04880085455718647,1,0.3199167132082224,1,5.319293146733325,1,0.0,0,0.05422317173020719,1,0.10844634346041437,1,0.08133475759531078,1,0.9651724567976879,1,0.7970806244340456,1,2.1255483318241217,1,1.0519295315660193,1,184423,3,34471,0.1869126952711972,74677,0.4049223795296682,75275,0.4081649251991346,0.005411472538674677,0.20935024373315692,0.07368929038135157,1,1,6,0,0,1,3,0,0,0,0,0,0
AKRO,0.09652249949673812,0.3028344480941693,0.6006430673102537,0.12250417261567641,0.3739549005305042,6.0,0.0,48.69,0.20111726017128076,0.12545874392393455,0.6734239914284278,0.3034371082436555,0.21818627070486324,186,1.7368420138504201,63.88,0.12887133510723228,0.13001139788257499,0.7411172701226126,0.24165124716220623,0.22541119221429548,155,0.9411764152249167,61.06,0.02685140432844638,1,0.01342570216422319,1,0.0,0,0.01342570216422319,1,0.3893453627624725,1,3.07448579560711,1,0.0,0,0.02685140432844638,1,0.5773051930615971,1,0.17453412813490146,1,0.5370280865689275,1,1.624509961871006,1,0.5773051930615971,1,0.4698995757478116,1,74484,3,26001,0.34908168197196715,41694,0.5597712260351216,6789,0.09114709199291122,0.003061060093442887,0.12738306213414963,0.11235970141238387,1,1,28,0,0,1,1,0,0,0,0,0,0
AKTS,0.03932073743393024,0.513256162405014,0.44742309550444287,0.020603859669578752,0.25563018756013106,6.0,0.0,33.01,0.11570791499215667,0.2646898455144364,0.6196022383174149,0.220362226292383,0.3512107117543046,118,0.4482758466111777,51.84,0.11766830031272202,0.2940623501448759,0.5882693453588419,0.23378732189394585,0.35917507012486366,126,0.2820512748191981,50.0,0.056177671248267856,1,0.0,0,0.0,0,0.0,0,2.0411220553537324,1,1.4980712332871429,1,0.0,0,0.037451780832178566,1,0.41196958915396426,1,0.43069547957005355,1,0.3183401370735179,1,3.2395790419834465,1,1.1048275345492677,1,0.16853301374480356,1,53402,3,33216,0.6219991760608217,16761,0.3138646492640725,3425,0.0641361746751058,0.0031646754803190892,0.08531515673570278,0.08572712632485675,1,1,15,0,0,0,0,0,0,0,0,0,0
AKTX,0.1402704417705536,0.009054156951606274,0.8506754040718079,0.0,0.0,1.0,0.0,69.32,0.18229781942474738,0.14975644005544222,0.6679457423130148,0.26559935565796816,0.2588421095196367,114,1.2142856275510268,61.65,0.08939994127722457,0.2720484587480314,0.6385516022332013,0.15551087838461508,0.33149426817176764,80,0.1999999900000005,50.45,0.0,0,0.0,0,0.0,0,0.0,0,0.9364235309855857,1,3.2774823584495505,1,0.0,0,0.0,0,0.16721848767599748,1,0.23410588274639643,1,0.5016554630279924,1,1.2374168088023814,1,0.7023176482391894,1,0.16721848767599748,1,29901,3,11356,0.37978662920972545,14435,0.48275977392060465,4110,0.1374535968696699,0.0008026487408447879,0.1444767733520618,0.0987926825189793,0,0,0,0,0,0,0,0,0,0,0,0,0
AKU,0.08122171554714441,0.5192686766386032,0.3995096100261435,0.21332305408725485,0.38611211328644857,16.0,0.12499998437500197,34.09,0.15792209154621523,0.2637212089464618,0.578356702498714,0.2552555927749302,0.35316345632698487,217,0.4545454462809919,53.39,0.07973710297651235,0.3243111873489051,0.5959517187128465,0.12882697035767457,0.33888383727219146,105,0.06451612695109267,46.71,0.11011396795683533,1,0.02752849198920883,1,0.11011396795683533,1,0.11011396795683533,1,0.6882122997302208,1,7.239993393161923,1,0.02752849198920883,1,0.02752849198920883,1,0.02752849198920883,1,0.05505698397841766,1,1.7893519792985741,1,1.7893519792985741,1,2.5326212630072122,1,0.8533832516654738,1,36326,3,68,0.0018719374552662006,29141,0.8022077850575345,7117,0.19592027748719926,0.016544623685514508,0.21546550679953752,0.1056818807465727,0,0,0,0,0,1,1,0,0,0,0,0,0
AKUS,0.13627717215567828,0.18747520362958311,0.6762476235628128,0.2566148295611538,0.29773716256533667,10.0,0.499999750000125,57.58,0.14964666797132076,0.22420180429008593,0.6261515250242554,0.24005485053533743,0.3031976552152645,269,0.5471698009967962,55.66,0.12217370466001935,0.23988872096634697,0.6379375700410959,0.20204030354409572,0.31507508986000426,148,0.2941176384083048,53.68,0.0,0,0.07812296554777219,1,0.0,0,0.0,0,0.2864508736751647,1,4.10145569125804,1,0.0,0,0.14322543683758235,1,0.1171844483216583,1,0.06510247128981016,1,0.9244550923153043,1,0.794250149735684,1,1.197885471732507,1,0.8984141037993802,1,76802,3,32969,0.42927267519075024,37970,0.49438816697481835,5863,0.07633915783443139,0.004531132001770787,0.17905783703549386,0.09464597276112602,1,0,0,0,0,1,2,0,0,0,0,0,0
AKYA,0.021827097849122117,0.4876190684735775,0.49055381385343416,0.008659039045321622,0.3497972167558495,7.0,0.0,34.07,0.22408536876636473,0.20201584908433937,0.5738987774080173,0.30850748212364243,0.3115625896163705,132,1.199999952000002,59.71,0.05246043942966744,0.3009227567327846,0.6466168049526843,0.07660203509457786,0.3501404017686711,76,0.04347825897920613,47.28,0.0,0,0.05924521594881214,1,0.0,0,0.05924521594881214,1,0.43446491695795564,1,2.3698086379524854,1,0.0,0,0.09874202658135356,1,0.3159744850603314,1,0.1777356478464364,1,0.7109425913857456,1,1.5008788040365741,1,1.9550921263108003,1,0.2962260797440607,1,50637,3,10468,0.2067263068507218,31755,0.6271106108181764,8414,0.16616308233110177,0.005312321030076821,0.1343286529612734,0.0780062009992693,0,0,0,0,0,1,3,0,0,0,0,0,0
ALB,0.18521280060164058,0.18907273009644596,0.6257144684524654,0.25608370459063623,0.30221976908946874,182.0,0.6666666495726501,59.19,0.1650306409678589,0.2198160434446226,0.6151533148323114,0.26152664208000864,0.3072504286221169,156,0.611111094135803,56.49,0.11785181952067293,0.27185756657183024,0.6102906117000833,0.20963491452945707,0.3499337248007658,104,0.22580644432882438,51.45,1.32140168938697,1,0.26762565861001925,1,0.41816509157815507,1,0.35125867692565027,1,1.003596219787572,1,3.044241866688969,1,0.0,0,0.1505394329681358,1,0.20071924395751442,1,0.08363301831563101,1,0.8697833904825625,1,0.7359705611775529,1,1.7730199882913773,1,0.3178054695993978,1,59785,3,5007,0.0837501045412729,11527,0.19280756042485572,43251,0.7234423350338713,0.13058459479802625,0.133863009115999,0.07829723174709376,1,1,12,0,0,1,3,0,0,0,0,0,0
ALBO,0.022932104766368866,0.051897186785936356,0.9251707196235657,0.0,0.0,1.0,0.0,62.43,0.20439053551833097,0.20964347262572694,0.5859659896869408,0.29332709958741066,0.29930825842698333,190,0.9729729466764069,58.53,0.08558949300835669,0.26305143352807825,0.6513590740538399,0.14753464842503553,0.31895361802297584,71,0.11764705190311459,50.9,0.0,0,0.0,0,0.0,0,0.0,0,0.2471006852925672,1,3.4758829731154455,1,0.0,0,0.0823668950975224,1,0.14826041117554034,1,0.09884027411702688,1,1.0378228782287824,1,0.5765682656826568,1,1.0213494992092778,1,0.46125461254612543,1,60704,3,21294,0.3507841328413284,30555,0.5033440959409594,8855,0.14587177121771217,0.00046125461254612545,0.16503031101739588,0.06625593041644702,0,0,0,0,0,1,3,0,0,0,0,0,0
ALCO,0.09076972243089515,0.33721374781229174,0.5720165243658882,0.16759097485547206,0.38423789620431337,52.0,0.15789472853185638,46.26,0.18180990050685533,0.30606039255322454,0.5121297058946592,0.26981839770078647,0.37495249833586697,94,0.4666666511111116,51.47,0.11754115048928984,0.2565774587980871,0.6258813940720367,0.19717319446716178,0.3756131784669617,28,0.285714244897965,52.44,0.15729453401494298,1,0.19661816751867872,1,0.4325599685410932,1,0.039323633503735744,1,0.9437672040896579,1,4.79748328745576,1,0.0,0,0.0,0,0.2752654345261502,1,0.07864726700747149,1,0.5112072355485646,1,0.19661816751867872,1,0.9044435705859222,1,0.039323633503735744,1,25430,3,5564,0.2187966968147857,9233,0.3630751081399921,10633,0.4181281950452222,0.061502162799842705,0.12198191112858828,0.039677546205269365,1,0,0,0,0,1,2,0,0,0,0,0,0
ALDX,0.02203193388413638,0.43795781722292304,0.5400102566927671,0.01163842157455164,0.42579911254216457,8.0,0.0,37.3,0.15796497841662865,0.28544360522349227,0.556591411012205,0.24593247764448475,0.33812759345431387,188,0.4905660284798863,51.97,0.136892189986484,0.3461839745882465,0.5169238307361685,0.24112154051758303,0.36564911935487165,86,0.34374998925781286,47.29,0.0,0,0.0,0,0.0,0,0.09039466309909062,1,0.45197331549545317,1,3.941207311120351,1,0.0,0,0.03615786523963625,1,0.12655252833872688,1,0.10847359571890876,1,0.9401044962305425,1,1.0847359571890876,1,1.4101567443458138,1,0.8316309005116338,1,55313,3,14191,0.256558132807839,34275,0.6196554155442663,6847,0.1237864516478947,0.004411259559235623,0.13870157105924466,0.06497568383562634,1,0,0,0,0,1,3,0,0,0,0,0,0
ALEC,0.02274287212640047,0.2947260236367583,0.6825311101973057,0.008422253423876485,0.3574959359441514,10.0,0.0,46.64,0.16831542175728828,0.23439975729988266,0.5972848221721748,0.25465317013337807,0.3317039316597877,300,0.4931506781760181,55.66,0.14886788983460306,0.35432447490440505,0.4968076372730001,0.24281034081115996,0.3608765527517879,106,0.2999999925000002,47.18,0.0,0,0.0,0,0.0,0,0.09058791557206268,1,0.1962738170728025,1,3.865084397741341,1,0.0,0,0.09058791557206268,1,0.1056859015007398,1,0.07548992964338556,1,0.8152912401485642,1,0.6945073527191473,1,1.2531328320802004,1,0.5737234652897303,1,66234,3,24539,0.3704894767038077,36432,0.5500498233535647,5263,0.07946069994262765,0.005797626596612012,0.20353594830449617,0.06480055560588217,1,0,0,0,0,1,2,0,0,0,0,0,0
ALGM,0.3701167493550615,0.10802429543638771,0.5218589553101496,0.3461293540352709,0.23310206698621283,55.0,4.799999040000192,70.93,0.2866197106472793,0.22674457299050002,0.4866357170311468,0.3315855627114188,0.33591802615346644,126,1.166666627777779,60.29,0.14605318459417718,0.22849823989801937,0.6254485748294327,0.25812919169953996,0.33392013961376,81,0.399999980000001,55.26,0.3699060849550975,1,0.2877047327428536,1,0.020550338053060974,1,0.04110067610612195,1,0.9042148743346827,1,3.1236513840652678,1,0.0,0,0.06165101415918292,1,0.4315570991142804,1,0.41100676106121947,1,0.5343087893795853,1,0.7809128460163169,1,1.1713692690244755,1,0.20550338053060974,1,48661,3,12096,0.24857688908982553,21633,0.444565463101868,14932,0.30685764780830643,0.06093175232732578,0.1345430632333902,0.08838700396621524,1,0,0,0,0,1,2,0,0,0,0,0,0
ALGN,0.10957380840064664,0.3158791496075298,0.5745470517952191,0.18141627318392567,0.3862005264679999,19.0,0.1428571224489825,48.3,0.22907352623518645,0.24812518331843117,0.5228012946567365,0.29984888298868956,0.36044896371663715,168,0.7727272551652897,56.89,0.11479907671644075,0.2140252091040885,0.6711757257329048,0.21574797861115982,0.3291000739001829,74,0.3124999804687512,55.11,0.3227510122645385,1,0.02934100111495804,1,0.05868200222991608,1,0.02934100111495804,1,0.733525027873951,1,7.100522269819846,1,0.0,0,0.2640690100346224,1,0.11736400445983217,1,0.14670500557479021,1,0.8802300334487413,1,1.1149580423684056,1,1.3203450501731118,1,0.2640690100346224,1,34082,3,9703,0.2846957338184379,18107,0.5312775071885453,6272,0.18402675899301685,0.023942256909805764,0.23103104277917963,0.09647321166598204,1,0,0,0,0,1,3,0,0,0,0,0,0
ALGS,0.021366336732171476,0.5170232439413667,0.46161043643951416,0.009994071419966695,0.39661202892353087,8.0,0.0,32.14,0.17260321157363553,0.27662972065620123,0.5507670676832398,0.24760691479063385,0.3428956131610859,300,0.4767441805029747,53.06,0.09565776667364363,0.32577409674764946,0.5785681427509155,0.18328947639268062,0.34494433364783506,106,0.1714285665306124,47.17,0.0,0,0.0,0,0.01339100392356415,1,0.04017301177069245,1,0.30799309024197546,1,3.6825260789801413,1,0.0,0,0.06695501961782076,1,0.20086505885346226,1,0.17408305100633395,1,0.6293771844075151,1,0.9641522824966188,1,1.4864014355156205,1,0.5356401569425661,1,74677,3,23165,0.31020260588936355,44667,0.5981359722538399,6845,0.0916614218567966,0.003280795961273217,0.18509045623150366,0.05909450031468859,0,0,0,0,0,1,4,0,0,0,0,0,0
ALGT,0.24872017705014773,0.14830910555818783,0.6029707126851592,0.26427645735582833,0.277317239235859,28.0,1.4999996250000938,64.07,0.23573873384686356,0.29538246983605804,0.4688787948565953,0.3162496825338321,0.36697718384331174,66,0.6499999675000016,54.05,0.16574464568820518,0.164301858880581,0.6699534934014082,0.2638640628580014,0.29581617879136496,39,1.1666664722222546,60.12,1.312870659604328,1,0.04527140205532165,1,0.13581420616596496,1,0.0,0,0.6790710308298248,1,3.395355154149124,1,0.0,0,0.2716284123319299,1,0.2716284123319299,1,0.1810856082212866,1,0.40744261849789487,1,0.4527140205532165,1,0.4979854226085382,1,0.04527140205532165,1,22089,3,9748,0.4413056272352755,6906,0.31264430259405135,5435,0.24605007017067318,0.04572411607587487,0.13948118973244603,0.08144325229752365,1,0,0,0,0,0,0,0,0,0,0,0,0
ALIM,0.21611225418746471,0.03887834623456001,0.7450093820691108,0.31378227189521996,0.0313102565647926,5.0,1000000.0,70.04,0.17547288902390462,0.2896074094370796,0.534919702859882,0.2459559259772002,0.3553185197091136,104,0.5517241189060649,52.32,0.06063229909373654,0.31243837862792945,0.6269293302877081,0.08752508206288043,0.35419194106870194,45,0.07142856632653098,46.81,0.0,0,0.07957770763150215,1,0.0,0,0.0,0,0.5039921483328471,1,2.3077535213135625,1,0.0,0,0.0,0,0.21220722035067244,1,0.10610361017533622,1,0.4244144407013449,1,0.5305180508766811,1,1.0875620042971963,1,0.21220722035067244,1,37699,3,10297,0.27313721849385925,18240,0.48383246239953315,9162,0.2430303191066076,0.005252128703679143,0.13037481100294437,0.05262739064696676,1,0,0,0,0,1,2,0,0,0,0,0,0
ALK,0.41796824990428594,0.0853628829293149,0.4966688709529607,0.3297997934111826,0.2145636058084889,38.0,9.499995250002375,74.08,0.2781128621023923,0.32369702490562996,0.39819011542171534,0.33272482692118205,0.38707488563442255,101,0.9354838407908438,53.69,0.17257573854935876,0.19561459246423032,0.6318096640062029,0.2816488151631124,0.3175921005372953,59,0.7272726611570308,58.33,1.2254901960784315,1,0.09077705156136529,1,0.09077705156136529,1,0.18155410312273057,1,0.5446623093681918,1,5.85511982570806,1,0.0,0,0.22694262890341324,1,0.13616557734204796,1,0.7262164124909223,1,0.5446623093681918,1,0.3177196804647785,1,0.9531590413943355,1,0.18155410312273057,1,22032,3,8696,0.39469862018881624,6222,0.2824074074074074,7114,0.3228939724037763,0.05142519970951343,0.16280864197530864,0.09486201888162672,1,0,0,0,0,0,0,0,0,0,0,0,0
ALKS,0.08398377091476791,0.22480653363623118,0.6912096923119143,0.18853258057220146,0.28641643606770456,19.0,0.24999993750001562,53.33,0.1956578627001372,0.22634269678396798,0.5779994438913926,0.2559075904592507,0.3381634037333075,213,0.6799999864000003,57.14,0.15034027857267682,0.2793538484503241,0.5703058748560793,0.25424547423977684,0.345075936575193,85,0.4782608487712674,52.1,0.0,0,0.022399928320229377,1,0.022399928320229377,1,0.08959971328091751,1,0.42559863808435816,1,5.241583226933673,1,0.0,0,0.15679949824160563,1,0.08959971328091751,1,0.06719978496068812,1,0.537598279685505,1,1.0303967027305514,1,1.6575946956969738,1,0.42559863808435816,1,44643,3,16049,0.35949644961136124,16701,0.3741012028761508,11893,0.266402347512488,0.01543355061263804,0.19028739108034853,0.07649575521358332,1,0,0,0,0,1,1,0,0,0,0,0,0
ALKT,0.22184143960475922,0.007708960212767124,0.7704495787620544,0.0,0.0,1.0,0.0,72.26,0.16926610081998714,0.33187319719190916,0.4988606920215621,0.2764368302759056,0.3641198255608863,67,0.4347825897920613,49.35,0.15880700517207003,0.3036511408177037,0.537541848822282,0.26396601384488455,0.32760056334263093,78,0.4782608487712674,50.82,0.0,0,0.02728736322209185,1,0.0,0,0.0,0,0.5184599012197452,1,2.237563784211532,1,0.0,0,0.19101154255464295,1,0.3820230851092859,1,0.24558626899882663,1,0.46388517477556146,1,1.4189428875487762,1,1.6645291565476028,1,0.46388517477556146,1,36647,3,7367,0.20102600485715066,20463,0.5583813136136655,8817,0.24059268152918384,0.0035473572188719402,0.09335006958277621,0.12642235380795153,0,0,0,0,0,1,1,0,0,0,0,0,0
ALL,0.08896780639770441,0.2138898957928177,0.6971423003124073,0.136593789687499,0.25359704881063816,64.0,0.16666665277777895,54.21,0.19486929677056927,0.194427426828481,0.610703279779471,0.2750484366051029,0.30776717095659384,141,0.7857142576530622,59.18,0.161163714501154,0.16525616326245918,0.6735801260738846,0.2649123378471372,0.2965377060838237,83,0.8333332638888947,59.9,0.0,0,0.3689583077112286,1,0.12298610257040955,1,0.10248841880867461,1,2.131759111220432,1,4.8784487352929125,1,0.0,0,0.04099536752346984,1,0.12298610257040955,1,0.20497683761734922,1,0.14348378633214445,1,1.2913540769893002,1,1.6398147009387938,1,0.1844791538556143,1,48786,3,9614,0.19706473168531957,6817,0.13973271020374697,32355,0.6632025581109334,0.07153691632845488,0.14987906366580575,0.09187061862009593,1,0,0,0,0,1,7,0,0,0,0,0,0
ALLE,0.22000787236417332,0.28279423019072664,0.49719790268378955,0.2707775734060186,0.360381394101159,48.0,0.7142856632653098,54.32,0.23981246339625742,0.27120952083632077,0.488978016767308,0.2530654847894339,0.393198417884516,163,0.6249999869791669,55.76,0.13267774878269328,0.12931633573524387,0.7380059235064047,0.16582568927074634,0.25206740542999273,56,0.57142848979593,61.24,0.0,0,0.0,0,0.34442674473672885,1,0.34442674473672885,1,2.4109872131571017,1,10.246695655917682,1,0.5166401171050932,1,0.5166401171050932,1,0.5596934601971842,1,0.08610668618418221,1,0.5596934601971842,1,0.7749601756576397,1,0.861066861841822,1,0.2152667154604555,1,23227,3,5912,0.2545313643604426,8991,0.3870926077409911,8324,0.3583760278985663,0.08873294011279977,0.33633271623541566,0.11340250570456796,1,0,0,0,0,1,2,0,0,0,0,0,0
ALLK,0.041280555284836075,0.24749056410721756,0.7112288671461019,0.03486204284563138,0.3384940924515119,11.0,0.0,50.36,0.16504546613221674,0.27288952758612395,0.5620650051951163,0.25189282224485554,0.35723338307095726,243,0.4776119331699712,53.04,0.15480848408063477,0.30138518359888805,0.5438063295579023,0.2587151823130788,0.36172359679071653,89,0.44444442798353967,50.83,0.0,0,0.0,0,0.0,0,0.05241639584862145,1,0.3319705070412692,1,4.787364154174092,1,0.0,0,0.1048327916972429,1,0.13977705559632386,1,0.1048327916972429,1,0.8386623335779432,1,0.4892196945871335,1,0.8910787294265646,1,0.5765803543348359,1,57234,3,23031,0.40240067092986687,27194,0.4751371562358039,7009,0.12246217283432924,0.007652793793898731,0.15635810881643777,0.05404130411992871,1,0,0,0,0,1,3,0,0,0,0,0,0
ALLO,0.42731800459325314,0.12725772330537438,0.44542427256703376,0.33389465071371766,0.29961657514389367,25.0,3.999998666667111,71.68,0.18050850111104852,0.2321033229961382,0.5873881772395957,0.2492628876594969,0.33416749185003286,269,0.5901639247514111,56.23,0.13875082889571785,0.2705384830986573,0.5907106878743931,0.23988436535080676,0.33049817229126904,110,0.4285714132653067,52.27,0.0,0,0.2840529340997193,1,0.0,0,0.016708996123512898,1,0.6182328565699773,1,5.179788798288999,1,0.0,0,0.1002539767410774,1,0.2172169496056677,1,0.1169629728645903,1,0.7184868333110547,1,0.7351958294345676,1,1.1362117363988773,1,0.5346878759524127,1,59848,3,24117,0.4029708595107606,28546,0.4769750033417992,7185,0.12005413714744018,0.021187007084614358,0.22946464376420264,0.09276834647774362,1,0,0,0,0,1,1,0,0,0,0,0,0
ALNY,0.07687674053013324,0.24475953727960587,0.6783637136220932,0.10501777108737194,0.2414161132919273,5.0,0.0,51.78,0.25666377385767797,0.16804026116927465,0.5752959678508341,0.30843899487750615,0.2690250964956625,300,1.7111110730864207,63.06,0.17196408195605317,0.19790732860565186,0.6301285901649313,0.2672908065085957,0.29596660708297723,91,0.9999999375000038,58.15,0.0,0,0.0,0,0.0,0,0.030477583737161317,1,0.33525342110877454,1,4.495443601231295,1,0.0,0,0.04571637560574198,1,0.10667154308006462,1,0.12191033494864527,1,1.0667154308006461,1,0.44192496418883914,1,1.4629240193837434,1,1.4629240193837434,1,65622,3,29697,0.4525464021212398,31878,0.48578220718661425,4047,0.06167139069214592,0.0034744445460363903,0.23937094267166498,0.07477675169912529,0,0,0,0,0,1,1,0,0,0,0,0,0
AMD,0.21270843363937833,0.1759998181294049,0.6112917543899629,0.2777998845015872,0.2536859973364043,31.0,1.333332888889037,61.0,0.22488324508303775,0.3290617149497848,0.4460550354328007,0.3021893372820384,0.3975921222388567,80,0.4482758466111777,51.48,0.12135248091495172,0.30751647699666634,0.5711310424587943,0.18892577692356866,0.36848001545479014,44,0.21428569897959293,49.26,0.0,0,0.10181916915557969,1,0.033939723051859896,1,0.13575889220743959,1,0.5769752918816182,1,2.8169970133043716,1,0.13575889220743959,1,0.0,0,0.2375780613630193,1,0.4751561227260386,1,0.4751561227260386,1,0.5430355688297583,1,0.8824327993483573,1,0.0,0,29464,3,8055,0.27338446918273146,16781,0.569542492533261,4628,0.1570730382840076,0.04286587021449905,0.10979500407276677,0.07052674450176487,1,0,0,0,0,1,1,0,0,0,0,0,0
AME,0.24998429945359626,0.07674234899071355,0.6732733550171057,0.30518609384878675,0.11571855994434663,30.0,7000000.0,68.76,0.2524947631236625,0.27084652181357555,0.47665871544549726,0.2982595493188112,0.367133442628899,73,0.8095237709750585,56.23,0.2567771878359573,0.1911702256117548,0.5520525895059109,0.31046770270602403,0.31080564132166927,35,1.3333331111111482,61.56,0.32537255157154943,1,0.13014902062861977,1,0.13014902062861977,1,0.26029804125723954,1,1.3665647166005077,1,5.59640788703065,1,0.0,0,0.19522353094292966,1,0.19522353094292966,1,0.19522353094292966,1,1.0411921650289582,1,0.6507451031430989,1,1.0411921650289582,1,0.32537255157154943,1,15367,3,4962,0.32289972017960566,4721,0.307216763193857,5684,0.3698835166265374,0.07802433786685756,0.17029999349254896,0.07730851825340014,1,0,0,0,0,1,1,0,0,0,0,0,0
AMGN,0.2413018679039346,0.32501314642528695,0.43368497408098644,0.2842609861665244,0.3619373486758001,18.0,0.6666665555555741,52.32,0.21951705704443156,0.21054672731241833,0.569936216485997,0.28180212077371103,0.3308167395849933,300,0.904761890400605,59.0,0.185140662941222,0.12005656892433762,0.6948027683851811,0.2550401340741877,0.2511085062817936,130,1.4285713265306197,63.68,0.12562498429687696,1,0.05024999371875079,1,0.10049998743750158,1,0.025124996859375394,1,0.9421873822265773,1,5.012436873445391,1,0.0,0,0.12562498429687696,1,0.15074998115625235,1,0.15074998115625235,1,0.3768749528906309,1,0.5527499309062586,1,1.532624808421899,1,0.42712494660938166,1,79602,3,929,0.01167056104117987,32392,0.40692444913444387,46281,0.5814049898243763,0.01302731087158614,0.21058516117685486,0.06664405416949323,1,0,0,0,0,0,0,0,0,0,0,0,0
AMP,0.1273251706113418,0.27209050407012303,0.6005843309064706,0.1949418980859929,0.31994101989884427,15.0,0.24999993750001562,51.77,0.17851243581702952,0.30624013695044705,0.5152474228012306,0.2767159272876684,0.3816064211935554,93,0.4999999833333339,51.34,0.1404985999851896,0.20845142956169552,0.6510499769396949,0.21440682249837606,0.3162941464288747,57,0.3636363305785154,56.37,0.0,0,0.0812975082313727,1,0.24389252469411812,1,0.0,0,1.056867607007845,1,4.390065444494127,1,0.0,0,0.12194626234705906,1,0.0,0,0.0812975082313727,1,0.8942725905450998,1,0.9755700987764725,1,1.0975163611235317,1,0.40648754115686353,1,24601,3,11660,0.4739644729889029,12169,0.49465468883378727,772,0.03138083817730986,0.02833218161863339,0.18133409211007684,0.11308483394983944,1,0,0,0,0,0,0,0,0,0,0,0,0
AMT,0.13439735298141323,0.32858774481855074,0.5370148857092035,0.2648416738467323,0.3432188311127914,29.0,0.44444439506173394,48.35,0.1816819082216724,0.2472594863316719,0.5710586030846057,0.24340194905597293,0.36456522775399425,69,0.7222221820987677,55.29,0.12349338008653979,0.16209265909179352,0.7144139687595672,0.21786813977458233,0.27757324092507263,43,0.6666665555555741,58.79,0.2807017543859649,1,0.11228070175438597,1,0.19649122807017544,1,0.08421052631578947,1,1.0105263157894737,1,2.0210526315789474,1,0.028070175438596492,1,0.11228070175438597,1,0.22456140350877193,1,0.056140350877192984,1,0.6175438596491228,1,0.5052631578947369,1,1.263157894736842,1,0.11228070175438597,1,35625,3,7678,0.21552280701754387,8905,0.24996491228070175,19042,0.5345122807017544,0.03671578947368421,0.08502456140350877,0.06526315789473684,1,0,0,0,0,1,2,0,0,0,0,0,0
AMZN,0.038879203610122204,0.4537188357207924,0.507401954382658,0.03249114571309065,0.3781028043566618,8.0,0.0,36.87,0.18490859538154758,0.3389671213783162,0.4761242884737642,0.28701837712770917,0.39018208866081816,46,0.4374999726562517,49.44,0.08067914764978923,0.17508273756538983,0.7442381074652076,0.1743100209810069,0.2940595255954485,32,0.49999987500003124,56.44,0.0,0,0.0,0,0.24425989252564728,1,0.06106497313141182,1,0.8549096238397655,1,2.8089887640449436,1,0.0,0,0.0,0,0.06106497313141182,1,0.6106497313141181,1,0.18319491939423546,1,0.7938446507083536,1,1.0991695163654127,1,1.038104543234001,1,16376,3,1717,0.10484855886663409,7567,0.46207865168539325,7092,0.4330727894479726,0.03321934538348803,0.15815828041035662,0.06448461162677088,0,0,0,0,0,0,0,0,0,0,0,0,0
ANET,0.03906409442424774,0.37678288916746777,0.5841530167187253,0.030049150571536745,0.28692298170400227,6.0,0.0,41.88,0.16448166490233732,0.4511218436747649,0.3843964865290613,0.2683838574539446,0.4101487874901762,106,0.31999999360000014,41.43,0.190630428854148,0.30249023285447335,0.5068793261081589,0.3013774862443229,0.3313716259994567,49,0.5714285306122479,52.01,0.0,0,0.0,0,0.02560753885944022,1,0.07682261657832065,1,0.4097206217510435,1,2.0486031087552177,1,0.0,0,0.10243015543776088,1,0.3841130828916033,1,0.17925277201608153,1,0.48654323832936414,1,0.2560753885944022,1,1.638882487004174,1,0.33289800517272283,1,39051,3,7080,0.18130137512483674,25152,0.6440808173926404,6819,0.17461780748252284,0.009526004455711761,0.11659112442703132,0.0536734014493867,0,0,0,0,0,1,1,0,0,0,0,0,0
ANSS,0.29385140476127464,0.18294149668266377,0.523207101970911,0.3313577582064449,0.33076219236915394,15.0,1.6666661111112961,63.39,0.28585103100502035,0.14417029541477355,0.5699786776030022,0.30453140582133953,0.289796992164005,144,2.049999897500005,65.63,0.17640874487623362,0.26276259065251534,0.5608286660059657,0.2769456335189806,0.3427678620713164,71,0.6111110771604957,54.09,0.0,0,0.21724961981316532,1,0.06207131994661866,1,0.0,0,1.5207473386921573,1,7.138201793861146,1,0.0,0,0.093106979919928,1,0.15517829986654666,1,0.3103565997330933,1,0.5896775394928773,1,0.651748859439496,1,0.9931411191458985,1,0.186213959839856,1,32221,3,7238,0.22463610688681296,16526,0.51289531671891,8457,0.262468576394277,0.021569783681449985,0.20108004096707116,0.1020762856522144,1,0,0,0,0,1,4,0,0,0,0,0,0
AON,0.027725063095038586,0.5920733574100516,0.3802016001533378,0.020026652281253197,0.37754091825586855,11.0,0.0,27.49,0.2061809049437529,0.26353059842347587,0.5302884936032967,0.30619163864449095,0.3546839805045501,87,0.6956521436672981,55.09,0.14305763950687833,0.2802768326131627,0.5766655304469168,0.2513283372321424,0.36769046575694675,80,0.4545454338842984,51.79,0.07100759781296599,1,0.0,0,0.21302279343889796,1,0.0,0,0.7455797770361429,1,3.9054178797131294,1,0.0,0,0.07100759781296599,1,0.10651139671944898,1,0.17751899453241496,1,0.8520911737555918,1,1.0296101682880068,1,1.4201519562593197,1,0.07100759781296599,1,28166,3,3575,0.1269260810906767,12546,0.44543066108073565,12045,0.42764325782858764,0.0277639707448697,0.16612227508343394,0.13292622310587232,0,0,0,0,0,1,1,0,0,0,0,0,0
AOS,0.20626731278108698,0.08060888525098563,0.7131238056612866,0.3117337022359353,0.2094774482572868,175.0,2.9090906446281233,66.98,0.131265910314326,0.1554064932874495,0.7133275944095357,0.24604494494233908,0.2645149180348522,133,0.7222221820987677,59.49,0.061607193496502656,0.07856274284186619,0.859830064196061,0.12535615526929936,0.14644095244558636,237,0.6249999218750099,62.05,0.16261749113734675,1,0.22766448759228544,1,0.016261749113734673,1,0.016261749113734673,1,1.593651413145998,1,3.805249292613914,1,0.0,0,0.0,0,0.650469964549387,1,0.9269196994828763,1,0.30897323316095876,1,4.276840016912218,1,3.1222558298370573,1,0.11383224379614272,1,61494,3,59330,0.9648095749178782,2145,0.034881451848960875,19,0.0003089732331609588,0.0841870751618044,0.10724623540508017,0.17016294272611962,1,1,5,0,0,1,3,0,0,0,0,0,0
APD,0.2785645335632032,0.2300403740652518,0.49139509000496506,0.3296663829633351,0.35814659189243003,73.0,1.0588234671280312,59.8,0.20029489301145076,0.2216082513704896,0.5780968501791358,0.2743667772576765,0.3370725063886562,75,0.7499999531250029,57.61,0.15176467164311297,0.21975842867653037,0.628476896821413,0.2543249441741972,0.30885875098511373,43,0.5555554938271674,56.03,2.619047619047619,1,0.09523809523809525,1,0.09523809523809525,1,0.09523809523809525,1,2.5238095238095237,1,2.8095238095238093,1,0.0,0,0.0,0,0.3333333333333333,1,0.04761904761904762,1,0.42857142857142855,1,1.6666666666666667,1,1.5714285714285714,1,0.23809523809523808,1,21000,3,3664,0.17447619047619048,4813,0.2291904761904762,12523,0.5963333333333334,0.15580952380952381,0.1823809523809524,0.08966666666666667,1,0,0,0,0,1,1,0,0,0,0,0,0
APH,0.19939166719674087,0.13980922971653645,0.6607991047508892,0.27585126223997697,0.24343915709480068,61.0,1.2499998437500197,62.89,0.21002719998775915,0.28234500937195045,0.5076277838426762,0.28487860546228005,0.3740341361228789,179,0.5660377251690996,54.0,0.16764622562649575,0.1657691512267444,0.666584623025053,0.2419011944519518,0.29489000918196284,88,0.5294117335640156,60.09,0.40655915435695894,1,0.0,0,0.5420788724759452,1,0.1129330984324886,1,0.7679450693409224,1,4.065591543569589,1,0.09034647874599089,1,0.2258661968649772,1,0.18069295749198178,1,0.0,0,0.5872521118489408,1,0.6098387315354383,1,2.145728870217283,1,0.31621267561096805,1,44274,3,1412,0.03189230699733478,12883,0.29098342142115013,29979,0.6771242715815151,0.06353616117811808,0.17262953426390207,0.08284772101007364,0,0,0,0,0,1,2,0,0,0,0,0,0
APTV,0.3471460981568048,0.11581964517611411,0.5370342575039688,0.33513902023362446,0.21975074395188718,143.0,3.8571425816326728,69.62,0.20920731963055647,0.3096984951578848,0.48109418797813464,0.28287757854780443,0.38533755046052026,272,0.6746987870518218,52.19,0.11143622064318891,0.17715963785684555,0.7114041409516167,0.20290331896990008,0.3062299608976699,107,0.4117646816609011,57.38,1.2495983433896247,1,0.7676104109393409,1,0.32132528830018925,1,0.3927309079224535,1,1.1246385090506623,1,5.123353207897461,1,0.0,0,0.0,0,0.267771073583491,1,0.16066264415009462,1,0.4462851226391517,1,0.553393552072548,1,0.9639758649005676,1,0.21421685886679281,1,56018,3,7526,0.13434967331929024,10979,0.19599057445820986,37513,0.6696597522225,0.12238923203256097,0.2359598700417723,0.07822485629619051,1,0,0,0,0,1,3,0,0,0,0,0,0
ARE,0.24093010401301976,0.20894775471069055,0.5501221424874363,0.2877926555217376,0.30303370857911904,218.0,1.2926828953004172,59.85,0.18066203278799853,0.342809704040798,0.47652825945367416,0.26639173015801665,0.378217809412812,300,0.45370369950274353,49.04,0.18397486211171935,0.2063401733766069,0.609684960773358,0.2586168853735437,0.29151179084684214,143,0.7241379060642101,58.03,1.1016613052483146,1,0.2291455514916494,1,0.58167716917111,1,0.14982593751377077,1,1.1897942096681797,1,2.749746617899793,1,0.0,0,0.1850790992817168,1,0.29965187502754154,1,0.1586392279557573,1,0.3701581985634336,1,0.3525316176794606,1,0.4671043934252853,1,0.2820252941435685,1,113465,3,460,0.004054113603313797,41005,0.3613889745736571,72000,0.6345569118230291,0.08339135416207641,0.14185872295421495,0.06468073855373904,0,0,0,0,0,1,2,0,0,0,0,0,0
ATO,0.1311454809167319,0.28312973160710597,0.5857247865448395,0.20764617570050561,0.37642453437214446,45.0,0.23076921301775286,51.19,0.29240942637507733,0.1455620932034575,0.5620284771403441,0.3316486185311521,0.27402655752364075,65,2.333333074074103,65.77,0.18064399329679354,0.11968304092685382,0.6996729760652497,0.26586498159083716,0.22506740855956486,21,1.499999250000375,63.54,0.6444960041247745,1,0.0,0,0.580046403712297,1,0.06444960041247745,1,2.384635215261665,1,6.509409641660222,1,0.0,0,0.06444960041247745,1,0.3866976024748647,1,0.2577984016499098,1,0.3866976024748647,1,0.2577984016499098,1,0.6444960041247745,1,0.0,0,15516,3,4604,0.29672596029904613,4037,0.2601830368651714,6875,0.4430910028357824,0.13837329208558907,0.20250064449600413,0.06380510440835267,1,0,0,0,0,1,2,0,0,0,0,0,0
ATVI,0.31122902093920857,0.18058144999668002,0.5081895492039621,0.3614473658411321,0.2804310132592556,8.0,1.9999980000020001,64.16,0.23279839697352145,0.28534921583680745,0.481852389095972,0.30225849069539934,0.3694936237189433,96,0.6785714043367356,54.6,0.14469712542680402,0.19679765512701125,0.6585052174826463,0.2371954894573321,0.26819513720583554,60,0.6666666111111158,57.27,0.11648223645894001,1,0.029120559114735003,1,0.17472335468841002,1,0.029120559114735003,1,0.844496214327315,1,3.9021549213744904,1,0.0,0,0.08736167734420501,1,0.43680838672102507,1,0.320326150262085,1,0.3785672684915551,1,0.611531741409435,1,1.1648223645894002,1,0.5532906231799651,1,34340,3,6853,0.19956319161327898,14918,0.4344205008736168,12569,0.36601630751310427,0.009493302271403612,0.1451077460687245,0.08974956319161329,1,0,0,0,0,0,0,0,0,0,0,0,0
AVB,0.077887389731283,0.13362199200006822,0.7884906233909229,0.1239808067490032,0.20618381698358754,24.0,0.9999990000010001,59.04,0.17202229054415957,0.16277181152090953,0.6652058935805893,0.25960552651411517,0.27728145574523266,57,0.9999998750000157,60.44,0.10549515296676845,0.22758434913262274,0.6669204997068102,0.19913496725456245,0.2717194037317334,33,0.4285713673469475,53.9,0.1258336479174531,1,0.04194454930581771,1,0.1258336479174531,1,0.04194454930581771,1,1.2583364791745313,1,0.6711127888930833,1,0.0,0,2.0552829159850674,1,0.3775009437523594,1,0.08388909861163542,1,0.6711127888930833,1,0.2936118451407239,1,0.880835535422172,1,0.08388909861163542,1,23841,3,4414,0.18514324063587936,8137,0.3413027977014387,11290,0.47355396166268193,0.05838681263369825,0.13896229185017406,0.08284048487898997,1,0,0,0,0,0,0,0,0,0,0,0,0
AVGO,0.06461476838510287,0.3323938909329866,0.6029913299962094,0.07320477177022229,0.33424928920544167,19.0,0.0,45.66,0.15213014145820647,0.3588237838241561,0.4890460772546886,0.23959157060289962,0.38240815590556054,87,0.2571428497959186,47.0,0.08484438963932917,0.34528323601261945,0.5698723745008465,0.14595950581923986,0.34608873257685074,64,0.14285713605442207,45.53,0.0,0,0.12911972626618032,1,0.09683979469963525,1,0.09683979469963525,1,0.7101584944639917,1,3.195713225087963,1,0.0,0,0.0,0,0.1613996578327254,1,1.0006778785628976,1,0.6778785628974466,1,0.6133186997643566,1,1.4203169889279834,1,0.25823945253236064,1,30979,3,7068,0.2281545563123406,14948,0.48252041705671583,8963,0.28932502663094356,0.036056683559830854,0.12937796571871268,0.08738177475063753,1,0,0,0,0,1,1,0,0,0,0,0,0
AVY,0.2223726082089785,0.3100925666607312,0.46753483764021786,0.2980888231742254,0.37827185555986703,37.0,0.615384568047341,52.63,0.2163268454424623,0.3462209419036905,0.4374522163429194,0.28756868572103766,0.405283910419685,90,0.5454545289256204,50.07,0.09400376060080749,0.32512212824076414,0.580874115228653,0.1399644507427706,0.4045884438619481,27,0.09999999000000101,47.16,1.1505143475906876,1,0.0676773145641581,1,0.2707092582566324,1,0.6090958310774228,1,0.5414185165132648,1,7.1061180292366,1,0.0,0,0.0,0,0.1353546291283162,1,0.5414185165132648,1,0.8798050893340552,1,0.744450460205739,1,1.0151597184623715,1,0.33838657282079043,1,14776,3,3274,0.2215755278830536,11459,0.7755143475906876,43,0.002910124526258798,0.08229561451001624,0.21162696264212236,0.06551164049810504,1,0,0,0,0,1,1,0,0,0,0,0,0
AWK,0.20983704526202746,0.1771147904761825,0.6130481661492926,0.2736663359271498,0.29584687963479217,281.0,1.0576922873520715,60.83,0.23471729202165129,0.19483164323298313,0.5704510697827402,0.2817667958123895,0.32114566661097244,181,1.117647025951558,60.55,0.15933430843017618,0.1531182674531157,0.6875474223434322,0.2577895410245237,0.2679568415164688,99,0.9285713622449028,60.62,0.29374548083875635,1,0.04519161243673174,1,0.02259580621836587,1,3.2537960954446854,1,2.1691973969631237,1,6.756146059291396,1,0.0,0,0.18076644974692696,1,0.2485538684020246,1,0.1581706435285611,1,0.881236442516269,1,0.7908532176428055,1,1.4913232104121474,1,0.09038322487346348,1,44256,3,15022,0.3394342010122921,13547,0.30610538684020244,15687,0.3544604121475054,0.3289497469269704,0.20641268980477223,0.11851500361532899,1,0,0,0,0,1,2,0,0,0,0,0,0
AXP,0.1702791582016895,0.17858757220286256,0.6511332563435038,0.25953258110449723,0.28455264508349576,24.0,0.7499998125000469,59.35,0.26276297281729055,0.1536913528398145,0.5835456743836402,0.30173890085404564,0.2642362088482467,80,2.1111108765432363,64.21,0.11147117925930523,0.19123434162180045,0.6972944758341698,0.1954292556645626,0.2939924154917904,167,0.3448275743162905,56.47,0.08373631434612405,1,0.06280223575959304,1,0.27214302162490317,1,0.0,0,1.0257698507400197,1,1.528187736816764,1,0.0,0,0.08373631434612405,1,0.18840670727877912,1,0.4814838074902133,1,1.8003307584416672,1,1.0048357721534886,1,1.8631329942012602,1,0.8373631434612405,1,47769,3,11192,0.2342942075404551,13825,0.28941363645879126,22752,0.47629215600075364,0.02085034227218489,0.09903912579287823,0.18861604806464444,1,0,0,0,0,0,0,0,0,0,0,0,0
AZO,0.0666042151550452,0.4564965219547351,0.476899262269338,0.10344300527824717,0.3754045492228416,15.0,0.12499998437500197,37.66,0.18270501043074405,0.3718653310018663,0.44542965702712534,0.2743987881902568,0.41937441439750767,65,0.4399999824000007,47.22,0.13431628833621226,0.14757358984507876,0.7181101217223652,0.24172665099543583,0.27663228004630885,58,0.7499999062500118,60.11,0.2564365575956508,1,0.1538619345573905,1,0.20514924607652066,1,0.20514924607652066,1,0.2564365575956508,1,3.538824494819982,1,0.0,0,0.0,0,0.35901118063391113,1,0.20514924607652066,1,0.8205969843060826,1,0.10257462303826033,1,1.4360447225356445,1,0.1538619345573905,1,19498,3,5032,0.258077751564263,5990,0.3072109959995897,8476,0.4347112524361473,0.03487537183300851,0.16273463945020003,0.11452456662221766,1,0,0,0,0,0,0,0,0,0,0,0,0
BA,0.08150228202742126,0.30190969883863417,0.616588012581425,0.14786062099465128,0.34052892392254863,28.0,0.12499998437500197,48.23,0.1720778480216506,0.35642935988448915,0.47149279387224285,0.25643526234736197,0.4064649329406718,105,0.4324324207450697,47.85,0.14096769224852324,0.3472735754447058,0.5117587346117943,0.22260389678130282,0.35437163849676256,40,0.42857139795918586,47.36,0.36008786143819094,1,0.0,0,0.25206150300673363,1,0.14403514457527639,1,0.7201757228763819,1,3.6368874005257283,1,0.0,0,0.0,0,0.07201757228763819,1,0.39609664758201,1,0.6481581505887436,1,0.3240790752943718,1,1.0082460120269345,1,0.5041230060134673,1,27771,3,2927,0.10539771704295849,8587,0.3092074466169745,16257,0.585394836340067,0.039609664758201,0.1569262900147636,0.054193223146447735,1,0,0,0,0,1,1,0,0,0,0,0,0
BAC,0.1485339940478236,0.36502768341609737,0.48643832161264905,0.2529827063939169,0.3825976565924196,59.0,0.333333319444445,46.47,0.14024799374460395,0.31023408686950693,0.5495179173216891,0.23438261284389109,0.3674097165299836,268,0.3294117608304499,49.74,0.1046128762109826,0.21032035852471986,0.6850667655250678,0.1703413029938555,0.32564150730264124,300,0.27272726859504137,54.99,0.27923289140074387,1,0.1452011035283868,1,0.6143123610816364,1,0.0,0,2.859344807943617,1,2.4237414973584572,1,0.0,0,0.044677262624119016,1,0.11169315656029755,1,0.13403178787235706,1,1.3514871943796003,1,0.681328255017815,1,1.4855189822519574,1,0.5026192045213389,1,89531,3,3127,0.034926450056405045,20627,0.23038947403692575,65777,0.7346840759066692,0.03313935955144028,0.1472674269247523,0.15910690152014387,1,0,0,0,0,1,5,0,0,0,0,0,0
BAX,0.12101744600620709,0.4047832350785795,0.4741993326889841,0.19749831952143482,0.3562672024830323,19.0,0.24999996875000394,42.92,0.19843109381997986,0.32358037592563293,0.47798853203499875,0.28227913574514707,0.3841579960092589,193,0.538461530177515,50.91,0.19005115481206414,0.2798138415356251,0.5301350009994525,0.2840731309342638,0.3535896120613731,66,0.5454545206611581,53.46,0.20746887966804978,1,0.06915629322268327,1,0.3112033195020747,1,0.0,0,0.4495159059474412,1,7.123098201936376,1,0.034578146611341634,1,0.034578146611341634,1,0.17289073305670816,1,0.38035961272475793,1,0.8990318118948823,1,0.38035961272475793,1,1.7289073305670815,1,0.38035961272475793,1,28920,3,1603,0.055428769017980634,13988,0.48367911479944675,13329,0.4608921161825726,0.03281466113416321,0.29062932226832644,0.11455739972337482,0,0,0,0,0,1,2,0,0,0,0,0,0
BBWI,0.06813332975088131,0.6844919668067069,0.24737470047104926,0.12285647090776775,0.3069138609902896,21.0,0.055555552469135974,22.89,0.18128485576569164,0.3955339924772236,0.4231811454043771,0.2742201936673631,0.4119129201087427,137,0.35483870395421446,45.64,0.12188610717321173,0.2883883651950403,0.5897255297626881,0.20050302077080728,0.3641288544146048,151,0.28571427988338205,50.52,0.04514366972891227,1,0.0,0,0.13543100918673678,1,0.04514366972891227,1,1.7831749542920345,1,2.731192018599192,1,0.09028733945782454,1,0.06771550459336839,1,0.13543100918673678,1,0.13543100918673678,1,0.9931607340360699,1,0.7674423853915084,1,1.7606031194275782,1,0.15800284405119291,1,44303,3,4929,0.11125657404690427,12215,0.27571496286933167,27159,0.6130284630837641,0.02363271110308557,0.13940365212288106,0.13899735909532085,0,0,0,0,0,0,0,0,0,0,0,0,0
BBY,0.49159763665455913,0.11216822209664518,0.396234133384294,0.3244118464232143,0.23175446193619925,18.0,9.999990000010001,74.91,0.1915658266965564,0.39250639481396654,0.4159277810634473,0.2844378107793382,0.4121771911960059,127,0.4423076838017753,46.19,0.2256971914875543,0.2891283151804514,0.48517449579334687,0.2970088308339927,0.3753016677923539,42,0.7499999375000053,54.11,0.4363001745200698,1,0.14543339150668994,1,0.19391118867558657,1,0.24238898584448323,1,0.48477797168896647,1,8.6775256932325,1,0.14543339150668994,1,0.09695559433779329,1,0.09695559433779329,1,0.24238898584448323,1,0.824122551871243,1,1.0665115377157262,1,1.0180337405468296,1,0.04847779716889664,1,20628,3,3225,0.1563408958696917,9558,0.46335078534031415,7845,0.38030831878999416,0.0318499127399651,0.24321310839635446,0.07019585030056234,1,0,0,0,0,1,1,0,0,0,0,0,0
BDX,0.12892837767842516,0.4762474850847803,0.394824149793592,0.2293987220608344,0.3717519768452946,29.0,0.21428569897959293,38.56,0.19046474603663494,0.3993965886340181,0.4101386679927023,0.2852784147712344,0.4107010234155424,164,0.414285708367347,45.71,0.11384181547063318,0.17966392510888082,0.7064942626324906,0.21373156113585018,0.2850069704679081,88,0.49999996428571686,57.31,0.2676022835394862,1,0.11893434823977166,1,0.4757373929590866,1,0.0,0,0.683872502378687,1,5.41151284490961,1,0.0,0,0.08920076117982874,1,0.2081351094196004,1,0.029733587059942914,1,0.8920076117982874,1,0.8028068506184586,1,2.4381541389153187,1,0.4460038058991437,1,33632,3,1156,0.034372026641294004,11939,0.3549892959086584,20537,0.6106386774500476,0.047960275927687916,0.21530090390104661,0.1073977164605138,0,0,0,0,0,0,0,0,0,0,0,0,0
BIIB,0.27511866589815454,0.14648348224702581,0.5783978452071034,0.29610671674222966,0.3137084942813381,29.0,1.4999996250000938,65.11,0.28355487891162434,0.14842998976819216,0.5680151315654317,0.30924712347724004,0.2794117080956266,300,1.904761859410432,65.28,0.08156479646187322,0.16164213602350633,0.75679306331792,0.11512508919655501,0.27711367929245073,162,0.14285713775510223,57.35,0.05574835193934579,1,0.05574835193934579,1,0.05574835193934579,1,0.05574835193934579,1,0.8780365430446962,1,5.909325305570654,1,0.027874175969672895,1,0.1393708798483645,1,0.1951192317877103,1,0.013937087984836448,1,0.8919736310295326,1,0.7804769271508412,1,0.9198478069992057,1,0.5992947833479674,1,71751,3,3387,0.04720491700464105,30014,0.41830775877688114,38350,0.5344873242184778,0.02111468829702722,0.2713551030647656,0.08990815459017992,0,0,0,0,0,1,6,0,0,0,0,0,0
BIO,0.03579606115818024,0.27791317000698584,0.6862907759272135,0.027414917045665583,0.31070338176182805,13.0,0.0,48.19,0.15324797013974084,0.28788862458480124,0.55886341576531,0.23280619691371165,0.37031098346716046,112,0.3939393820018369,51.65,0.13017409466207028,0.3370291525870562,0.5327967607229948,0.20441763596450416,0.39486125678687356,25,0.19999998000000202,47.65,0.10513588813541502,1,0.0,0,0.05256794406770751,1,0.15770383220312253,1,1.0513588813541503,1,6.938968616937391,1,0.0,0,0.0,0,0.15770383220312253,1,0.15770383220312253,1,0.6308153288124901,1,1.2616306576249803,1,1.1039268254218577,1,0.21027177627083005,1,19023,3,3222,0.1693739157861536,9064,0.47647584502970086,6737,0.3541502391841455,0.04121326814908269,0.2578457656521053,0.05545918099143143,1,0,0,0,0,1,2,0,0,0,0,0,0
BK,0.029987793415784836,0.020334454253315926,0.9496777653694153,0.0,0.0,1.0,0.0,64.73,0.42104296013712883,0.18807122204452753,0.3908858373761177,0.38693561032414436,0.17162856366485357,2,1000000.0,67.51,0.416948975995183,0.02388844918459654,0.5591625720262527,0.3910294156521559,0.0074458131566643715,2,1000000.0,78.04,0.0,0,0.9082652134423251,1,0.0,0,0.0,0,0.0,0,2.7247956403269753,1,0.0,0,0.0,0,0.0,0,0.0,0,0.0,0,0.0,0,0.0,0,0.0,0,1101,3,1021,0.927338782924614,28,0.025431425976385105,52,0.047229791099000905,0.09173478655767484,0.09445958219800181,0.04450499545867393,0,0,0,0,0,0,0,0,0,0,0,0,0
BKNG,0.12460048698509733,0.5046544825502982,0.37074500663826865,0.14886272321740132,0.35337975678858974,12.0,0.0,36.56,0.22019942208998283,0.22585502240049132,0.5539455584455597,0.28414813428067925,0.3252173650015002,118,0.8518518203017844,58.03,0.10879039677769639,0.3932625539925729,0.49794705045344523,0.2000290999963604,0.3722473843146186,86,0.19444443904321004,43.25,0.0483851457602516,1,0.14515543728075483,1,0.0,0,0.0,0,1.0644732067255351,1,2.9756864642554732,1,0.07257771864037742,1,0.0483851457602516,1,0.0483851457602516,1,0.2177331559211322,1,1.2580137897665418,1,0.6773920406435224,1,1.3789766541671706,1,0.8225474779242773,1,41335,3,6130,0.14830047175517116,20695,0.5006652957542035,14510,0.3510342324906254,0.017249304463529697,0.11479375831619693,0.09599612918833918,1,0,0,0,0,1,3,0,0,0,0,0,0
BMY,0.12227415404497431,0.18932768340724018,0.6883981634791081,0.22183314717462999,0.2688343873371828,26.0,0.6666664444445185,56.97,0.2540272894519858,0.17932106738338954,0.5666516440748546,0.3012191812279251,0.30821627585265393,287,1.3469387480216584,62.24,0.21557555412873625,0.14112042197957636,0.6433040209487081,0.3103194171637219,0.23208964360349593,100,1.6363634876033195,63.37,0.0,0,0.059100781607836765,1,0.029550390803918383,1,0.08865117241175514,1,1.0638140689410618,1,5.319070344705309,1,0.0,0,0.1477519540195919,1,0.22162793102938788,1,0.2955039080391838,1,0.856961333313633,1,0.33982949424506137,1,1.5070699309998374,1,0.7978605517057964,1,67681,3,8648,0.12777588983614308,16201,0.23937294070714085,42832,0.632851169456716,0.022236669079948583,0.18863491969681298,0.0732110932167078,0,0,0,0,0,1,2,0,0,0,0,0,0
BR,0.1231151781976223,0.014773197937756777,0.8621116280555725,0.06999892368912697,0.0026775668375194073,2.0,0.0,68.35,0.19622753423791897,0.15178115777907114,0.6519913030670413,0.2810113667391994,0.29011534354939245,79,0.9999999166666736,62.0,0.19234897043012703,0.10664072585253355,0.7010102966645112,0.2736363369575867,0.23947461138707152,96,1.4999998500000151,64.8,0.0,0,0.0,0,0.0,0,0.0,0,1.6305118389337871,1,2.9065645824471855,1,0.0,0,0.03544590954203885,1,0.1417836381681554,1,0.10633772862611655,1,1.1342691053452432,1,1.914079115270098,1,1.1342691053452432,1,0.0708918190840777,1,28212,3,9811,0.34775981851694315,6923,0.24539203175953495,11478,0.4068481497235219,0.005494115979016022,0.1171487310364384,0.14975896781511414,1,0,0,0,0,0,0,0,0,0,0,0,0
BRO,0.0645003126313289,0.32236630997310084,0.6131333756881455,0.05856982724983473,0.4118296606630178,12.0,0.0,46.3,0.2540328395642483,0.17401323274512273,0.5719539299428177,0.31054895264132054,0.3013001932366875,104,1.5882352006920468,62.58,0.12007862310046735,0.1413403675041121,0.7385810065366651,0.23032829848800104,0.27382147354315983,115,0.8571427959183717,60.02,0.0,0,0.11706403402661256,1,0.07804268935107504,1,0.0,0,0.6633628594841379,1,6.165372458734928,1,0.0,0,0.15608537870215008,1,0.2731494127287626,1,0.19510672337768759,1,0.5853201701330628,1,0.7414055488352128,1,1.287704374292738,1,0.31217075740430017,1,25627,3,7404,0.2889140359776798,7511,0.2930893198579623,10712,0.4179966441643579,0.01826198930815156,0.15706091231903851,0.143013228235845,0,0,0,0,0,1,5,0,0,0,0,0,0
BSX,0.27348779540508983,0.18168981418013572,0.544822391346097,0.3222972417614326,0.29604324763878465,50.0,1.5555553827160686,62.76,0.27379579381085933,0.22505571032563845,0.5011484946062168,0.3138328279841288,0.34655845775784866,300,0.9857142716326533,59.95,0.19447001687117985,0.13336348943412304,0.6721664994955063,0.2541409270146798,0.24407881472312906,105,1.230769136094682,63.14,0.14307288768778317,1,0.09538192512518878,1,0.3020427628964311,1,0.07948493760432397,1,1.3830379143152371,1,7.376202209681265,1,0.031793975041729594,1,0.19076385025037756,1,0.3338367379381607,1,0.25435180033383675,1,0.6517764883554567,1,1.3512439392735078,1,2.161990302837612,1,0.3497337254590255,1,62905,3,10381,0.16502662745409744,13402,0.21305142675462999,39122,0.6219219457912726,0.029679675701454574,0.2279469040616803,0.07651220093792227,1,0,0,0,0,1,6,0,0,0,0,0,0
BWA,0.15593198131626615,0.16885056643961713,0.6752174396354419,0.24749875655786574,0.29840117146963724,26.0,0.9999996666667778,59.48,0.2083456714726275,0.22846814512851693,0.5631861864278714,0.29622846974703554,0.3184376159339464,105,0.9999999545454565,57.44,0.09161037597968652,0.14987852548559508,0.7585111032975348,0.14234947464115252,0.2685737776445645,57,0.4285713673469475,58.46,0.590393455066841,1,0.0,0,0.042170961076202926,1,0.1265128832286088,1,0.8855901826002615,1,5.777421667439801,1,0.0,0,0.0,0,0.2951967275334205,1,0.1265128832286088,1,0.5060515329144352,1,1.6868384430481171,1,0.9277611436764645,1,0.08434192215240585,1,23713,3,5255,0.22160840045544639,7093,0.2991186269135074,11365,0.47927297263104623,0.0576898747522456,0.17669632690929027,0.0994391262176865,1,0,0,0,0,1,1,0,0,0,0,0,0
BX,0.20777763460585677,0.28357547852125,0.5086468918123311,0.2961329207493948,0.3629662857252704,163.0,0.7291666514756948,53.84,0.2242265277619784,0.18596645007375628,0.589807027100275,0.27677432169539024,0.3288982306108209,300,0.9642856970663268,60.76,0.13690814296714962,0.22098019399059315,0.6421116629491249,0.22403903884703136,0.32609908611164995,300,0.4843749924316408,55.43,0.19523058901791784,1,0.04338457533731507,1,0.37599965292339727,1,0.021692287668657537,1,2.6826129083573154,1,2.3066132554339185,1,0.04338457533731507,1,0.10123067578706851,1,0.5278456666040001,1,0.9544606574209316,1,1.0412298080955618,1,0.8676915067463015,1,0.8315376939652055,1,0.5712302419413151,1,138298,3,6032,0.043615959739114085,56310,0.40716423954070197,75956,0.549219800720184,0.04819303243720083,0.14011771681441526,0.11903281320048012,1,0,0,0,0,1,12,0,0,0,0,0,0
BXP,0.07473189625306986,0.1879490531719057,0.7373190476209857,0.11345276067509225,0.2190148716111879,64.0,0.12499998437500197,55.4,0.11002721346449107,0.1938646035185749,0.6961081877816468,0.22720244212205992,0.29497514448390616,112,0.4347825897920613,56.25,0.08647624930987756,0.14749912503420523,0.7660246311539882,0.18870521490107864,0.24059384079281687,114,0.5454544958677732,58.44,0.05570254839158892,1,0.0,0,0.20888455646845844,1,0.0,0,1.392563709789723,1,1.0444227823422922,1,0.0,0,0.02785127419579446,1,0.5291742097200947,1,0.12533073388107507,1,0.5570254839158892,1,0.25066146776215015,1,0.7380587661885532,1,0.15318200807686952,1,71810,3,11019,0.15344659518172957,15900,0.22141762985656593,44891,0.6251357749617045,0.042598523882467626,0.07649352457874947,0.0693357471104303,1,0,0,0,0,0,0,0,0,0,0,0,0
CARR,0.1863860554865324,0.2823593453960676,0.5312545975195426,0.27902137016119455,0.34676697214156604,51.0,0.5333332977777802,53.17,0.276796021396677,0.22434402195328515,0.4988599563885021,0.3354362123401339,0.3504269256106003,146,1.3437499580078138,60.11,0.1653152857145125,0.23604609254239636,0.5986386247995225,0.2754837167680023,0.3187285345363823,55,0.615384568047341,55.44,0.6413158291836427,1,0.07544892108042855,1,0.8299381318847141,1,0.03772446054021428,1,1.8484985664704996,1,5.432322317790856,1,0.03772446054021428,1,0.03772446054021428,1,0.4904179870227856,1,0.18862230270107136,1,0.8676625924249283,1,0.9053870529651425,1,1.5844273426889997,1,0.41496906594235705,1,26508,3,3943,0.1487475479100649,14616,0.5513807152557718,7949,0.2998717368341633,0.08148483476686283,0.24668024747246114,0.10159197223479705,1,0,0,0,0,1,3,0,0,0,0,0,0
CAT,0.21439367659249395,0.17680693983609946,0.6087993806192897,0.3247362204892959,0.26663209360754764,53.0,1.2222220864197684,61.01,0.22415900236388686,0.25740261586946905,0.518438386004589,0.2999474520178532,0.3477747625132009,109,0.9230768875739658,56.11,0.28333076147336356,0.2156529140619325,0.5010163227988171,0.3439845517439957,0.294721082041928,71,1.6666665277777895,60.9,0.4022391311634767,1,0.0,0,0.06703985519391277,1,0.10055978279086918,1,0.603358696745215,1,4.290550732410417,1,0.0,0,0.0,0,0.3016793483726075,1,0.770958334729997,1,0.7039184795360842,1,0.770958334729997,1,1.4413568866691249,1,0.16759963798478195,1,29833,3,5523,0.18513056011799014,8394,0.28136627224885197,15916,0.5335031676331579,0.08453725739952402,0.13793450206147553,0.09164348205007877,1,0,0,0,0,0,0,0,0,0,0,0,0
CBRE,0.15141680057753215,0.22359874505888333,0.6249844570728865,0.21701288335786648,0.27620011642560577,22.0,0.9999996666667778,55.77,0.2544741915073246,0.2654821583116427,0.4800436487048864,0.32950313294701156,0.35125075558499286,100,1.0416666232638907,56.65,0.2911973337759264,0.1895501988280254,0.5192524733332297,0.34921769500159244,0.28418366067104706,48,1.8571425918367725,62.87,0.10353038616834041,1,0.06902025744556027,1,0.10353038616834041,1,0.0,0,1.552955792525106,1,4.5898471201297575,1,0.034510128722780135,1,0.10353038616834041,1,0.06902025744556027,1,0.8627532180695033,1,0.7937329606239432,1,1.0007937329606238,1,1.035303861683404,1,0.2760810297822411,1,28977,3,4956,0.17103219795009836,10854,0.3745729371570556,13167,0.45439486489284603,0.042654519101356245,0.15101632329088588,0.08292783932084066,1,0,0,0,0,1,4,0,0,0,0,0,0
CCI,0.08862149983178824,0.21401702251750976,0.6973614732269198,0.15146744343922397,0.28596627288814414,32.0,0.399999920000016,54.19,0.15274314284729568,0.33076901188241725,0.5164878412109354,0.26845663017380744,0.35080050336829544,46,0.37499997656250145,48.85,0.10506635679510133,0.11711542250524307,0.7778182162036156,0.20737784696599396,0.2391819807883871,29,0.6666664444445185,61.06,0.6205398696866273,1,0.12410797393732546,1,0.31026993484331367,1,0.06205398696866273,1,1.0549177784672665,1,3.4129692832764507,1,0.0,0,0.3723239218119764,1,0.8067018305926156,1,0.06205398696866273,1,0.9928637914986037,1,0.12410797393732546,1,0.8687558175612784,1,0.0,0,16115,3,583,0.03617747440273038,15516,0.962829661805771,16,0.0009928637914986037,0.08619298789947254,0.1396835246664598,0.08935774123487435,0,0,0,0,0,0,0,0,0,0,0,0,0
CCL,0.2506548826758926,0.0967881964720987,0.6525569245737032,0.28978347500707746,0.2128826944410067,259.0,2.95238081179139,67.48,0.24108686341045826,0.19617126633267046,0.5627418703070897,0.2761264249779283,0.3319840899428181,204,1.210526283933519,60.69,0.22571127090070928,0.09830453282488244,0.6759841960242816,0.2748018465373296,0.22061011607531042,175,2.6153844142011993,66.51,4.2594859241126075,1,0.0,0,0.5385556915544676,1,0.7343941248470012,1,1.0771113831089352,1,8.347613219094246,1,0.04895960832313341,1,0.14687882496940025,1,0.04895960832313341,1,0.07343941248470012,1,2.7906976744186047,1,0.758873929008568,1,1.1995104039167688,1,0.3427172582619339,1,40850,3,13030,0.3189718482252142,6874,0.16827417380660956,20946,0.5127539779681762,0.22643818849449204,0.19099143206854347,0.1624235006119951,1,0,0,0,0,1,4,0,0,0,0,0,0
CDAY,0.14994019057069505,0.21874774247407913,0.6313120744058064,0.29018288883005494,0.23242562812426068,7.0,0.9999990000010001,56.03,0.16417249008217483,0.13088675289984467,0.7049407576147503,0.24478384072737114,0.2663060695438903,103,1.1666665694444527,62.24,0.15678902730966607,0.18606245291955542,0.657148520716212,0.27272380844338423,0.3122244548257372,66,0.7499999375000053,58.39,0.0,0,0.07425007425007424,1,0.03712503712503712,1,0.0,0,0.5940005940005939,1,4.417879417879418,1,0.0,0,0.0,0,0.14850014850014848,1,0.14850014850014848,1,0.5940005940005939,1,0.5568755568755569,1,1.485001485001485,1,0.37125037125037125,1,26936,3,3881,0.1440822690822691,12092,0.44891594891594894,10963,0.407001782001782,0.012288387288387288,0.122995247995248,0.08601871101871102,1,0,0,0,0,1,10,0,0,0,0,0,0
CDNS,0.18965087885347506,0.28312303125858307,0.5272260808075467,0.2379388268185863,0.3123533216735291,12.0,0.49999987500003124,53.23,0.1637139325617876,0.3223789818810968,0.5139070862307421,0.21635161658014945,0.3769296775500505,103,0.3823529299307962,49.78,0.13382443811860867,0.2629067664311151,0.6032687894185074,0.22471615482667448,0.3456213244871362,64,0.35294115570934376,52.59,0.148892611204169,1,0.03722315280104225,1,0.148892611204169,1,0.0,0,1.1166945840312674,1,5.95570444816676,1,0.0,0,0.297785222408338,1,0.297785222408338,1,0.22333891680625348,1,0.595570444816676,1,0.3722315280104225,1,0.8561325144239718,1,0.11166945840312674,1,26865,3,6757,0.2515168434766425,13088,0.48717662386004096,7020,0.2613065326633166,0.025572305974316024,0.192071468453378,0.11870463428252373,1,0,0,0,0,1,1,0,0,0,0,0,0
CDW,0.16366988167698895,0.4154757947794029,0.42085434815713335,0.17302988340505865,0.3423135316724515,7.0,0.0,43.72,0.2269548142471144,0.2724559382509647,0.5005892482327504,0.277945872725389,0.35589809174457043,72,0.6499999675000016,55.23,0.20302235893905163,0.3051212883820491,0.49185634622616425,0.3006018719819895,0.3585614798192544,35,0.4999999583333368,52.27,0.0,0,0.0,0,0.14199839068490558,1,0.047332796894968526,1,1.7513134851138354,1,2.9346334074880485,1,0.0,0,0.047332796894968526,1,0.4259951720547167,1,0.33132957826477966,1,0.4259951720547167,1,0.899323141004402,1,0.7573247503194964,1,0.23666398447484263,1,21127,3,1669,0.07899843801770247,11837,0.5602783168457424,7621,0.3607232451365551,0.022246414540635206,0.18483457187485208,0.10261750366829175,0,0,0,0,0,1,5,0,0,0,0,0,0
CE,0.15848602715565205,0.2618320666543849,0.5796819087359812,0.2619856650959392,0.3596226139362887,154.0,0.3913043393194709,53.53,0.1710096526692605,0.2956001658389378,0.5333901828915409,0.2417594642790695,0.3760941296671498,169,0.48148147256515794,51.77,0.07624028750384847,0.22048076801002026,0.7032789455105861,0.15673249551240653,0.3357059886822753,60,0.21428569897959293,53.34,1.9515751999828432,1,0.30024233845889897,1,0.793497608784233,1,0.19301293186643503,1,1.3296446417465526,1,5.5115914988526455,1,0.0,0,0.04289176263698557,1,0.3645799824143773,1,0.04289176263698557,1,0.2359046945034206,1,0.5147011516438268,1,0.8792811340582041,1,0.4289176263698557,1,46629,3,5159,0.11063930172210427,16453,0.3528490853331618,25017,0.5365116129447339,0.15884964292607603,0.1721246434622231,0.05867593128739625,1,0,0,0,0,1,3,0,0,0,0,0,0
CF,0.19524925208038915,0.22619682634527336,0.5785539214527096,0.29387694338967,0.31608379089929206,268.0,0.9799999804000005,57.13,0.1770244357176125,0.27861240935245796,0.5443631528078445,0.2604151892317294,0.352513992640069,140,0.6571428383673475,53.09,0.1603657194793644,0.19049744138782712,0.6491368463341619,0.2472722968552555,0.2710114631065968,71,0.5624999648437522,58.23,5.084888926429597,1,0.523692879466171,1,0.3716530112340569,1,0.06757327476982854,1,0.8108792972379424,1,3.4800236506461695,1,0.0,0,0.016893318692457134,1,0.11825323084719994,1,0.15203986823211418,1,0.4054396486189712,1,0.8615592533153138,1,1.0642790776247995,1,0.1013599121547428,1,59195,3,7316,0.12359151955401639,13523,0.22844834867809782,38356,0.6479601317678858,0.1842723202973224,0.10482304248669651,0.054734352563561114,1,0,0,0,0,1,2,0,0,0,0,0,0
CHD,0.18565608138839404,0.15674539365495244,0.6575985253850619,0.2593234241773283,0.30186047393384635,75.0,1.0909089917355463,61.31,0.18720566359692598,0.25397705170535695,0.558817283065805,0.26568403916905586,0.372254386334082,111,0.7142856887755111,55.04,0.18045236448233481,0.22820659558055922,0.5913410337816458,0.2651863086726104,0.3283618351020819,64,0.7142856632653098,56.48,0.6669708990065644,1,0.03510373152666129,1,0.2808298522132903,1,0.5265559728999192,1,0.9829044827465159,1,4.668796293045951,1,0.0,0,0.03510373152666129,1,0.17551865763330643,1,0.24572612068662897,1,1.0882156773264997,1,1.1584231403798224,1,1.0882156773264997,1,0.35103731526661286,1,28487,3,7453,0.26162811106820655,12354,0.4336714992803735,8680,0.30470038965141993,0.11338505283111595,0.16575982026889458,0.09137501316389932,1,0,0,0,0,0,0,0,0,0,0,0,0
CHRW,0.2796998105943203,0.10800788982305676,0.6122923169285059,0.32393301026099425,0.26619490085151315,20.0,2.99999850000075,67.77,0.3339565421024767,0.11655135823933122,0.5494921037640709,0.3060814048745823,0.2601153086838771,104,3.666666259259305,69.11,0.21044400113544637,0.09330154241122786,0.696254460381404,0.2902282800894419,0.21166229822397956,62,3.2499991875002032,66.3,0.7135939650338957,1,0.0,0,0.10194199500484225,1,0.0,0,1.223303940058107,1,4.893215760232428,1,0.0,0,0.10194199500484225,1,0.407767980019369,1,0.407767980019369,1,0.35679698251694786,1,1.1723329425556857,1,0.7135939650338957,1,0.0,0,19619,3,8812,0.4491564299913349,4206,0.21438401549518324,6601,0.3364595545134818,0.03771853815179163,0.16591059687038076,0.09944441612722361,1,0,0,0,0,1,1,0,0,0,0,0,0
CHTR,0.04287298023700714,0.21862790547311306,0.7384991198778152,0.013728393273126619,0.2582676229128606,4.0,0.0,52.29,0.0636215896828583,0.2042118166124931,0.7321665960950432,0.14829325831014795,0.3124459918893639,135,0.19999999200000032,53.95,0.04915113092621387,0.07894237365738298,0.8719064955759114,0.07306406211500088,0.1671357512270881,181,0.22222219753086697,61.59,0.0,0,0.0,0,0.0,0,0.012913223140495868,1,2.053202479338843,1,1.3429752066115703,1,0.0,0,0.0,0,0.6069214876033058,1,0.30991735537190085,1,0.15495867768595042,1,2.90547520661157,1,2.1177685950413223,1,0.10330578512396695,1,77440,3,6880,0.08884297520661157,62111,0.8020532024793389,8449,0.10910382231404958,0.0026730371900826446,0.09662964876033057,0.11248708677685951,0,1,2,0,0,0,0,0,0,0,0,0,0
CINF,0.07604293396971265,0.1568572798011,0.7670997801679568,0.13756934613589153,0.2569125676783315,61.0,0.285714244897965,57.47,0.28899608664046805,0.1605069511276376,0.5504969562831763,0.34848414417869894,0.287152806588769,111,1.8666665422222306,64.68,0.24593969959347883,0.10899115585782956,0.6450691425772471,0.3361905402289645,0.22856330758722895,107,2.4444441728395367,66.52,0.0,0,0.6541907858219015,1,0.09911981603362144,1,0.0,0,1.4075013876774245,1,1.308381571643803,1,0.0,0,0.019823963206724287,1,0.27753548489414004,1,0.039647926413448574,1,0.1585917056537943,1,0.614542859408453,1,0.7731345650622473,1,0.09911981603362144,1,50444,3,12581,0.24940528110379828,7763,0.15389342637380066,30100,0.5967012925224011,0.034691935611767505,0.07661961779398938,0.07564824359685988,1,0,0,0,0,0,0,0,0,0,0,0,0
CMA,0.027562474211057026,0.531795828913649,0.44064170122146606,0.005578857189268286,0.3692008132399026,6.0,0.0,31.4,0.15001533311160822,0.20351457906766765,0.6464700988463817,0.23736978826512928,0.3065774341410087,62,0.5714285306122479,57.02,0.100540929045038,0.158583115535102,0.7408759506713403,0.16809985578658315,0.24307463169475382,76,0.3333333055555579,58.21,0.0,0,0.0,0,0.05547234703500305,1,0.0,0,1.6086980640150885,1,3.328340822100183,1,0.05547234703500305,1,0.16641704110500916,1,0.16641704110500916,1,1.164919287735064,1,0.998502246630055,1,1.053974593665058,1,1.053974593665058,1,0.8875575525600488,1,18027,3,9819,0.544682975536695,8150,0.45209962833527484,58,0.003217396128030177,0.013202418594330726,0.14040051034559273,0.19004826094192045,1,0,0,0,0,0,0,0,0,0,0,0,0
CME,0.058522783569060266,0.2587711120140739,0.6827061180956662,0.04313130439247569,0.37541494138992226,16.0,0.0,50.23,0.2015204193820763,0.24618551065213978,0.5522940690991365,0.2876415924232721,0.3510128248438228,72,0.8235293633218022,56.05,0.13823229562619638,0.1767949276635873,0.684972777641539,0.22510969543126066,0.2880787799037523,87,0.8461537810650938,58.35,0.1110494169905608,1,0.03701647233018693,1,0.03701647233018693,1,0.0,0,1.7767906718489728,1,2.2580048121414027,1,0.0,0,0.0,0,0.2591153063113085,1,0.5552470849528041,1,0.7033129742735517,1,0.8883953359244864,1,1.4806588932074773,1,0.40718119563205624,1,27015,3,7951,0.2943179714973163,9847,0.3645012030353507,9217,0.34118082546733297,0.02002591153063113,0.1087914121784194,0.13244493799740883,1,0,0,0,0,0,0,0,0,0,0,0,0
CMG,0.04464547683230855,0.5700597794387828,0.38529474897818133,0.045631455173773254,0.420059723894406,11.0,0.0,29.51,0.1975887039801679,0.4302077949664985,0.3722035016936178,0.273998662326621,0.4289984231604457,104,0.41304346928166374,43.95,0.13661772442320663,0.3382178514354652,0.5251644259739306,0.21964037570879297,0.35483912164978915,31,0.299999970000003,47.8,0.12591286829513976,1,0.0,0,0.37773860488541927,1,0.0,0,0.9443465122135483,1,10.073029463611181,1,0.0,0,0.06295643414756988,1,0.06295643414756988,1,0.37773860488541927,1,1.070259380508688,1,0.37773860488541927,1,1.8257365902795266,1,0.6295643414756988,1,15884,3,2613,0.1645051624276001,8461,0.5326743893225888,4810,0.30282044824981114,0.030722739864014102,0.28437421304457317,0.10381515990934273,1,0,0,0,0,0,0,0,0,0,0,0,0
COST,0.035464060318190604,0.536850941774901,0.4276850087335333,0.03760796268608381,0.3424051695211712,32.0,0.0,31.35,0.1280623521206194,0.33602434705846523,0.5359132983240074,0.21048992605840747,0.37750370886452783,232,0.2631578912742383,47.64,0.09024694914936678,0.12624871541696195,0.7835043360912846,0.1756537173708038,0.23721616751464342,262,0.35714284438775556,59.95,0.05990415335463259,1,0.0,0,0.05990415335463259,1,0.07987220447284345,1,2.3961661341853033,1,3.594249201277955,1,0.0,0,0.019968051118210862,1,0.33945686900958466,1,0.3793929712460064,1,0.2795527156549521,1,3.843849840255591,1,1.1980830670926517,1,0.23961661341853036,1,100160,3,50071,0.49991014376996806,50070,0.49990015974440893,19,0.0001896964856230032,0.021146166134185303,0.11263977635782747,0.10161741214057508,1,1,16,0,0,1,6,0,0,0,0,0,0
CPRT,0.21330612917479716,0.08944024129672662,0.6972536307416464,0.2839025036836643,0.18142177425362022,38.0,1.7499995625001092,66.65,0.21172419332072767,0.17476616523713923,0.6135096392581161,0.2593731329748089,0.283727588668366,71,0.8999999100000091,61.05,0.15767024135725063,0.22365471774669873,0.6186750435101037,0.26549092550599046,0.301881572220383,44,0.7499999062500118,55.98,0.5851803086826128,1,0.0,0,0.0,0,0.3291639236339697,1,0.40231146221929637,1,3.6939506985589934,1,0.0,0,0.0365737692926633,1,0.10972130787798991,1,0.40231146221929637,1,0.47545900080462294,1,0.2925901543413064,1,0.6217540779752762,1,0.365737692926633,1,27342,3,8574,0.31358349791529516,10985,0.4017628556799064,7783,0.28465364640479845,0.04615609684734109,0.10266257040450588,0.08265671860141906,1,0,0,0,0,1,3,0,0,0,0,0,0
CSCO,0.3616020179099657,0.2808719446713274,0.35752605172720825,0.36522022983105423,0.33598324255101525,11.0,1.6666661111112961,59.4,0.29850967884918705,0.2186568639752623,0.48283346056113724,0.3014369621089165,0.33737962848371356,122,1.3076922573964516,61.24,0.11042725063032574,0.13800167697999213,0.7515710771083832,0.1903206117266919,0.26634098403852274,45,0.49999991666668053,59.89,0.18218254691200583,1,0.09109127345600292,1,0.18218254691200583,1,0.03036375781866764,1,1.1841865549280377,1,2.8238294771360906,1,0.0,0,0.15181878909333818,1,0.15181878909333818,1,0.2429100625493411,1,0.09109127345600292,1,0.33400133600534404,1,0.8805489767413615,1,0.06072751563733528,1,32934,3,1779,0.05401712515940973,20955,0.6362725450901804,10200,0.3097103297504099,0.014696058784235137,0.15767899435234103,0.0469120058298415,1,0,0,0,0,1,4,0,0,0,0,0,0
CSX,0.10087502276168224,0.33985459044615324,0.5592703745958019,0.1997587578208544,0.3759714739115712,47.0,0.1666666574074079,46.44,0.2086723515763879,0.22362275916913693,0.5677048933607611,0.32580871441169507,0.3393206645996251,110,0.9999999523809546,57.77,0.15001202567496844,0.16654674570778744,0.6834412244916485,0.28199326659644297,0.304989595473134,57,0.8749998906250137,59.42,0.4731935834950078,1,0.0,0,0.37855486679600625,1,0.2365967917475039,1,0.8044290919415132,1,5.867600435338097,1,0.0,0,0.0,0,0.2839161500970047,1,0.37855486679600625,1,0.6151516585435102,1,0.37855486679600625,1,1.2303033170870203,1,0.09463871669900156,1,21133,3,1573,0.07443335068376473,3548,0.16788908342402878,16012,0.7576775658922065,0.10433918516064922,0.21624946765721856,0.09818766857521412,1,0,0,0,0,1,3,0,0,0,0,0,0
CTAS,0.08622050976667267,0.195057960280862,0.7187215347702687,0.1450394641544369,0.26447831632340063,26.0,0.33333322222225925,55.34,0.24266498067471035,0.21291470139141322,0.5444203204676217,0.31712328773209925,0.3523646271567171,102,1.0526315235457093,59.65,0.14589933112361714,0.14916418121490432,0.7049364806888135,0.22255478753766966,0.26006854822450964,38,0.7499998125000469,60.41,0.13995801259622115,1,0.0,0,0.0,0,0.3498950314905528,1,0.9097270818754374,1,11.826452064380685,1,0.0,0,0.0,0,0.6298110566829951,1,0.13995801259622115,1,1.1896431070678797,1,0.8397480755773268,1,1.7494751574527643,1,0.2799160251924423,1,14290,3,3216,0.22505248425472357,4180,0.2925122463261022,6894,0.48243526941917425,0.0787963610916725,0.2871938418474458,0.12029391182645206,1,0,0,0,0,0,0,0,0,0,0,0,0
CTSH,0.26986503946994034,0.372035576030612,0.3580993999327932,0.32296960679831155,0.3399079554126715,7.0,0.499999750000125,50.26,0.14642487057927447,0.50009242081862,0.35348270693030515,0.24907345097989947,0.3897944514792001,61,0.26666665777777804,37.62,0.10815483034711401,0.43553042934574887,0.4563147394021727,0.16757845824372766,0.3362717178942945,53,0.13636363016528952,40.48,0.0,0,0.0,0,0.4606879606879607,1,0.0,0,0.23034398034398035,1,5.7585995085995085,1,0.0,0,0.0,0,0.07678132678132678,1,0.07678132678132678,1,1.382063882063882,1,1.2285012285012284,1,2.764127764127764,1,1.2285012285012284,1,13024,3,6172,0.4738943488943489,6802,0.5222665847665847,50,0.003839066339066339,0.022650491400491402,0.2247389434889435,0.2291154791154791,0,0,0,0,0,1,1,0,0,0,0,0,0
CTXS,0.3200318520315565,0.20892225162914166,0.4710458912528478,0.3226488714501514,0.32978317230564635,13.0,0.9999996666667778,62.62,0.2969501727393695,0.2016011052942347,0.5014487248978444,0.2762796965997356,0.32749997214411614,105,0.999999956521741,62.29,0.17513362117684805,0.34604045061860234,0.47882592738964236,0.2437422941555064,0.36964430862317715,52,0.31578945706371275,48.64,0.25434775697071826,1,0.15896734810669888,1,0.09538040886401933,1,0.0,0,1.3989126633389501,1,4.101357581152832,1,0.0,0,0.12717387848535913,1,0.34972816583473754,1,0.31793469621339776,1,0.34972816583473754,1,0.286141226592058,1,0.7630432709121546,1,0.19076081772803866,1,31453,3,5371,0.17076272533621595,16710,0.5312688773725877,9372,0.2979683972911964,0.01821765809302769,0.1653578355005882,0.08825867166883922,1,0,0,0,0,1,1,0,0,0,0,0,0
CZR,0.24266893144598917,0.22806645716589533,0.5292646095744873,0.2921849645404295,0.3524299609967764,38.0,0.8888887901234679,58.67,0.21631716234101492,0.2500218635594303,0.5336609723850746,0.29161689302340277,0.34114905896824327,88,0.6818181508264477,56.32,0.16892009523922,0.13280480246637658,0.6982750950445389,0.2504579100313965,0.24833968043088123,58,0.9999998571428775,62.28,0.6943146313456352,1,0.16022645338745425,1,0.2403396800811814,1,0.26704408897909043,1,1.0948807648142709,1,1.9761262584452695,1,0.026704408897909045,1,0.13352204448954522,1,0.08011322669372713,1,0.2403396800811814,1,0.45397495126445375,1,0.8011322669372714,1,0.8812454936309985,1,0.3204529067749085,1,37447,3,8970,0.23953854781424413,10416,0.2781531230806206,18061,0.48230832910513527,0.04240660132987956,0.11020909552167063,0.07925868560899405,1,0,0,0,0,1,2,0,0,0,0,0,0
DFS,0.05582139767440302,0.3008039557774152,0.6433746498078108,0.03839930028270243,0.36123061906746184,14.0,0.0,47.4,0.2910859898164323,0.17850684067347972,0.5304071688570264,0.31701341727834337,0.3205139185784732,82,1.2857141938775576,63.59,0.11585982891181147,0.15184990525615952,0.7322902664968587,0.20869027783639033,0.2954959162486407,166,0.4799999808000007,59.18,0.0,0,0.1840942562592047,1,0.06136475208640157,1,0.0,0,1.002290950744559,1,2.127311405661921,1,0.0,0,0.040909834724267714,1,0.9204712812960235,1,0.6136475208640157,1,1.0841106201930946,1,1.2272950417280315,1,1.288659793814433,1,0.7772868597610865,1,48888,3,16365,0.33474472263132055,15082,0.30850106365570285,17441,0.3567542137129766,0.014809360170184912,0.07226722304041892,0.1359433807887416,0,0,0,0,0,0,0,0,0,0,0,0,0
DG,0.02951376632388149,0.6648046685648816,0.3056815466178315,0.02349190905457366,0.3249367419700999,14.0,0.0,22.82,0.17334275647205696,0.4294623726465065,0.39719486384299296,0.24601556489583185,0.40193993341178436,87,0.3076922998027616,43.15,0.17031236108806397,0.34160556479667625,0.48808207605034115,0.27205538817322444,0.36849518693064726,45,0.37499997656250145,48.76,0.47936340539763195,1,0.0,0,0.43142706485786875,1,0.09587268107952639,1,0.23968170269881597,1,5.033315756675136,1,0.04793634053976319,1,0.0,0,0.23968170269881597,1,0.43142706485786875,1,0.6711087675566847,1,0.8628541297157375,1,1.0545994918747903,1,0.1438090216192896,1,20861,3,3560,0.17065337232155697,8074,0.387038013518048,9227,0.442308614160395,0.03667130051291884,0.21676813192080915,0.10162504194429797,1,0,0,0,0,0,0,0,0,0,0,0,0
DGX,0.2238468681462109,0.17735138372518122,0.5988017097115517,0.3425333100688099,0.2530546261277558,4.0,0.9999990000010001,61.31,0.352800907700633,0.060517731962415076,0.5866813605030378,0.32007210165090266,0.16872507244579274,300,6.499999593750025,73.41,0.2331301590319777,0.07118945641011215,0.695680380947348,0.29368565763199567,0.16595429196450465,69,3.4999991250002185,68.53,0.0,0,0.0,0,0.03841425937307928,1,0.11524277811923786,1,0.5762138905961893,1,19.4760295021512,1,0.0,0,0.34572833435771355,1,0.268899815611555,1,0.07682851874615856,1,1.229256299938537,1,1.1524277811923787,1,1.0371850030731409,1,0.42255685310387214,1,26032,3,17805,0.6839658881376767,8208,0.3153042409342348,19,0.0007298709280885064,0.009834050399508297,0.48448063921327594,0.0882759680393362,1,0,0,0,0,1,1,0,0,0,0,0,0
DHI,0.0896709219188146,0.30028464179486036,0.6100444259202998,0.14466604919854265,0.35980890497821705,23.0,0.285714244897965,48.62,0.159243321088566,0.2440083370925012,0.596748341450637,0.25109686770174106,0.36013822864845196,110,0.4285714132653067,54.71,0.19101708992234162,0.2229904227649733,0.585992485585232,0.2668151886358068,0.3398836361731508,62,0.6874999570312527,57.19,0.06550718941403819,1,0.0,0,0.26202875765615274,1,0.0,0,1.375650977694802,1,2.8495627395106613,1,0.03275359470701909,1,0.7533326782614392,1,0.29478235236317185,1,0.36028954177721,1,0.9826078412105729,1,0.687825488847401,1,0.7533326782614392,1,0.22927516294913367,1,30531,3,5586,0.18296158003340868,8924,0.2922930791654384,16021,0.524745340801153,0.026661426091513545,0.1476859585339491,0.09387180243031673,1,0,0,0,0,0,0,0,0,0,0,0,0
DIS,0.10241814833134413,0.3249246560782194,0.5726572124660015,0.2038592025895007,0.4107892850512597,25.0,0.22222219753086697,47.46,0.17289965919171196,0.38417015708863544,0.4429301816301468,0.26009757698558345,0.4052134260494132,78,0.3428571330612248,46.08,0.17737113056785386,0.24105929081206737,0.5815695655410704,0.2686636632956606,0.37341341437591613,23,0.799999840000032,55.54,0.06343768833063723,1,0.4757826624797792,1,0.031718844165318616,1,0.06343768833063723,1,1.1735972341167888,1,3.457354014019729,1,0.0,0,0.15859422082659308,1,0.031718844165318616,1,0.06343768833063723,1,0.09515653249595585,1,0.5392203508104165,1,0.5075015066450979,1,0.0,0,31527,3,10725,0.34018460367304215,8325,0.26405937767627746,12477,0.3957560186506804,0.04748310971548197,0.15247248390268658,0.03669870269927364,1,0,0,0,0,1,2,0,0,0,0,0,0
DISH,0.028833094363411266,0.09758121706545353,0.8735857089360555,0.019046307430880885,0.08021786634867646,15.0,0.0,59.67,0.13611156482910436,0.3324792456002005,0.5314091852595729,0.2436899625945015,0.39956054429606364,62,0.38095236281179223,48.15,0.055589462189297924,0.19261514635658578,0.7517954019927665,0.13019496822766255,0.29761002524004576,76,0.16666665277777895,54.43,0.017406137404048668,1,0.17406137404048666,1,0.0,0,0.017406137404048668,1,0.417747297697168,1,0.6266209465457521,1,0.0,0,0.0,0,0.5047779847174113,1,0.13924909923238935,1,0.33071661067692465,1,0.31331047327287603,1,0.7484639083740927,1,0.19146751144453533,1,57451,3,12311,0.21428695758124314,15089,0.26264120728969037,30051,0.5230718351290665,0.009503751022610573,0.04628291935736541,0.054324554838035895,1,0,0,0,0,1,2,0,0,0,0,0,0
DLTR,0.03212046032042607,0.6621645936823409,0.30571493781779124,0.022745120769973308,0.3675232451605282,23.0,0.0,23.08,0.14541779872824384,0.45683630809927467,0.3977458943229388,0.21490335347093062,0.41700975097905074,136,0.25757575367309465,40.4,0.09667771841448389,0.24921245646270873,0.6541098336640158,0.13077981590270926,0.34413122682121133,76,0.13333332444444504,52.18,0.36443148688046645,1,0.0,0,0.15618492294877137,1,0.10412328196584757,1,0.5466472303206997,1,3.618284048313203,1,0.0,0,0.15618492294877137,1,0.4425239483548521,1,0.3904623073719284,1,0.5206164098292378,1,0.9631403581840899,1,1.9262807163681799,1,0.20824656393169513,1,38416,3,2070,0.053883798417326115,13809,0.3594596001665972,22537,0.5866566014160767,0.033814035818409,0.18604227405247814,0.08683881715951687,0,0,0,0,0,0,0,0,0,0,0,0,0
DOV,0.3454192185411807,0.16226704065086303,0.49231373015131835,0.3685087675482311,0.31212061138993613,113.0,2.3749998515625093,66.54,0.3955410357321734,0.21997876291203758,0.38448019741285266,0.3757453189447128,0.3558473811962341,184,1.9249999518750014,64.55,0.35323411577406366,0.13433717417127983,0.5124287073676651,0.34968435439514545,0.25082826616898046,74,3.749999531250059,68.63,0.4304199284426869,1,1.1298523121620532,1,0.0807037365830038,1,0.4304199284426869,1,1.3719635219110644,1,5.084335404729239,1,0.0,0,0.0,0,0.21520996422134345,1,0.05380249105533586,1,0.7532348747747021,1,1.0491485755790493,1,0.6187286471363624,1,0.3228149463320152,1,37173,3,6512,0.17518091087617357,4421,0.11893040647781992,26240,0.7058886826460065,0.15591961907836333,0.21149759233852528,0.09531111290452748,1,0,0,0,0,1,2,1,2,0,0,0,0
DOW,0.3019929811023899,0.21462507590479715,0.48338194495718023,0.3471041260829703,0.33966436692073443,206.0,1.3695651876181483,61.62,0.28845896514198804,0.1792017287919818,0.5323393049125139,0.318642831921572,0.32045085621453046,197,1.4285713877551034,63.45,0.20127815373037775,0.11950426014165764,0.6792175780777654,0.2626330504054564,0.25537034168160105,73,1.2222220864197684,64.28,4.004492845631685,1,0.4883527860526445,1,0.65927626117107,1,1.5627289153684623,1,2.9545343556184984,1,5.05445133564487,1,0.048835278605264446,1,0.26859403232895446,1,0.09767055721052889,1,0.048835278605264446,1,0.21975875372368997,1,0.9522879328026567,1,1.635981833276359,1,0.07325291790789666,1,40954,3,5916,0.14445475411437222,5585,0.13637251550520096,29453,0.7191727303804268,0.22735263954680862,0.21404502612687407,0.07647604629584412,1,1,6,0,0,0,0,0,0,0,0,0,0
DRE,0.2790572996561726,0.04035450133184592,0.680588203171889,0.2871811709297614,0.08047510415027533,30.0,9000000.0,72.14,0.18030805634027655,0.08496086785549319,0.7347310757735274,0.22550540807630734,0.2061329848382528,91,1.428571224489825,65.79,0.08851374189522285,0.04438632000897969,0.8670999392755886,0.17109886629686252,0.08073421257193276,268,3.999998666667111,65.21,0.16651798988997918,1,0.14272970561998216,1,0.011894142134998514,1,0.07136485280999108,1,2.200416294974725,1,0.487659827534939,1,0.011894142134998514,1,0.08325899494498959,1,0.440083258994945,1,0.16651798988997918,1,0.23788284269997026,1,3.175735950044603,1,0.6779661016949153,1,0.09515313707998811,1,84075,3,3177,0.037787689562890275,70296,0.8361106155218555,10602,0.12610169491525425,0.013452274754683318,0.05895926256318763,0.13624739815640796,1,0,0,0,0,0,0,0,0,0,0,0,0
DRI,0.21194206788365183,0.4207735586397607,0.36728436943015147,0.311531908273517,0.41297918691754953,29.0,0.4615384260355057,45.07,0.24684668141708244,0.30705814777320484,0.44609517286880873,0.31394226623659544,0.38707186049353215,128,0.8717948494411578,53.68,0.17776404761455275,0.20631222718987952,0.6159237155860121,0.24129108864888543,0.31340816668583965,44,0.9999998571428775,57.81,0.45658309812385856,1,0.0,0,0.2490453262493774,1,0.20753777187448114,1,1.245226631246887,1,5.229951851236924,1,0.0,0,0.1660302174995849,1,0.1660302174995849,1,0.20753777187448114,1,0.539598206873651,1,1.1622115224970944,1,1.9923626099950191,1,0.3320604349991698,1,24092,3,9124,0.3787149261165532,8823,0.36622115224970947,6145,0.25506392163373737,0.06890254026232774,0.2729121700149427,0.08828656815540428,1,0,0,0,0,0,0,0,0,0,0,0,0
DUK,0.11969931343880792,0.26041918215497084,0.6198815029300749,0.2266121518363317,0.3560889285543546,300.0,0.35714285289115655,52.26,0.21968166004866363,0.21248146240413188,0.5678368765562772,0.30369682718994706,0.328014596724553,125,0.9259258916323744,58.88,0.12320345640182495,0.1920522631315345,0.6847442823474283,0.23599018891843673,0.30530538185426276,77,0.6428570969387788,56.83,3.184634140273182,1,2.711915010076382,1,0.39807926753414774,1,0.8707983977309482,1,2.239195879879581,1,2.7367949642972658,1,0.0,0,0.17415967954618966,1,0.1492797253253054,1,0.17415967954618966,1,0.6966387181847586,1,0.6468788097429901,1,1.4679172990321696,1,0.0,0,40193,3,11131,0.2769387704326624,8628,0.21466424501778916,20434,0.5083969845495484,0.6071704028064588,0.1535590774512975,0.08603488169581767,1,1,1,0,0,1,2,0,0,0,0,0,0
DVA,0.11780309379100799,0.10749727031216025,0.7746996521949768,0.1097907404168574,0.18301817534048712,10.0,0.0,62.14,0.1753170027558404,0.3162040141800112,0.5084789830323563,0.2678749098644131,0.37302573644407666,249,0.5066666599111113,50.58,0.1425186128471978,0.31263000143059927,0.5448513832941119,0.22682373759930685,0.35868168972243747,112,0.32352940224913523,49.67,0.01786831055123738,1,0.0,0,0.07147324220494952,1,0.10720986330742428,1,0.6432591798445457,1,4.9852586437952295,1,0.0,0,0.5360493165371214,1,0.08934155275618691,1,0.32162958992227286,1,1.0184937014205306,1,0.9112838381131064,1,1.4294648440989906,1,0.518181005985884,1,55965,3,1253,0.02238899312070044,41891,0.7485213973018852,12821,0.22908960957741445,0.007379612257661038,0.23797015992137943,0.11734119538997588,0,0,0,0,0,0,0,0,0,0,0,0,0
DXC,0.06794761344790459,0.3237683499231935,0.6082840718328952,0.12718386898221318,0.38412166811003917,10.0,0.0,46.33,0.157158788898355,0.3244861228899522,0.51835509034043,0.24440580431046569,0.38920882346829416,77,0.32142855994898,49.41,0.07792633739300073,0.24637745395302774,0.6756961986422538,0.14325492979598145,0.36195297768590656,60,0.12499999218750048,51.71,0.0,0,0.0,0,0.0685189626229059,1,0.0685189626229059,1,0.4796327383603412,1,3.151872280653671,1,0.1370379252458118,1,0.0,0,0.3768542944259824,1,0.10277844393435884,1,0.5824111822947001,1,1.3361197711466648,1,2.055568878687177,1,0.1370379252458118,1,29189,3,3174,0.10873959368255165,15479,0.5303025112199802,10536,0.36095789509746823,0.015416766590153825,0.11723594504779197,0.08869779711535167,1,0,0,0,0,1,1,0,0,0,0,0,0
DXCM,0.08502949070956173,0.392506979630682,0.5224635346696295,0.15706062650567224,0.3282350815467925,58.0,0.1666666597222225,42.46,0.15042348684432605,0.31024903323346126,0.5393274834814171,0.22882385126363836,0.35370415464805777,300,0.37362636952058936,50.1,0.07984827620598177,0.25976983827228345,0.6603818889707327,0.14173185200753327,0.3274728151556226,300,0.1599999978666667,50.91,0.0,0,0.013615445361217766,1,0.054461781444871064,1,0.054461781444871064,1,1.143697410342292,1,5.813795169239985,1,0.0,0,0.013615445361217766,1,0.2723089072243553,1,0.3403861340304441,1,1.1845437464259454,1,1.6678920567491764,1,1.8380851237643985,1,0.5582332598099283,1,146892,3,73436,0.4999319227731939,73437,0.4999387304958745,19,0.00012934673093156876,0.018026849658252322,0.22037959861667075,0.10868529259592082,1,0,0,0,0,1,2,0,0,0,0,0,0
EBAY,0.41752448541057463,0.1718711952185806,0.4106043125776684,0.39772734837598817,0.28505503240246816,34.0,1.9999997500000315,68.44,0.14583112908527254,0.16121674582051734,0.6929521297104657,0.24274032747000096,0.2686996926588279,300,0.8043478086011346,59.63,0.10363083399211367,0.1503446566546336,0.7460245103637377,0.18505223215098923,0.25352440747466815,300,0.5882352768166096,58.85,0.09616177157458032,1,0.013737395939225761,1,0.041212187817677284,1,0.013737395939225761,1,4.780613786850564,1,2.5002060609390884,1,0.013737395939225761,1,0.09616177157458032,1,0.24727312690606368,1,0.8379811522927714,1,0.5082836497513531,1,3.317581119323021,1,1.2363656345303184,1,0.35717229441986975,1,145588,3,72784,0.49993131302030386,72785,0.4999381817182735,19,0.00013050526142264473,0.010261834766601642,0.15045882902437013,0.12753111520180235,1,0,0,0,0,1,2,1,2,0,0,0,0
ECL,0.2877748542243526,0.10007471778385696,0.6121504347771406,0.31909824253088503,0.22376314134307304,105.0,3.3333329629630044,68.57,0.2308720526044498,0.2144342462818783,0.5546937015923586,0.2914341569524795,0.34969142899762634,143,0.9090908815427007,59.14,0.19645270693027192,0.13529931489999095,0.6682479790345367,0.29889369480093847,0.2602401975085708,84,1.399999860000014,63.08,0.717056158534598,1,0.0977803852547179,1,0.2607476940125811,1,0.2607476940125811,1,0.9452103907956064,1,6.160164271047228,1,0.0,0,0.06518692350314527,1,0.06518692350314527,1,0.22815423226100845,1,0.5214953880251622,1,1.2385515465597603,1,1.434112317069196,1,0.0977803852547179,1,30681,3,10611,0.3458492226459372,6116,0.19934161207261825,13954,0.45480916528144455,0.13950001629673087,0.19050878393794204,0.07838727551253219,1,0,0,0,0,1,1,1,1,0,0,0,0
ETN,0.16672376058995725,0.3774951816536486,0.4557810427000125,0.19941290580371787,0.3515726599161569,15.0,0.285714244897965,46.3,0.25613252552492277,0.24870764958073519,0.4951598275053714,0.3284817004532908,0.3675589952634079,28,0.9999998571428775,57.8,0.18097864681233963,0.2157750107968847,0.6032463510831197,0.25714601896070066,0.2848402744691384,12,0.6666664444445185,57.31,1.5620932048945586,1,0.5206977349648529,1,1.5620932048945586,1,0.5206977349648529,1,2.343139807341838,1,10.674303566779484,1,0.0,0,0.0,0,0.26034886748242647,1,0.0,0,0.7810466024472793,1,0.5206977349648529,1,1.3017443374121322,1,0.0,0,3841,3,1866,0.48581098672220774,1940,0.5050768029159073,35,0.009112210361884926,0.13954699297058057,0.25514189013277794,0.10830512887268941,1,0,0,0,0,1,1,0,0,0,0,0,0
GLW,0.1362310331559887,0.22834838921890446,0.6354205648561841,0.23025321088288886,0.3422361301604815,38.0,0.33333329629630043,54.93,0.21780685579869896,0.17465532968476924,0.6075378095477142,0.3150810155040636,0.29813288813381644,88,1.2857141938775576,61.27,0.1816722043191216,0.1850723130961082,0.6332554840815386,0.2984617534743239,0.29886358302060584,56,0.9090908264462886,59.33,0.2738225629791895,1,0.07823501799405413,1,0.03911750899702707,1,0.23470505398216243,1,1.7602879048662181,1,2.26881552182757,1,0.0,0,0.07823501799405413,1,0.19558754498513536,1,0.0,0,0.508527616961352,1,0.46941010796432486,1,1.7994054138632452,1,0.3520575809732436,1,25564,3,7097,0.2776169613519011,4789,0.18733375058676263,13678,0.5350492880613362,0.0605539039273979,0.13112189015803474,0.05965420122046628,1,0,0,0,0,1,1,0,0,0,0,0,0
GM,0.3046568561951781,0.21724883962942418,0.47809430374944395,0.3123886213803861,0.34361780276184317,129.0,1.5172413269916782,61.54,0.1781847048838882,0.25688011266684796,0.5649351798497217,0.2473309322410566,0.36583112258752437,194,0.4893616917157087,54.54,0.1416584060906054,0.15850316172281464,0.6998384172444815,0.2106583197727722,0.2756303454875255,91,0.7692307100591762,59.66,2.788525972201206,1,0.5404120101165129,1,0.45394608849787077,1,0.6052614513304944,1,1.1889064222563281,1,4.215213678908801,1,0.0,0,0.08646592161864206,1,0.1945483236419446,1,0.5620284905211734,1,1.1672899418516678,1,0.1729318432372841,1,1.642852510754199,1,0.2593977648559262,1,46261,3,226,0.004885324571453276,16868,0.36462679146581356,29167,0.6304878839627331,0.12263029333563909,0.18894965521713755,0.0726962236008733,0,0,0,0,0,0,0,1,2,0,0,0,0
GOOGL,0.34454740677028894,0.10559682587959937,0.5498557488123575,0.29182080342163086,0.23810204849767988,21.0,2.666665777778074,70.2,0.2031541973154879,0.2421286562104907,0.5547171536212167,0.2755888042908506,0.3536495403057949,66,0.8124999492187531,56.37,0.20315964224795668,0.24402901200356625,0.5528113394344257,0.31387380769756645,0.33091030972605373,59,0.7142856632653098,56.25,0.4713343045676579,1,0.0856971462850287,1,0.1713942925700574,1,0.0,0,1.1997600479904018,1,2.442368669123318,1,0.0,0,0.04284857314251435,1,0.5141828777101723,1,0.0856971462850287,1,0.6855771702802296,1,0.5998800239952009,1,2.1424286571257176,1,0.3856371582826292,1,23338,3,3996,0.17122289827748735,11504,0.49292998543148514,7838,0.33584711629102754,0.04503385037278259,0.13741537406804352,0.14701345445196676,1,0,0,0,0,1,1,0,0,0,0,0,0
GS,0.2264883461124871,0.1685155322032886,0.6049961175607599,0.2805588344527011,0.31825541923140116,69.0,1.1818180743801752,61.97,0.214157584696435,0.16996160160157492,0.6158808092033112,0.29757379122114663,0.29108933627215805,286,1.1702127410593035,61.45,0.129606620464849,0.16327846385757344,0.7071149122194956,0.21288848118295056,0.2975171600683012,298,0.6041666540798614,58.92,0.18130393792153165,1,0.09669543355815022,1,0.49556409698551984,1,0.012086929194768777,1,3.021732298692194,1,1.8734740251891604,1,0.0,0,0.09669543355815022,1,0.07252157516861267,1,0.3746948050378321,1,0.8098242560495081,1,0.8339981144390457,1,0.979041264776271,1,0.35052094664829453,1,82734,3,21026,0.2541397732492083,20101,0.2429593637440472,41607,0.5029008630067445,0.028597674474822928,0.1383107307757391,0.12379432881282182,1,0,0,0,0,1,1,0,0,0,0,0,0
HD,0.3204220127580421,0.20137820290401579,0.47819978616067343,0.32785920008069624,0.3499450151951536,35.0,1.4999998125000236,63.13,0.28151220209630473,0.3609889192573194,0.35749888264251,0.3541242315581115,0.4115081100231686,98,0.7837837626004389,51.39,0.25195732183170083,0.22711549922093457,0.5209271909997744,0.3114094938823726,0.33386920221670124,51,0.9999999230769291,59.06,0.6966560509554139,1,0.5971337579617834,1,0.3980891719745223,1,0.2985668789808917,1,1.4430732484076432,1,4.130175159235669,1,0.14928343949044584,1,0.09952229299363058,1,0.14928343949044584,1,0.0,0,0.8957006369426752,1,0.7464171974522293,1,1.3435509554140126,1,0.3980891719745223,1,20096,3,6109,0.3039908439490446,9743,0.48482285031847133,4244,0.21118630573248406,0.07469148089171974,0.2360171178343949,0.11972531847133758,1,0,0,0,0,0,0,0,0,0,0,0,0
HSY,0.19547768718929906,0.43976458060470497,0.3647577328550996,0.2561282476207131,0.39879427900053516,33.0,0.46666663555555765,43.26,0.28020556565727395,0.2080874757134709,0.5117069530654056,0.3084477415662047,0.3324858356372917,116,0.9999999600000016,61.28,0.20225519483956772,0.15933625419170427,0.6384085492254832,0.2771947780004809,0.2788484020886552,39,1.199999760000048,61.72,0.7861635220125787,1,0.09827044025157233,1,0.6878930817610063,1,0.0,0,1.0318396226415094,1,4.9626572327044025,1,0.049135220125786166,1,0.39308176100628933,1,0.19654088050314467,1,0.4913522012578616,1,0.44221698113207547,1,1.0809748427672956,1,0.7861635220125787,1,0.0,0,20352,3,4012,0.19713050314465408,4570,0.22454795597484276,11770,0.5783215408805031,0.09797562893081761,0.2315251572327044,0.0909001572327044,1,0,0,0,0,1,2,0,0,0,0,0,0
JNJ,0.17835682816803455,0.27227554977354074,0.5493676436858045,0.26133272099574484,0.37314439210201045,9.0,0.6666664444445185,53.54,0.23470088480583703,0.24865632809814997,0.5166427827595422,0.30907732701474305,0.35298970175055466,144,0.8611110871913588,57.05,0.10599865152367524,0.17985063112740005,0.7141507170030049,0.18117388496847198,0.3025612841412553,35,0.399999920000016,57.02,0.19879727647731224,1,0.0,0,0.34789523383529647,1,0.0,0,1.0436857015058894,1,10.585954972416879,1,0.04969931911932806,1,0.04969931911932806,1,0.24849659559664034,1,0.24849659559664034,1,0.745489786789921,1,0.49699319119328067,1,2.286168679489091,1,0.5963918294319368,1,20121,3,4610,0.22911386114010238,5902,0.2933253814422742,9609,0.4775607574176234,0.022563490880174942,0.30187366433079865,0.06868445902291138,1,0,0,0,0,1,6,0,0,0,0,0,0
JPM,0.07088542226701974,0.5129362780600786,0.4161783020943403,0.1285714176260315,0.3594040706995418,10.0,0.0,34.14,0.16478387209708276,0.299152757851002,0.5360633593214594,0.26525546422823776,0.38029079673775135,69,0.47619045351474026,51.32,0.09770933783344798,0.21648510386062375,0.6858055645884094,0.15574762590122831,0.3300908282563654,59,0.16666665277777895,54.35,0.17153394227882843,1,0.04288348556970711,1,0.6861357691153137,1,0.0,0,1.715339422788284,1,6.003687979758995,1,0.04288348556970711,1,0.08576697113941421,1,0.428834855697071,1,0.04288348556970711,1,1.2865045670912132,1,1.0720871392426776,1,2.6158926197521337,1,1.8011063939276983,1,23319,3,5525,0.23693125777263177,17739,0.7607101505210343,55,0.002358591706333891,0.02075560701573824,0.14648998670611948,0.11788670183112483,0,0,0,0,0,1,2,0,0,0,0,0,0
KMX,0.11065831490688854,0.21136546812744605,0.6779761993222766,0.2518616930707018,0.294708627948359,9.0,0.499999750000125,55.13,0.24265260199873565,0.204300785571471,0.5530466164823051,0.2923456512724785,0.32828195370531804,111,0.999999956521741,60.21,0.22702823122436144,0.07823532737158942,0.6947364325301265,0.3166491086031355,0.2013857608760269,53,4.33333188888937,67.86,0.028211132112731685,1,0.05642226422546337,1,0.0,0,0.08463339633819505,1,1.7490901909893644,1,2.8211132112731683,1,0.0,0,0.028211132112731685,1,0.028211132112731685,1,0.25390018901458516,1,0.14105566056365842,1,0.36674471746551185,1,1.0438118881710723,1,0.1692667926763901,1,35447,3,6105,0.17222896154822692,5612,0.15832087341665022,23730,0.6694501650351229,0.01373882133890033,0.09969814088639377,0.05399610686376844,1,0,0,0,0,0,0,0,0,0,0,0,0
KO,0.08356912999793335,0.35046252701431513,0.5659683459334903,0.1506235143916282,0.40661638211324325,135.0,0.14893616704391135,45.14,0.20794176496875783,0.2901025590424736,0.5019556751536827,0.2621935939863927,0.38492046670274677,300,0.6404494310061862,53.42,0.15333820027964457,0.1911240038987165,0.6555377927825863,0.23220012606193402,0.3020829864587349,133,0.7499999625000018,57.94,0.49522255884409233,1,0.1456536937776742,1,0.2913073875553484,1,0.3786996038219529,1,2.6945933348869726,1,4.355045443952458,1,0.3495688650664181,1,0.058261477511069686,1,0.3495688650664181,1,0.36413423444418547,1,0.5389186669773945,1,0.7137030995106036,1,1.4128408296434398,1,0.11652295502213937,1,68656,3,7032,0.1024236774644605,19788,0.2882195292472617,41836,0.6093567932882777,0.11343509671405266,0.20430843626194362,0.09085877417851317,1,0,0,0,0,1,9,0,0,0,0,0,0
LDOS,0.1629088458791375,0.2219479932077229,0.6151431652903557,0.2404447987933425,0.3144829860354558,25.0,0.49999991666668053,56.28,0.1796151624323848,0.18312253527597994,0.6372623050060028,0.23079376043219943,0.3161808298632076,117,0.7499999625000018,59.38,0.07469071581292508,0.32602882804349065,0.599280454607597,0.12747365345910935,0.37869355074872546,67,0.045454543388429844,46.42,0.0369590124551872,1,0.0,0,0.36959012455187196,1,0.0,0,0.9239753113796799,1,5.839523967919577,1,0.0,0,0.44350814946224637,1,0.0,0,0.44350814946224637,1,1.2566064234763645,1,0.9978933362900543,1,1.2196474110211775,1,0.7391802491037439,1,27057,3,7541,0.27870791292456665,12426,0.4592526887681561,7090,0.26203939830727724,0.040063569501422924,0.16738736740954283,0.11313153712532802,1,0,0,0,0,0,0,0,0,0,0,0,0
LEG,0.17275191015963043,0.28764182036476477,0.5396062679588794,0.22841084294247896,0.39674130948890285,35.0,0.39999996000000404,52.35,0.20969409393223604,0.29216528253260354,0.49814061965208406,0.27495438057013216,0.3978386789821089,121,0.6571428383673475,53.35,0.15892990031797025,0.296775213977391,0.5442948806341048,0.2590692107183587,0.3723681394727904,54,0.46666663555555765,51.27,1.0243076074538076,1,0.0,0,0.3151715715242485,1,0.0,0,1.260686286096994,1,5.121538037269039,1,0.0,0,0.07879289288106213,1,0.07879289288106213,1,0.23637867864318637,1,0.7485324823700903,1,1.0637040538943388,1,0.9455147145727455,1,0.039396446440531065,1,25383,3,6232,0.24551865421738958,6167,0.24295788519875508,12984,0.5115234605838553,0.042745144387976206,0.1601859512271993,0.08328408777528266,1,0,0,0,0,1,2,0,0,0,0,0,0
LIN,0.18103918892427764,0.14136071209314055,0.6776000969754211,0.27097433111394176,0.2708353166813527,58.0,1.1249998593750177,62.15,0.21138556596956082,0.4079983980527946,0.38061602716999393,0.3110627898356251,0.4020832882967045,35,0.46666663555555765,45.88,0.144636047212407,0.24587977482005954,0.6094841686077416,0.2675915090453611,0.35054808994645187,20,0.399999920000016,54.08,4.294478527607362,1,0.5258545135845749,1,0.9640666082383874,1,0.175284837861525,1,1.3146362839614374,1,2.716914986853637,1,0.0,0,0.0,0,0.0876424189307625,1,0.0,0,0.9640666082383874,1,0.43821209465381245,1,1.2269938650306749,1,0.35056967572305,1,11410,3,1334,0.11691498685363716,4048,0.35477651183172654,6028,0.5283085013146362,0.16406660823838737,0.17142857142857143,0.07817703768624014,0,0,0,0,0,1,1,0,0,0,0,0,0
LKQ,0.13788755836360383,0.19643820151968888,0.6656742317206932,0.20516782463178643,0.25633427319804025,33.0,0.4285713673469475,57.06,0.1951526911348425,0.3034069294320239,0.5014403836541278,0.28412736414116335,0.3749267812439503,93,0.5925925706447196,52.11,0.17373078206384723,0.21526846835728397,0.6110007529654964,0.2617851812808858,0.32657429293131385,44,0.499999950000005,57.09,0.23303912144251215,1,0.05825978036062804,1,0.11651956072125608,1,0.4660782428850243,1,0.8156369250487926,1,3.2625477001951704,1,0.0,0,0.17477934108188414,1,0.17477934108188414,1,0.20390923126219815,1,0.6991173643275366,1,0.5243380232456523,1,0.6991173643275366,1,0.4078184625243963,1,34329,3,7991,0.23277695243088933,14843,0.432374959946401,11495,0.3348480876227097,0.04203443153019313,0.12517113810480934,0.05549244079349821,1,0,0,0,0,0,0,0,0,0,0,0,0
LNT,0.22746676562856588,0.17813881292259173,0.5943944208797008,0.29248461626291267,0.3053422268823854,252.0,1.299999967500001,61.38,0.20973141563983708,0.2731181818072672,0.5171504064475174,0.27169528031097173,0.36582845493374944,77,0.6363636074380178,54.59,0.22004349214526323,0.10951703951622431,0.6704394597416887,0.2658393071250946,0.2534903040913174,26,1.9999990000005,65.58,2.331186534434391,1,5.334070883875301,1,0.35560472559168677,1,0.2765814532379786,1,2.212651625903829,1,4.741396341222489,1,0.03951163617685408,1,0.1975581808842704,1,0.1975581808842704,1,0.2765814532379786,1,0.6321861788296653,1,0.2370698170611245,1,0.5926745426528112,1,0.07902327235370817,1,25309,3,7460,0.29475680587933145,5677,0.22430755857600063,12172,0.4809356355446679,0.45015607096289856,0.14670670512465922,0.043502311430716346,1,0,0,0,0,1,1,0,0,0,0,0,0
LOW,0.3418363729301332,0.15789239349859682,0.500271232163703,0.31313559160520815,0.3179907754793869,88.0,1.8571427244898056,66.7,0.14077812913960466,0.1267209443030879,0.7325009298262497,0.23891300856177303,0.23672119165829464,300,1.4230768683431974,61.69,0.11351433052060504,0.08474725631686549,0.8017384110639493,0.20027892660062532,0.1854138329840733,300,1.5714284591836816,63.46,0.2029581145191161,1,0.12684882157444757,1,0.11416393941700281,1,0.12684882157444757,1,1.4270492427125352,1,6.393180607352157,1,0.07610929294466855,1,0.09513661618083567,1,0.46934063982545604,1,1.4777887713423143,1,0.3044371717786742,1,3.539082121927087,1,1.0021056904381358,1,0.1775883502042266,1,157668,3,68979,0.437495243169191,68979,0.437495243169191,19710,0.12500951366161808,0.02090468579546896,0.18868127965091205,0.1404914123347794,1,1,4,0,0,0,0,0,0,0,0,0,0
LRCX,0.04645593985915184,0.41543358927592633,0.5381104685366154,0.04443192061612979,0.3637911989267829,10.0,0.0,39.62,0.25444900156077693,0.24529448161848774,0.5002565064735837,0.31256825675820976,0.3524275161840283,59,0.8571427959183717,57.96,0.13873016504211383,0.23240748915429177,0.6288623393170143,0.21062098867269485,0.3262764627519856,57,0.3846153550295881,54.75,0.16239697941618284,1,0.0,0,0.12179773456213715,1,0.0,0,0.4465916933945029,1,3.7351305265722057,1,0.0,0,0.0,0,0.12179773456213715,1,0.08119848970809142,1,0.85258414193496,1,1.0149811213511428,1,1.0961796110592343,1,0.0,0,24631,3,7091,0.2878892452600382,10084,0.409402785108197,7456,0.30270796963176483,0.021923592221184687,0.11343429012220373,0.11205391579716617,1,0,0,0,0,0,0,0,0,0,0,0,0
LUMN,0.1980820113026044,0.35231860129929643,0.44959938460413146,0.24748653741585414,0.39737079070674736,17.0,0.49999991666668053,49.03,0.22120754155746805,0.27152150076230974,0.5072709630599351,0.2778545038832784,0.3604119024132929,123,0.6285714106122454,55.09,0.10302215907722712,0.28206022700017436,0.6149176210561331,0.20266751037540248,0.3464842654573611,47,0.23076921301775286,50.27,0.16601367952719304,1,0.0,0,0.16601367952719304,1,0.16601367952719304,1,1.7265422670828077,1,5.2460322730593,1,0.0,0,0.06640547181087722,1,0.23241915133807026,1,0.09960820771631583,1,0.6640547181087721,1,2.9218407596785974,1,1.2285012285012284,1,0.16601367952719304,1,30118,3,7828,0.25991101666777344,9708,0.322332160169998,12582,0.41775682316222856,0.025366890231755097,0.19815392788365763,0.08264160966863669,1,0,0,0,0,1,1,0,0,0,0,0,0
LYV,0.48629015404731035,0.4743094267323613,0.03940041083842516,0.4705753354355693,0.45624359231442213,2.0,0.9999990000010001,51.19,0.18819651451893152,0.30744835594668984,0.5043551348894835,0.2867099628466454,0.3720785783193784,50,0.4374999726562517,51.6,0.22298005276492663,0.1740417883930994,0.6029781635318484,0.3172311598184727,0.24325729956314882,28,1.199999760000048,61.49,0.0,0,0.03490279571393669,1,0.03490279571393669,1,0.06980559142787338,1,0.5235419357090503,1,1.8498481728386442,1,0.0,0,0.0,0,0.0,0,0.10470838714181005,1,0.8376670971344804,1,1.2914034414156574,1,1.6055286028410876,1,0.4188335485672402,1,28651,3,5408,0.1887543192209696,12545,0.43785557223133575,10698,0.37339010854769467,0.0009772782799902272,0.08928135143625004,0.058287668842274265,1,0,0,0,0,0,0,0,0,0,0,0,0
MAR,0.20086976327002048,0.3666298809306075,0.43250035230691236,0.2493884231256625,0.4021807230545873,12.0,0.399999920000016,48.2,0.2247378115379621,0.29895739589211723,0.47630480322099866,0.27705982190739087,0.40283435502020193,63,0.6315789141274255,53.43,0.16045968086623094,0.3192582259858575,0.5202820985304082,0.2627445687699273,0.39857076427374377,34,0.4545454132231443,49.86,0.37923935420955684,1,0.05417705060136526,1,0.1625311518040958,1,0.10835410120273052,1,1.2460721638314012,1,2.3837902264600714,1,0.21670820240546104,1,0.2708852530068263,1,0.37923935420955684,1,0.5959475566150179,1,0.7043016578177483,1,0.37923935420955684,1,1.842019720446419,1,0.6501246072163832,1,18458,3,3994,0.21638314010185286,8306,0.4499945822949399,6158,0.3336222776032073,0.03911583053418572,0.17190378155813196,0.08381189728031206,1,0,0,0,0,0,0,0,0,0,0,0,0
MAS,0.0677694261360627,0.27931929458505833,0.6529112793505192,0.05728612489354877,0.32507083500351835,13.0,0.0,49.22,0.18036615001037717,0.47652580270854134,0.3431080468619863,0.2889462267443603,0.4168531640255095,30,0.3333333111111126,40.34,0.2886038161814213,0.26993203298188745,0.44146414548158647,0.3647758122365214,0.37868492031505524,20,1.399999720000056,57.56,0.0,0,0.0,0,0.3257063757023044,1,0.0,0,0.3257063757023044,1,1.628531878511522,1,0.0,0,0.0,0,0.0814265939255761,1,0.4885595635534566,1,0.7328393453301848,1,1.2213989088836414,1,1.709958472437098,1,0.0,0,12281,3,1736,0.1413565670548001,4686,0.3815650191352496,5859,0.4770784138099503,0.058708574220340363,0.1372852373585213,0.07548245256900904,0,0,0,0,0,0,0,0,0,0,0,0,0
MCHP,0.08680239676032216,0.5709119405830279,0.34228566810488703,0.17329565017405021,0.40407364001564655,40.0,0.1666666597222225,30.93,0.19394148799869484,0.3069821976152432,0.4990763135091232,0.2762246155033723,0.38386999017087564,137,0.5499999862500004,51.83,0.08763767292045734,0.19867919046770444,0.7136831439184872,0.14193799778994404,0.32768931440935584,110,0.09523809070294806,55.15,0.11133791055854518,1,0.0371126368528484,1,0.1484505474113936,1,0.0742252737056968,1,0.40823900538133234,1,3.061792540359993,1,0.0,0,0.0,0,0.33401373167563553,1,0.1484505474113936,1,0.3525700501020597,1,0.48246427908702916,1,1.2432733345704212,1,0.33401373167563553,1,53890,3,4792,0.08892187789942475,18718,0.34733716830580813,30380,0.5637409537947671,0.0283726108740026,0.09862683243644461,0.06938207459640007,1,0,0,0,0,0,0,0,0,0,0,0,0
MCK,0.10961821277079911,0.27963366651714877,0.6107481308281422,0.18921391885906969,0.3438420288927689,29.0,0.57142848979593,50.66,0.25641622747949294,0.1853661192258322,0.558217658688969,0.2960288546867747,0.30882890294641463,202,1.194444411265433,61.93,0.12686035683145747,0.24298003843287005,0.6301595937693492,0.2187310103155665,0.336101940397879,80,0.47058820761245834,53.65,0.08695148107356095,1,0.02898382702452032,1,0.20288678917164224,1,0.14491913512260157,1,1.1303692539562924,1,8.23140687496377,1,0.0,0,0.28983827024520314,1,0.02898382702452032,1,0.08695148107356095,1,0.9854501188336908,1,1.623094313373138,1,2.6954959132803897,1,0.4347574053678048,1,34502,3,6813,0.19746681351805692,7936,0.23001565126659324,19753,0.5725175352153499,0.02799837690568663,0.2450872413193438,0.09303808474871023,1,0,0,1,1,1,2,0,0,0,0,0,0
MCO,0.34191110129044816,0.07544218490577558,0.5826467203371453,0.31906625586031356,0.21654546613747214,33.0,5.499997250001375,72.06,0.2250909787726899,0.24773686312139034,0.5271721609681844,0.2968281264168818,0.33802393540656467,75,0.9499999525000024,56.78,0.19377425364842735,0.2391393825834252,0.5670863605229203,0.26473408526186937,0.34179095248907587,97,0.5199999792000009,56.24,0.2834266279316942,1,0.17714164245730887,1,0.17714164245730887,1,0.0,0,2.0548430525047827,1,3.897116134060795,1,0.0,0,0.07085665698292355,1,0.1417133139658471,1,0.3188549564231559,1,0.9211365407780061,1,3.0114079217742504,1,1.558846453624318,1,0.46056827038900305,1,28226,3,6561,0.2324452632324807,9583,0.33950967193367815,12082,0.42804506483384114,0.05158364628356834,0.13090767377595125,0.19237582370863743,1,0,0,0,0,0,0,0,0,0,0,0,0
MDLZ,0.31704414683793275,0.20902794878929853,0.4739279065813337,0.3215698413425986,0.3182285460210168,70.0,1.7142855918367434,62.51,0.23240577891098196,0.3411616100175134,0.42643261386978404,0.3166534907625198,0.38986814150020954,216,0.6447368336218838,50.96,0.16731516923755407,0.10406602618776345,0.7286188043235393,0.26405909888108725,0.22229547505941283,89,2.3333329444445092,64.09,1.3083632632119035,1,0.23088763468445356,1,0.513083632632119,1,0.2565418163160595,1,2.744997434581837,1,4.335556695741405,1,0.0513083632632119,1,0.0,0,0.2821959979476655,1,0.2821959979476655,1,0.4617752693689071,1,1.4366341713699333,1,0.7439712673165726,1,0.1026167265264238,1,38980,3,6921,0.17755259107234478,10898,0.27957927142124167,21161,0.5428681375064135,0.07131862493586455,0.2604925602873268,0.09368907131862493,1,0,0,0,0,1,4,0,0,0,0,0,0
MDT,0.03179167378693819,0.3546314274892211,0.6135768940051397,0.021280641998290578,0.36198188748120386,15.0,0.0,43.06,0.19471452048509919,0.2557523288327245,0.549533152128611,0.2848024460637189,0.3512937625840602,113,0.6333333122222229,55.19,0.10264028631150722,0.24169924861751496,0.6556604632735252,0.183679839262018,0.30042891401386623,50,0.3636363305785154,52.88,0.16587415680636955,1,0.05529138560212319,1,0.3870396992148623,1,0.0,0,1.1058277120424638,1,9.454826937963066,1,0.0,0,0.0,0,0.16587415680636955,1,0.11058277120424638,1,1.2717018688488335,1,0.6634966272254782,1,1.714032953665819,1,0.7740793984297246,1,18086,3,3827,0.21160013269932545,14221,0.7862987946477938,38,0.002101072652880681,0.0405285856463563,0.277839212650669,0.1263408161008515,0,0,0,0,0,0,0,0,0,0,0,0,0
MET,0.16676722214158093,0.1918322205277426,0.6414005541907889,0.2913780220661647,0.287379144223752,35.0,0.8333331944444675,58.37,0.20095954626412396,0.20480527143993954,0.5942351803663234,0.30813322912674507,0.3286746895326652,299,1.0175438417974765,58.72,0.12930565541209552,0.18587624724523755,0.6848180931642331,0.22472139397034205,0.3115907671420694,186,0.5806451425598341,57.44,0.0,0,0.15336140311741905,1,0.18124529459331343,1,0.0,0,2.147059643643867,1,4.447480690405153,1,0.0,0,0.0,0,0.2370130775451022,1,0.027883891475894377,1,0.44614226361431003,1,0.9898781473942503,1,1.0595878760839863,1,0.3067228062348381,1,71726,3,17531,0.24441625073195214,10835,0.15106098207065777,43360,0.6045227671973901,0.020508602180520315,0.18995901067953044,0.12609095725399436,1,0,0,0,0,1,1,0,0,0,0,0,0
META,0.10951120872050524,0.40025750640779734,0.49023129791021347,0.1494150079948506,0.25672165318094614,4.0,0.0,42.82,0.2597807953910281,0.3038098752149381,0.43640933581627905,0.34046245469776404,0.3571768652798264,96,0.8275861783590973,54.34,0.10916556949273516,0.3177792561144974,0.5730551780941777,0.2235341655592014,0.35276780065998564,78,0.3043478128544429,48.17,0.0,0,0.025206694898164954,1,0.025206694898164954,1,0.0,0,0.9578544061302682,1,2.4702561000201655,1,0.0,0,0.8066142367412785,1,0.27727364387981446,1,0.10082677959265982,1,1.1595079653155878,1,0.8570276265376083,1,2.8231498285944747,1,0.7814075418431136,1,39672,3,3596,0.09064327485380116,25923,0.6534331518451301,10153,0.25592357330106874,0.006049606775559589,0.12971365194595685,0.10085198628755798,0,0,0,0,0,1,1,0,0,0,0,0,0
MGM,0.22066065623904718,0.2901300433599813,0.489209300810189,0.30162784822524824,0.39217674435380334,66.0,0.5999999700000015,53.86,0.2301226644825268,0.2681808222793431,0.501696513723194,0.29772421031848983,0.36182322481749996,192,0.7843137101114959,55.62,0.10356307233051035,0.18969393741225696,0.7067429812354896,0.19624788270974045,0.302574046730982,131,0.3199999872000005,56.29,0.0948871633482517,1,0.1897743266965034,1,0.2530324355953379,1,0.12651621779766895,1,1.1070169057296033,1,3.384308826087644,1,0.031629054449417236,1,0.6325810889883446,1,0.3637341261682982,1,0.0,0,0.7907263612354308,1,0.4902503439659672,1,1.0279442696060601,1,0.07907263612354308,1,63233,3,1877,0.029683867600778076,23423,0.37042367118434993,37933,0.5998924612148719,0.042857368778960354,0.14631600588300414,0.09638954343459902,0,0,0,0,0,1,2,0,0,0,0,0,0
MHK,0.32465487835859813,0.2001102724181557,0.47523484758480833,0.3489595689718444,0.3021299153748746,27.0,1.428571224489825,63.36,0.218965147134094,0.34294223644593286,0.43809260858134147,0.31448311516155675,0.36622252423150425,42,0.5624999648437522,50.37,0.12630160878567645,0.2311454924250332,0.6425529023011526,0.20847512786593705,0.3235240961910537,24,0.33333327777778704,54.4,0.2777469170092212,1,0.11109876680368848,1,0.05554938340184424,1,0.3888456838129097,1,0.11109876680368848,1,2.333074102877458,1,0.0,0,0.0,0,0.11109876680368848,1,0.0,0,0.33329630041106545,1,0.6665926008221309,1,0.6110432174202867,1,0.0,0,18002,3,5449,0.3026885901566493,6007,0.33368514609487837,6546,0.3636262637484724,0.06527052549716698,0.10882124208421287,0.0661593156315965,1,0,0,0,0,0,0,0,0,0,0,0,0
MKC,0.07799891956771414,0.5343347327369783,0.3876663487818506,0.13634653609245073,0.35306449213967744,18.0,0.09090908264462885,33.0,0.1791640206531857,0.41023881487683,0.4105971685599491,0.27570946355128545,0.4137528766000228,83,0.35135134185536915,44.61,0.17513317317287955,0.2528133471496403,0.5720534813590348,0.3078439190077425,0.35433920780622674,36,0.6666665925926009,54.7,0.06513809275664408,1,0.03256904637832204,1,0.3908285565398645,1,0.03256904637832204,1,0.35825951016154245,1,3.2243355914538823,1,0.03256904637832204,1,0.0,0,0.2605523710265763,1,0.3908285565398645,1,0.5536737884314747,1,0.9119332985930172,1,0.781657113079729,1,0.06513809275664408,1,30704,3,3550,0.11562011464304325,8925,0.29067873892652424,18229,0.5937011464304325,0.03240620114643043,0.12301328817092236,0.053315528921313186,1,0,0,0,0,1,3,0,0,0,0,0,0
MKTX,0.06635576710104943,0.016070352308452128,0.917573869228363,0.038019519823566716,0.005164876947686517,5.0,0.0,66.28,0.09068602047732716,0.10915186847939831,0.800162112076523,0.1890956695606418,0.17726976254539872,233,0.9999999285714337,61.08,0.06512438103556634,0.11685936777852475,0.8180162496368091,0.13244869152528138,0.2009802933385936,300,0.39130433081285515,59.68,0.0,0,0.012530229177891664,1,0.0,0,0.0,0,1.3156740636786246,1,3.834250128434849,1,0.012530229177891664,1,0.07518137506734998,1,0.36337664615885823,1,1.679050709837483,1,0.2881952710915083,1,1.8043530016163996,1,1.4159158971017578,1,0.1754232084904833,1,79807,3,6557,0.08216071271943563,64669,0.810317390705076,8581,0.10752189657548837,0.0021802598769531494,0.13706817697695692,0.17082461438219704,0,1,11,0,0,0,0,0,0,0,0,0,0
MMC,0.1869241424008376,0.16214738010118404,0.6509284695817364,0.24713476976716997,0.3370635481226661,18.0,0.6666664444445185,61.0,0.17568376350728487,0.21581412713037224,0.6085021077649088,0.26201354023604356,0.34423868805570995,151,0.5882352768166096,57.12,0.11446029775063782,0.1835575763811814,0.7019821297669527,0.19535983903804044,0.3027966021275351,102,0.4117646816609011,57.07,0.0,0,0.1623745656480369,1,0.09742473938882214,1,0.0,0,1.6562205696099763,1,5.293410840126003,1,0.032474913129607375,1,0.0,0,0.1623745656480369,1,0.38969895755528855,1,0.7144480888513624,1,0.8118728282401845,1,2.273243919072516,1,0.3247491312960738,1,30793,3,7967,0.25872763290358197,13563,0.4404572467768649,9263,0.30081512031955315,0.020491670184782255,0.1927710843373494,0.1447731627317897,1,0,0,0,0,0,0,0,0,0,0,0,0
MNST,0.16066342081814525,0.20343032372033884,0.6359062547765432,0.27556011585668444,0.32977715691235343,155.0,0.5624999824218756,57.4,0.11345025520263748,0.4030487012597873,0.48350103950184403,0.18114748867777203,0.39531853228422636,66,0.15384614792899431,42.77,0.12637561877282003,0.33706626557530117,0.5365581125594102,0.2177867610864615,0.3583440369535775,39,0.14285713265306196,47.51,1.3430831219221013,1,0.0,0,0.17907774958961348,1,0.17907774958961348,1,0.23877033278615134,1,3.462169825399194,1,0.23877033278615134,1,0.029846291598268918,1,0.059692583196537835,1,0.14923145799134457,1,0.4775406655723027,1,0.8058498731532607,1,1.074466497537681,1,0.17907774958961348,1,33505,3,8980,0.26801969855245483,12376,0.36937770482017607,12149,0.36260259662736904,0.2020295478286823,0.09777645127592896,0.06530368601701239,1,0,0,0,0,1,8,0,0,0,0,0,0
MO,0.09683251482519237,0.23190659572455016,0.6712608858096328,0.19703399276564876,0.32082180438493674,22.0,0.24999993750001562,53.32,0.171483278911203,0.2520170743435116,0.5764996429831631,0.24683154293071397,0.34187564680510096,177,0.5384615246548328,54.62,0.1059857159982332,0.14516200548193106,0.7488522654813197,0.16126527573391047,0.23404823317531553,72,0.33333327777778704,59.27,0.0,0,0.12786906208042964,1,0.021311510346738276,1,0.0,0,2.3229546277944717,1,4.965581910790017,1,0.04262302069347655,1,0.0,0,0.31967265520107413,1,0.3836071862412889,1,0.46885322762824205,1,0.7245913517891014,1,3.921317903799842,1,0.61803380005541,1,46923,3,1505,0.032073823071841104,10271,0.2188905227713488,35147,0.7490356541568101,0.029963983547514013,0.206252797135733,0.09044604991155723,0,0,0,0,0,0,0,0,0,0,0,0,0
MPC,0.19036383232257018,0.19116085286400952,0.6184753079368319,0.2604719512204882,0.3103718587010387,288.0,0.8653845987426039,59.24,0.19890451122027558,0.2438979149879649,0.5571975701679595,0.2692989939225662,0.34110364157758855,156,0.6410256245890866,56.11,0.1512298376953102,0.1779813497090099,0.6707888038146385,0.23219611861533307,0.287071395338659,161,0.5999999800000007,58.72,3.2431857654272855,1,1.9317335979867436,1,0.5671144507850991,1,0.3898911849147556,1,1.0456172686350262,1,3.4026867047105944,1,0.0,0,0.10633395952220608,1,0.5848367773721334,1,0.21266791904441215,1,1.3114521674405415,1,0.3012795519795839,1,10.314394073653988,1,0.0708893063481374,1,56426,3,770,0.013646191472016447,21323,0.37789316981533333,34333,0.6084606387126502,0.21332364512813243,0.11934214723708929,0.11450395207882891,1,0,0,0,0,0,0,0,0,0,0,0,0
MPWR,0.327167065658917,0.1604562897183415,0.5123766505469879,0.32318665047936146,0.3110140339721386,18.0,1.9999993333335555,66.02,0.2737396221867279,0.2814929100767344,0.444767462844147,0.3389605079215114,0.36625221320330487,79,0.999999956521741,56.28,0.14632559775782283,0.2553978741634637,0.5982765289954841,0.2533978139474853,0.331819573193664,64,0.5333332977777802,53.52,0.0,0,0.0,0,0.0,0,0.18468584937022126,1,0.5171203782366195,1,3.102722269419717,1,0.0738743397480885,1,0.0,0,0.590994717984708,1,0.295497358992354,1,0.8126177372289735,1,0.7756805673549293,1,1.5513611347098586,1,0.147748679496177,1,27073,3,3237,0.11956561888228123,18416,0.6802349204003989,5420,0.20019946071731984,0.024378532116869207,0.10198352602223618,0.08610054297639715,1,0,0,0,0,1,8,0,0,0,0,0,0
MRK,0.07469346415251493,0.23364485435187818,0.6916616767644882,0.13623432474681196,0.2877750369537042,25.0,0.199999960000008,52.43,0.24409425615009908,0.23722900981701225,0.5186767334318054,0.33020009634044445,0.34633679264932776,196,0.9999999777777784,58.12,0.21270551020279527,0.21494470964427348,0.5723497761689402,0.29380795546891225,0.2978764999761137,54,0.6923076390532585,58.47,0.127965602845955,1,0.0,0,0.307117446830292,1,0.025593120569191,1,0.460676170245438,1,5.6816727663604025,1,0.0,0,0.025593120569191,1,0.102372482276764,1,0.025593120569191,1,0.204744964553528,1,0.6398280142297751,1,1.02372482276764,1,0.537455531953011,1,39073,3,8405,0.21511017838405036,10252,0.26238067207534616,20416,0.5225091495406035,0.03219614567604228,0.21060578916387276,0.06889668057226217,1,0,0,0,0,0,0,0,0,0,0,0,0
MRNA,0.08443159363897783,0.3905285391956568,0.5250398676310267,0.21586349494534945,0.4036883053097489,14.0,0.16666663888889352,42.57,0.2674019604207327,0.19781856441870332,0.5347794787585736,0.31450637924612934,0.31849022534082166,300,1.333333309941521,61.5,0.1302886185599718,0.3020788223550814,0.5676325585965704,0.23731982019749603,0.34915528338680046,82,0.35999998560000057,49.92,0.0,0,0.013103583830177554,1,0.013103583830177554,1,0.052414335320710215,1,0.48483260171656944,1,4.350389831618948,1,0.0,0,0.09172508681124288,1,0.07862150298106532,1,0.052414335320710215,1,0.5372469370372797,1,0.38000393107514907,1,1.113804625565092,1,3.5379676341479396,1,76315,3,36064,0.4725676472515233,32181,0.42168643123894384,8070,0.10574592150953285,0.0072855926095787196,0.2193277861495119,0.043071480049793616,1,0,0,0,0,1,3,0,0,0,0,0,0
MRO,0.1765572345205422,0.24744253514612885,0.5760002336732444,0.26543896061034356,0.33965622876233004,174.0,0.769230749506904,55.1,0.322558132645541,0.15006644600071012,0.527375426715506,0.3189524342462163,0.30195984280598365,140,2.399999880000006,66.54,0.13735629963256152,0.1967131901515781,0.665930520576824,0.22414512576676413,0.3169321394641301,112,0.7058823114186875,57.02,2.695785702098618,1,0.2729909571745436,1,1.7403173519877153,1,0.5118580447022693,1,1.296707046579082,1,6.48353523289541,1,0.0,0,0.0682477392936359,1,0.1364954785872718,1,0.3412386964681795,1,1.4673263948131718,1,0.9213444804640846,1,1.7061934823408975,1,0.2729909571745436,1,29305,3,693,0.023647841665244838,16511,0.5634192117386112,12101,0.412932946596144,0.20313939600750724,0.15823238355229483,0.15410339532502987,1,1,2,0,0,1,1,0,0,0,0,0,0
MSCI,0.45841133518508453,0.05664458954385642,0.4849440760525136,0.3853408011921355,0.16853159154611327,87.0,13.666662111112629,77.36,0.35958708877510887,0.15948745274834117,0.48092545263524,0.3658746272382421,0.2888385241731876,136,2.5714284489795975,67.22,0.28406537243757735,0.1928534881889143,0.5230811380103908,0.33585782541608156,0.313701149889397,110,1.7777776790123512,62.41,0.08279516476237787,1,0.055196776508251916,1,0.3035822707953856,1,0.0,0,2.263067836838329,1,3.587790473036375,1,0.0,0,0.13799194127062978,1,0.16559032952475575,1,0.38637743555776344,1,0.49677098857426727,1,1.1039355301650382,1,0.7727548711155269,1,0.055196776508251916,1,36234,3,8764,0.2418722746591599,13239,0.36537506209637355,14231,0.3927526632444665,0.07854501297124247,0.1320582877959927,0.11251862891207154,1,0,0,0,0,1,4,0,0,0,0,0,0
MSFT,0.3345396496744743,0.11392325572947513,0.5515371043401868,0.3316284802793131,0.24512173400105852,67.0,2.6249996718750412,69.3,0.29286711968031504,0.18922103220446898,0.5179118487308889,0.31234743479427635,0.31208172422617464,149,1.7037036406035688,62.95,0.1405417032803249,0.17718423801859973,0.6822740564292128,0.2234137370719671,0.298166966668001,99,0.6874999570312527,58.4,0.20403999183840033,1,2.6525198938992043,1,0.03400666530640005,1,0.03400666530640005,1,0.9521866285792016,1,4.7609331428960076,1,0.10201999591920016,1,0.3060599877576005,1,0.3400666530640005,1,0.0680133306128001,1,1.1222199551112018,1,1.1222199551112018,1,0.646126640821601,1,0.03400666530640005,1,29406,3,10850,0.36897231857444057,10129,0.34445351288852616,8427,0.28657416853703327,0.05818540433925049,0.15843705366251784,0.09021968305787935,1,1,1,0,0,0,0,0,0,0,0,0,0
MSI,0.3462761800455035,0.1430539473856114,0.510669877225498,0.3313069456169497,0.24841819327334186,53.0,2.6249996718750412,67.82,0.18348284132002543,0.20807711023992548,0.6084400508987406,0.2638233050688388,0.30917013286237766,300,0.7333333211111114,57.9,0.12652556617828933,0.2193376627666029,0.6541367756914008,0.20517401784230138,0.3239019995849696,275,0.35483870395421446,55.17,0.255863539445629,1,0.14214641080312723,1,0.3506278133143805,1,0.03790570954750059,1,1.1561241411987682,1,6.2165363657900965,1,0.05685856432125089,1,0.12319355602937693,1,0.33167495854063017,1,0.900260601753139,1,0.6633499170812603,1,2.5491589670694146,1,1.7815683487325278,1,0.2369106846718787,1,105525,3,6431,0.060942904524994075,70890,0.6717839374555793,28204,0.2672731580194267,0.024307036247334754,0.21516228381900024,0.13419568822553898,0,0,0,0,0,1,15,0,0,0,0,0,0
MTB,0.05919410769517223,0.3848023380463322,0.5560035579837859,0.07892672943004055,0.2867912424126293,12.0,0.0,42.06,0.18408703455900394,0.27741320739789566,0.5384997566076881,0.27354541923857895,0.3562791459917942,206,0.4999999916666668,53.41,0.09934482120090361,0.26031085661979336,0.6403443234210665,0.18808982498343862,0.3350339382536667,165,0.19999999555555567,51.56,0.01567078808393274,1,0.01567078808393274,1,0.14103709275539467,1,0.0,0,2.005860874743391,1,2.7894002789400276,1,0.0,0,0.17237866892326015,1,0.3760989140143858,1,0.3447573378465203,1,0.5014652186858477,1,0.5171360067697804,1,1.0029304373716954,1,0.28207418551078933,1,63813,3,12842,0.20124426057386427,16118,0.25258176233682794,34853,0.5461739770893078,0.007177220942441195,0.1300518703085578,0.09834986601476188,0,0,0,0,0,1,3,0,0,0,0,0,0
MTCH,0.22946743573993444,0.3486911207437515,0.4218414453789592,0.20758859906345606,0.1882377713918686,2.0,0.0,50.37,0.2512073954567313,0.0997020576834538,0.6490905443030708,0.3176797055219813,0.2179997655336656,53,2.9999992500001875,67.31,0.13767373177972508,0.17723686237842207,0.685089400265275,0.2482739633921962,0.26963008952847367,41,0.8333331944444675,58.3,0.0,0,0.07466865783087549,1,0.0,0,0.0,0,0.7840209072241926,1,2.6880716819115174,1,0.0,0,0.14933731566175099,1,0.14933731566175099,1,0.07466865783087549,1,0.4106776180698152,1,0.6720179204778793,1,1.49337315661751,1,0.18667164457718874,1,26785,3,6669,0.24898263953705432,9058,0.33817435131603507,11058,0.4128430091469106,0.006384170244539854,0.10517080455478812,0.09740526414037708,0,0,0,1,2,0,0,0,0,0,0,0,0
MTD,0.14172358549167885,0.14514140351193733,0.713135007126578,0.21042388097826475,0.2722815971431437,58.0,0.857142734693895,60.53,0.2615124283517461,0.2814781472410598,0.45700942125262284,0.34220737945330093,0.3818408144878546,164,0.7959183511037071,55.86,0.23750071130741976,0.23284048040544517,0.5296588129314937,0.26467071809032805,0.3362285044939594,76,0.9999999375000038,58.18,0.4015257980325236,1,0.057360828290360516,1,0.17208248487108155,1,0.5162474546132446,1,0.3154845555969828,1,3.2122063842601887,1,0.057360828290360516,1,0.057360828290360516,1,0.14340207072590128,1,0.028680414145180258,1,1.0898557375168496,1,1.0324949092264892,1,0.5162474546132446,1,0.11472165658072103,1,34867,3,5152,0.1477614936759687,7901,0.2266039521610692,21814,0.6256345541629621,0.06564946797831761,0.17257005191154962,0.08764734562767086,1,0,0,0,0,1,10,0,0,0,0,0,0
MU,0.14151045313337818,0.34784446272533387,0.5106451066676527,0.23498554222852946,0.39446892950901596,16.0,0.16666663888889352,47.34,0.2553436074003175,0.2976979858971931,0.4469583992099574,0.3197888314172706,0.3712038653080297,111,0.6969696758494038,54.59,0.13501210146668283,0.17684095942524153,0.68814693011537,0.2416868399537108,0.28781824718211135,77,0.8999999100000091,58.23,0.02935392021604485,1,0.0,0,0.2348313617283588,1,0.02935392021604485,1,0.5870784043208971,1,3.9921331493820995,1,0.0,0,0.0587078404320897,1,0.6751401649690315,1,0.7632019256171662,1,0.8219097660492558,1,0.5870784043208971,1,0.4109548830246279,1,0.14676960108022427,1,34067,3,6745,0.19799219185722253,22311,0.6549153139401767,5011,0.14709249420260076,0.023571197933484018,0.14524319722898993,0.0843631667009129,1,1,1,0,0,1,2,0,0,0,0,0,0
NCLH,0.16974428689784624,0.2129296710217287,0.617326040244238,0.22709653466249247,0.33712750212513065,88.0,0.6315789141274255,57.1,0.22394391486793758,0.19556559132039547,0.5804904914945364,0.2767564536577228,0.33209018064838763,125,0.9230768875739658,60.13,0.15933682048532938,0.1252858237462081,0.7153773556975339,0.2535193579229937,0.24595866905235272,151,1.1176469930795885,62.43,1.3550855563821873,1,0.053140610054203424,1,0.15942183016261027,1,0.10628122010840685,1,1.2753746413008822,1,4.144967584227867,1,0.0,0,0.15942183016261027,1,0.4251248804336274,1,0.2922733552981188,1,0.9565309809756616,1,0.5048357955149325,1,1.1956637262195768,1,0.37198427037942394,1,37636,3,1871,0.0497130407057073,25275,0.6715644595599958,10490,0.27872249973429697,0.0946434265065363,0.14956424699755552,0.1678180465511744,0,0,0,0,0,1,1,0,0,0,0,0,0
NDAQ,0.28025035102230805,0.08414583957443635,0.6356037940829993,0.30442606683130535,0.23411840791969793,60.0,3.749999062500234,69.34,0.3106925817138632,0.11665855325864032,0.5726488670447336,0.33205531745515754,0.2494782932269424,247,2.2666665911111137,68.29,0.1922157038562,0.06963550512911752,0.7381487880647183,0.2631651091896411,0.14735574759011025,200,3.499999562500055,67.2,0.5676735704947361,1,0.18922452349824537,1,0.24083121172503957,1,0.0688089176357256,1,2.8727723112915435,1,4.472579646322163,1,0.0344044588178628,1,0.49886465285901055,1,0.39565127640542214,1,0.0344044588178628,1,1.0149315351269526,1,1.0149315351269526,1,1.1525493703984038,1,0.41285350581435354,1,58132,3,4699,0.08083327599256863,26415,0.4543968898369229,27018,0.4647698341705085,0.03569462602353265,0.18033097089382785,0.15439000894515928,1,0,0,0,0,1,2,0,0,0,0,0,0
NEE,0.1320127979821215,0.10837256010311345,0.7596146422624588,0.20029542622253166,0.24067250829385076,300.0,0.9677419042663902,62.58,0.11532977706891426,0.2306154467898639,0.6540547780732208,0.20080050853231735,0.3433849690037689,94,0.35999998560000057,54.05,0.03642993900728853,0.15973921627982668,0.8038308338899361,0.0231817666300643,0.26781770906858804,95,0.0,55.89,0.7714470141851787,1,5.730749248232756,1,0.03148763323204812,1,0.1416943495442165,1,0.9288851803454193,1,1.2122738794338523,1,0.0,0,0.04723144984807217,1,0.07871908308012028,1,0.5195459483287939,1,0.6612402978730103,1,0.3935954154006014,1,1.0863233465056599,1,0.20466961600831274,1,63517,3,9479,0.14923563770329204,20135,0.31700174756364435,33903,0.5337626147330636,0.28754506667506335,0.07723916431821402,0.06796605633137585,1,0,0,0,0,1,6,0,0,0,0,0,0
NI,0.20968150513619185,0.20391822671890258,0.586400274708867,0.2780186098488094,0.31040584071449095,125.0,0.9583332934027794,59.08,0.18667572314975558,0.26481678664008046,0.5485074912808883,0.27849816077176287,0.3696120237170503,157,0.6428571275510208,54.32,0.12072963086474273,0.2536136496605145,0.6256567195006129,0.22618576649020367,0.36608478258674576,72,0.3333333148148158,52.74,1.902028830752803,1,2.102242391884677,1,0.5672717565403096,1,0.06673785371062466,1,2.1689802455953013,1,5.806193272824346,1,0.0,0,0.23358248798718634,1,0.100106780565937,1,0.1334757074212493,1,1.1345435130806192,1,0.800854244527496,1,1.5683395621996796,1,0.16684463427656168,1,29968,3,4583,0.15292979177789642,14109,0.4708021890016017,11276,0.37626801922050185,0.1815603310197544,0.22170315002669513,0.10377736252002136,1,0,0,0,0,0,0,0,0,0,0,0,0
NLOK,0.2985165516535441,0.230555002267162,0.47092848022778827,0.15439522954870474,0.31182168546700434,3.0,0.0,60.46,0.295035680596119,0.2082302169770058,0.4967341094847713,0.3076489485596956,0.3461524277247272,134,1.1724137526753877,61.79,0.1885845310702596,0.24166205201459967,0.5697534134530503,0.2486012581537661,0.37575975000122896,46,0.636363578512402,55.89,0.0,0,0.11672243405182475,1,0.0,0,0.0,0,1.6341140767255466,1,7.158975955178585,1,0.0,0,0.07781495603454984,1,0.933779472414598,1,0.07781495603454984,1,0.31125982413819936,1,0.5057972142245739,1,1.8286514668119214,1,1.0115944284491478,1,25702,3,4892,0.1903353824605089,14058,0.5469613259668509,6752,0.2627032915726403,0.010271574196560579,0.21508053847949576,0.08649132363240215,1,0,0,1,1,1,2,0,0,0,0,0,0
NLSN,0.2120399695749466,0.2143907890870021,0.5735692227115998,0.20616113473797829,0.3649198274415154,13.0,0.6666664444445185,58.49,0.22115290078947003,0.17218452976462809,0.606662569332633,0.25501646118729543,0.3137368061390334,111,0.9999999473684238,61.55,0.10895306228108152,0.20188118037940175,0.689165760314575,0.15280251837022715,0.3044513736128893,54,0.3636363305785154,55.69,0.12543116964565693,1,0.0,0,0.21950454687989965,1,0.06271558482282846,1,1.8187519598620259,1,3.8883662590153656,1,0.0,0,0.31357792411414237,1,0.12543116964565693,1,0.0,0,0.25086233929131385,1,0.7525870178739417,1,0.8153026026967701,1,0.12543116964565693,1,31890,3,8309,0.2605518971464409,19617,0.6151458137347131,3964,0.12430228911884603,0.016306052053935403,0.10652242082157416,0.0625587958607714,1,0,0,0,0,1,2,0,0,0,0,0,0
NOC,0.20499516561703415,0.3013348721766046,0.493669952779096,0.3021639644821665,0.3447847626885926,49.0,0.5624999648437522,52.59,0.1979588050002215,0.3450922719074772,0.45694891655595476,0.29232879357254293,0.4021651616754088,109,0.4249999893750003,49.5,0.21160677310241305,0.2653494390011158,0.5230437702620807,0.29719964555843553,0.35075965381098834,46,0.5714285306122479,55.16,0.7216569242981886,1,0.03608284621490943,1,0.3969113083640038,1,0.21649707728945658,1,0.6134083856534603,1,4.510355776863679,1,0.0,0,0.14433138485963773,1,0.03608284621490943,1,0.43299415457891316,1,0.7938226167280076,1,0.6855740780832792,1,1.1907339250920113,1,0.5051598470087321,1,27714,3,5171,0.18658439777729668,12214,0.4407158836689038,10329,0.3726997185537995,0.09082052392292704,0.16580067835750883,0.07775853359312983,1,1,10,0,0,1,2,0,0,0,0,0,0
NOW,0.23201943703872316,0.20339916676611586,0.5645813912372378,0.3040905718370887,0.2739960163895976,17.0,0.9999996666667778,59.9,0.22968902380213024,0.21225163395201244,0.5580593438115059,0.27608954139359737,0.33772689201636996,127,0.8518518203017844,59.24,0.1858874500553677,0.3232630226369677,0.49084952630210615,0.2783267187326443,0.3702751714714654,69,0.4782608487712674,50.49,0.06851192107426693,1,0.06851192107426693,1,0.20553576322280076,1,0.0,0,1.1647026582625377,1,5.412441764867086,1,0.0,0,0.10276788161140038,1,0.034255960537133465,1,0.30830364483420114,1,0.9591668950397368,1,0.8563990134283366,1,1.6785420663195396,1,0.20553576322280076,1,29192,3,6133,0.21009180597423951,14249,0.4881131816936147,8810,0.3017950123321458,0.027439024390243903,0.17744587558235134,0.12106056453822965,1,0,0,0,0,0,0,0,0,0,0,0,0
NSC,0.19405845669098198,0.3925041930550443,0.4134373384128724,0.3179838638153268,0.39477670267417686,28.0,0.599999940000006,46.28,0.24587754484870145,0.30848624308694256,0.4456362085215546,0.32142928386929637,0.3989516085447062,74,0.7272726942148775,53.55,0.2451057308960868,0.29680494097587856,0.458089306505154,0.36678000190191995,0.38732963091907474,23,0.7142856122449125,54.29,0.999750062484379,1,0.0,0,0.24993751562109476,1,0.33325002082812627,1,1.2496875781054737,1,7.664750479046905,1,0.0,0,0.08331250520703157,1,0.33325002082812627,1,0.24993751562109476,1,0.41656252603515787,1,0.24993751562109476,1,1.416312588519537,1,0.24993751562109476,1,12003,3,3017,0.25135382820961427,2796,0.2329417645588603,6190,0.5157044072315254,0.08297925518620344,0.2039490127468133,0.08122969257685579,1,0,0,0,0,1,2,0,0,0,0,0,0
NTAP,0.2638646387716844,0.07937968859360331,0.6567556811940103,0.272669460844713,0.20817724703070986,21.0,4.999995000005001,69.08,0.18907240818121604,0.15723687549661688,0.6536907145690893,0.270016031118931,0.2935717065347832,119,1.0555554969135834,61.4,0.11974289378377835,0.12012928145358691,0.7601278238690685,0.20624852044033645,0.23508095348372976,148,0.7692307100591762,61.38,0.10933542285474789,1,0.036445140951582626,1,0.05466771142737394,1,0.05466771142737394,1,0.9657962352169397,1,2.4418244437560364,1,0.018222570475791313,1,0.018222570475791313,1,0.41911912094320025,1,0.41911912094320025,1,0.2368934161852871,1,3.298285256118228,1,0.8929059533137744,1,0.07289028190316525,1,54877,3,6812,0.12413215008109044,36808,0.6707363740729267,11257,0.20513147584598285,0.01013174918453997,0.07793793392495946,0.10634692129671812,1,1,26,0,0,1,1,0,0,0,0,0,0
NUE,0.2424999103796753,0.12570102763658558,0.631799063433639,0.30985100541472865,0.2590695878087346,88.0,1.899999810000019,65.32,0.2796885951851996,0.26928792638966864,0.4510234818220712,0.34235837593381685,0.35703606551427725,78,1.0476189977324286,57.29,0.23074383337516338,0.20914148590527476,0.5601146797882393,0.31076925817147305,0.33529061131875243,40,0.9999998750000157,59.48,1.9461837874428836,1,0.7615501776950414,1,0.08461668641056017,1,0.9307835505161618,1,1.4384836689795228,1,2.4538839059062445,1,0.12692502961584026,1,0.04230834320528008,1,0.08461668641056017,1,0.33846674564224066,1,0.8461668641056016,1,1.015400236926722,1,0.2538500592316805,1,0.04230834320528008,1,23636,3,9810,0.4150448468437976,3774,0.15967168725672704,10052,0.42528346589947535,0.09739380605855474,0.1185056693179895,0.054789304450837704,1,1,2,0,0,1,2,0,0,0,0,0,0
NVDA,0.13201868795075042,0.3456482661801369,0.5223330283147651,0.1772426567552429,0.4080336676673466,43.0,0.13333332444444504,47.15,0.20040692847940217,0.38616144697529725,0.41343162608254386,0.2829403556780733,0.4199976200460783,83,0.468749985351563,46.91,0.14853769895853475,0.287093841128808,0.5643684579408728,0.24670392980034986,0.35973759982902165,64,0.5294117335640156,51.54,0.08290155440414508,1,0.29015544041450775,1,0.7046632124352331,1,0.0,0,0.45595854922279794,1,4.352331606217617,1,0.04145077720207254,1,0.16580310880829016,1,0.24870466321243526,1,0.04145077720207254,1,0.8704663212435233,1,0.7875647668393783,1,1.2020725388601037,1,0.29015544041450775,1,24125,3,5163,0.21401036269430052,12791,0.5301968911917099,6171,0.2557927461139896,0.0813678756476684,0.16692227979274613,0.11208290155440415,1,0,0,0,0,1,1,0,0,0,0,0,0
NVR,0.02061808481812477,0.39440808556973933,0.5849738553166389,0.006068294670860772,0.33885312165399206,5.0,0.0,40.09,0.2627536024687425,0.3637765204920521,0.37346989172950107,0.3632352333072178,0.39338999001930475,53,0.7777777345679036,50.55,0.2168521168999947,0.17714365374726745,0.6060042462956446,0.33113823719406044,0.2875710159853002,26,1.9999993333335555,61.08,0.0,0,0.0,0,0.0,0,0.0,0,0.9264160931709899,1,2.3160402329274747,1,0.0,0,0.39703546850185284,1,0.06617257808364214,1,0.2646903123345686,1,0.3308628904182107,1,0.6617257808364214,1,2.911593435680254,1,0.06617257808364214,1,15112,3,2921,0.19329010058231869,4118,0.27249867654843835,8073,0.5342112228692429,0.020050291159343567,0.16390947591318158,0.08648755955532028,1,0,0,0,0,1,2,0,0,0,0,0,0
NWL,0.08693360775709152,0.33719834391027687,0.5758680486679078,0.169418740573535,0.3928330159236115,25.0,0.12499998437500197,46.12,0.2619359297818984,0.39513074510232216,0.34293332534155463,0.3471898811020186,0.4051714600245115,99,0.7567567363038721,48.48,0.14604664586770993,0.343690795943332,0.5102625583799986,0.2356817019030745,0.3370632351700846,39,0.41666663194444736,47.77,0.271471716040585,1,0.0,0,0.20360378703043877,1,0.06786792901014625,1,0.54294343208117,1,2.5789813023855577,1,0.0,0,0.0,0,0.06786792901014625,1,0.271471716040585,1,0.30540568054565814,1,1.1537547931724863,1,1.051952899657267,1,0.3732736095558044,1,29469,3,4096,0.13899351861277953,12008,0.4074790457769181,13365,0.45352743561030234,0.04981505989344735,0.15480674607214362,0.06556041942380128,1,0,0,0,0,1,1,0,0,0,0,0,0
NWSA,0.36056291518939865,0.38644503377791906,0.25299207121133804,0.3970884859171318,0.424107638915847,9.0,0.7499998125000469,52.5,0.24425439607664828,0.27951915841549635,0.47622644520215407,0.3228892807060905,0.3497066900317731,131,0.9428571159183682,55.38,0.0927460456509953,0.13270216726738474,0.7745517799387808,0.1557918914043802,0.23556663442615716,115,0.3846153550295881,59.62,0.016048530757009197,1,0.08024265378504598,1,0.0,0,0.0,0,0.818475068607469,1,2.6480075749065173,1,0.0,0,0.19258236908411033,1,0.8345235993644782,1,0.06419412302803679,1,1.0110574376915793,1,0.8024265378504598,1,0.8024265378504598,1,0.22467943059812875,1,62311,3,940,0.015085618911588643,22276,0.35749707114313684,39095,0.6274173099452746,0.006162635810691531,0.10213284973760652,0.09176549886857858,0,0,0,0,0,1,2,0,0,0,0,0,0
NXPI,0.16553384226692072,0.21748386176631732,0.6169822954079685,0.2624518999995634,0.32487950068169,85.0,0.5499999725000013,56.66,0.26746182459046935,0.2062245527452946,0.526313627848752,0.30189523219907816,0.3383241469186423,202,1.1395348572201196,60.96,0.20080052792957617,0.17371561473081693,0.62548386109053,0.2725204526030212,0.2855958686764097,109,0.9473683711911383,60.74,0.42732552493055964,1,0.03884777499368724,1,0.3107821999494979,1,0.19423887496843617,1,1.3985198997727404,1,5.302721286638308,1,0.0,0,0.0,0,0.407901637433716,1,0.3107821999494979,1,0.15539109997474895,1,0.660412174892683,1,1.281976574791679,1,0.11654332498106171,1,51483,3,5173,0.10047977002117203,18581,0.3609152535788513,27729,0.5386049763999767,0.07085834158848552,0.14979702037565798,0.08542625721111824,1,0,0,0,0,1,6,0,0,0,0,0,0
ODFL,0.10448853720567729,0.24041198198928646,0.6550994752661178,0.1731122087148461,0.298843706616162,19.0,0.6666664444445185,53.03,0.3171524270014329,0.2765640705551087,0.4062835032760043,0.35684500935120933,0.3705801183680211,99,1.0740740342935542,58.12,0.14734129808114274,0.2247460052047087,0.6279126950337187,0.25238893999115014,0.326217027592537,46,0.599999940000006,55.55,0.29507229271171437,1,0.0,0,0.23605783416937148,1,0.23605783416937148,1,0.35408675125405725,1,8.734139864266744,1,0.0,0,0.05901445854234287,1,0.7671879610504573,1,0.11802891708468574,1,0.7081735025081145,1,0.5901445854234287,1,0.7081735025081145,1,0.35408675125405725,1,16945,3,3762,0.2220123930362939,7937,0.4683977574505754,5246,0.30958984951313073,0.03859545588669224,0.1926822071407495,0.0943051047506639,1,0,0,0,0,0,0,0,0,0,0,0,0
ORLY,0.20358914457028732,0.20424509356962517,0.5921657518483698,0.26804476285924894,0.3107846698423269,16.0,0.9999996666667778,58.85,0.313466860513602,0.17278630386904947,0.5137468435136335,0.3370761604796509,0.30638899341482984,70,1.7692306331361052,64.74,0.2534641308036256,0.040095132547727924,0.7064407315263723,0.3269863308397973,0.08083295512334313,47,10.999989000011,71.27,0.09793360101850945,1,0.29380080305552836,1,0.09793360101850945,1,0.29380080305552836,1,0.7834688081480756,1,3.1338752325923025,1,0.0,0,0.0,0,0.0,0,0.3427676035647831,1,0.3427676035647831,1,0.2448340025462736,1,0.7834688081480756,1,0.09793360101850945,1,20422,3,9090,0.4451082166291255,4209,0.20610126334345313,7123,0.3487905200274214,0.054451082166291256,0.1579179316423465,0.09954950543531485,1,0,0,0,0,0,0,0,0,0,0,0,0
PAYX,0.026483230758458376,0.5053996630012989,0.4681171290576458,0.012607212644070387,0.39969537779688835,2.0,0.0,33.08,0.24265703372071562,0.13548927449873127,0.6218536838935981,0.29037709920253185,0.27250062172684886,159,1.7894735900277057,64.69,0.1740191014794012,0.18897891912298898,0.6370019766657303,0.24145275869319927,0.31149941553159044,60,0.5833332847222263,58.81,0.0,0,0.05377789728421619,1,0.0,0,0.0,0,0.37644528098951335,1,12.637805861790804,1,0.0,0,0.16133369185264856,1,0.0,0,0.10755579456843238,1,1.0755579456843238,1,1.0217800484001076,1,1.5057811239580534,1,0.21511158913686476,1,18595,3,5682,0.3055660123689164,4809,0.2586179080397956,8104,0.435816079591288,0.0020973379940844314,0.30954557676794836,0.13008873353051895,0,0,0,0,0,1,2,0,0,0,0,0,0
PCAR,0.3089649921937569,0.07409079379175564,0.616944204109746,0.3346271457045764,0.19205814609507127,37.0,5.499997250001375,71.0,0.2594924617938145,0.3136283513331027,0.4268791836307005,0.3305763332474394,0.39366324275796055,27,0.9999998750000157,53.7,0.13338052895851432,0.15006125057116151,0.7165582265704871,0.23060663038709828,0.25329360064328543,20,0.99999950000025,59.91,1.6730241584688483,1,0.06692096633875393,1,0.0,0,0.2676838653550157,1,0.2007628990162618,1,2.3422338218563876,1,0.0,0,0.0,0,0.2007628990162618,1,0.0,0,0.5353677307100314,1,0.4015257980325236,1,0.6022886970487854,1,0.06692096633875393,1,14943,3,4824,0.32282674161814895,2089,0.13979789868165696,8030,0.5373753597001941,0.061500368065314864,0.05427290370072944,0.041825603961721206,1,1,2,0,0,1,1,0,0,0,0,0,0
PENN,0.050609070009418895,0.201363889323104,0.7480270231053943,0.052945396998374125,0.2700191469104078,21.0,0.0,53.68,0.21641586615145206,0.28940848385170104,0.49417564567923544,0.3011289478059389,0.3561055039647296,125,0.9062499716796885,53.76,0.16053144528784535,0.23487964454530316,0.6045889144594019,0.25885437896289815,0.30263376480672893,55,0.7272726611570308,55.35,0.03398932735121172,1,0.03398932735121172,1,0.0,0,0.03398932735121172,1,0.8157438564290812,1,1.6144930491825566,1,0.0,0,0.15295197308045275,1,0.06797865470242344,1,0.0,0,0.4588559192413582,1,0.730770538051052,1,1.444546412426498,1,0.5778185649705991,1,58842,3,4789,0.08138744434247647,22436,0.38129227422589307,31617,0.5373202814316305,0.016467829101662078,0.11707623806124877,0.05737398456884538,0,0,0,0,0,0,0,0,0,0,0,0,0
PEP,0.1982313303555223,0.19752063177761503,0.604248044776848,0.28632792269029234,0.327566856311307,87.0,1.1874999257812546,59.1,0.1577228713660172,0.3206201984908487,0.5216569332174252,0.26350241025415316,0.40222389448385626,201,0.4545454476584023,49.68,0.10515413790016002,0.1167558393307225,0.7780900263270132,0.18127200187082398,0.24748634460040356,153,0.49999997222222375,61.09,0.32215079585889794,1,0.0,0,0.4392965398075881,1,0.3807236678332431,1,0.9957388235638663,1,4.846905155877056,1,0.1025025259551039,1,0.0,0,0.24893470589096658,1,0.9371659515895213,1,0.8346634256344174,1,0.9078795156023488,1,1.4350353633714545,1,0.23429148789738033,1,68291,3,4790,0.07014101418927823,13516,0.19791773440131202,49985,0.7319412514094097,0.05918788713007571,0.16063610138964138,0.1011114202457132,1,0,0,0,0,1,1,0,0,0,0,0,0
PFE,0.09632128963924268,0.27277870395813475,0.6309000052173029,0.16416349062551666,0.285707016785878,22.0,0.49999987500003124,50.64,0.22414696703209377,0.19563072255824682,0.5802223097968411,0.2773976798025779,0.3186921628156132,231,0.9555555343209882,60.13,0.15459872691214763,0.1251418984981931,0.7202593697742983,0.21382551212183049,0.22296592777428842,44,1.249999687500078,62.28,0.0,0,0.025795800443687768,1,0.20636640354950214,1,0.0,0,1.7799102306144559,1,5.933034102048187,1,0.0,0,0.12897900221843883,1,0.0,0,0.20636640354950214,1,0.438528607542692,1,0.5675076097611309,1,1.1350152195222618,1,0.30954960532425324,1,38766,3,733,0.018908321725223134,22523,0.5809988133931796,15510,0.4000928648815973,0.03433421039054842,0.2739256049115204,0.04638084919775061,0,0,0,0,0,0,0,0,0,0,0,0,0
PFG,0.08178028076266249,0.4254305018629465,0.4927892268945773,0.14096713987570567,0.3901468918690224,18.0,0.12499998437500197,40.21,0.11373551365056443,0.33451123303656866,0.5517532494295081,0.21988612024159968,0.3904691967934972,109,0.26315788781163457,47.24,0.07183974046931892,0.3074911300810512,0.6206691280068433,0.11353696479128178,0.3786574234592072,61,0.055555552469135974,47.53,0.1513660788617271,1,0.03784151971543177,1,0.3027321577234542,1,0.03784151971543177,1,1.324453190040112,1,3.8598350109740407,1,0.0,0,0.03784151971543177,1,0.34057367743888595,1,0.07568303943086355,1,0.491939756300613,1,0.5676227957314766,1,2.005600544917884,1,0.3784151971543177,1,26426,3,9148,0.34617422235676987,15947,0.6034587149019904,1331,0.050367062741239685,0.02758646787254976,0.19514871717248164,0.11980625141905699,1,0,0,0,0,1,1,0,0,0,0,0,0
PGR,0.04076187842740463,0.42473825704879486,0.5344998653118427,0.035263535760144474,0.3657495431961547,13.0,0.0,38.82,0.16215586816318905,0.2606176048791848,0.5772265274173174,0.21952120294622035,0.3479337641853851,78,0.38095236281179223,53.74,0.17805140025913715,0.18749389681965112,0.6344546991959215,0.25842581899438516,0.31077346974981057,50,0.7999999200000081,59.04,0.0,0,0.2088009604844182,1,0.2610012006055228,1,0.0,0,1.5660072036331367,1,4.437020410293887,1,0.0,0,0.2088009604844182,1,0.15660072036331366,1,0.1044004802422091,1,0.939604322179882,1,0.3654016808477319,1,1.5138069635120321,1,0.15660072036331366,1,19157,3,8653,0.4516886777679177,10470,0.5465365140679647,34,0.001774808164117555,0.03643576760453098,0.18630265699222218,0.10847209897165527,1,0,0,0,0,1,2,0,0,0,0,0,0
PH,0.13545649472831023,0.17999572953623202,0.6845477562811639,0.1923192768836293,0.2534982305470301,18.0,0.499999750000125,58.04,0.26538881389066005,0.2545888243565479,0.48002235935284543,0.33327281566076133,0.34733125246206276,52,1.1818180743801752,57.74,0.2004440426826477,0.1870809290299399,0.6124750215870639,0.2913252731505085,0.2734738537850069,36,1.399999720000056,59.86,0.4835589941972921,1,0.20723956894169662,1,0.20723956894169662,1,0.20723956894169662,1,0.8289582757667865,1,4.2829510914617295,1,0.0,0,0.06907985631389886,1,0.06907985631389886,1,0.0,0,1.1052777010223818,1,1.3815971262779772,1,1.3815971262779772,1,0.20723956894169662,1,14476,3,3430,0.2369439071566731,4721,0.32612600165791655,6325,0.4369300911854103,0.0548494059132357,0.1579165515335728,0.12475822050290135,1,0,0,0,0,0,0,0,0,0,0,0,0
PKG,0.12602902111667458,0.20310702152369964,0.6708639595377189,0.21483283512941503,0.31428955669310643,93.0,0.4499999775000011,56.21,0.19976093489062655,0.331779977091803,0.46845908004503983,0.2733246466794369,0.38876985509391604,91,0.4193548251821024,50.43,0.1905411070512308,0.14172679382877854,0.6677320938869998,0.29592064680116464,0.26832242265603956,143,1.4374999101562556,62.46,0.9975261351847418,1,0.39901045407389674,1,0.1596041816295587,1,0.6384167265182348,1,0.7182188173330142,1,3.7107972228872397,1,0.0,0,0.039901045407389674,1,0.1596041816295587,1,0.11970313622216902,1,0.8778229989625728,1,1.356635543851249,1,0.19950522703694837,1,0.0,0,25062,3,4555,0.18174926183065995,4218,0.16830260952836965,16289,0.6499481286409704,0.0985156811108451,0.10063043651743676,0.15509536349852365,1,0,0,0,0,1,1,0,0,0,0,0,0
PKI,0.18204026434408582,0.1553324390121776,0.6626272995186888,0.2742010722555027,0.26899570568380315,23.0,0.7499998125000469,61.27,0.3078895113280704,0.14457563470588417,0.5475348575661579,0.3373316863634045,0.2754293518134716,93,1.799999880000008,66.38,0.19301642701029778,0.3054553622779037,0.5015282223267215,0.2721368615991523,0.3464007243132571,35,0.4615384260355057,51.9,0.1864454181038501,1,0.0,0,0.0,0,0.09322270905192505,1,1.1652838631490632,1,5.220471706907803,1,0.0,0,0.13983406357788758,1,0.09322270905192505,1,0.3262794816817377,1,0.5593362543115503,1,0.978838445045213,1,1.398340635778876,1,0.41950219073366274,1,21454,3,5075,0.23655262421925982,8628,0.4021627668500047,7751,0.36128460893073555,0.0491283676703645,0.19931015195301577,0.08487927659177776,1,0,0,0,0,1,6,0,0,0,0,0,0
PLD,0.3631611195569103,0.2046987066120916,0.4321401786763926,0.3670364137772318,0.33831779658532163,37.0,1.7499997812500274,64.41,0.2675184917015334,0.149340961384587,0.583140542730689,0.30966832818279755,0.2752037828781835,60,1.8749997656250295,64.66,0.2732436229185811,0.20811260571896,0.51864376715545,0.32962492993378234,0.33849004156750767,29,0.9999998571428775,61.04,0.4198329065032117,1,0.2938830345522482,1,0.12594987195096352,1,0.08396658130064234,1,1.1335488475586717,1,1.6373483353625258,1,0.0,0,0.12594987195096352,1,0.04198329065032117,1,0.08396658130064234,1,0.5457827784541752,1,0.4618161971535329,1,1.0915655569083504,1,0.08396658130064234,1,23819,3,4913,0.20626390696502792,8559,0.3593349846760989,10347,0.4344011083588732,0.05264704647550275,0.08102775095511987,0.03576976363407364,1,0,0,0,0,0,0,0,0,0,0,0,0
PM,0.2765476207714528,0.19944644106241563,0.5240059146502366,0.3139551608890554,0.3374599997433884,24.0,1.249999687500078,61.72,0.24647852594861921,0.20001256929688974,0.5535089039173774,0.29160645883131386,0.30917257960528893,173,0.9729729466764069,60.63,0.18471965944913568,0.14360140363273563,0.6716789286278311,0.2790355224584309,0.2703456411325259,61,1.14285697959186,62.13,0.24490159408673973,1,0.0,0,0.222637812806127,1,0.0,0,1.3580906581173746,1,3.1391931605663905,1,0.0,0,0.0667913438418381,1,0.1781102502449016,1,0.1558464689642889,1,0.40074806305102856,1,0.9128150325051206,1,1.4471457832398253,1,0.5120669694540921,1,44916,3,3290,0.07324784041321578,7008,0.1560245792145338,34618,0.7707275803722504,0.022998486062872917,0.17020660789028408,0.06340724908718497,1,0,0,0,0,0,0,0,0,0,0,0,0
PNR,0.14338205990326755,0.194859370525342,0.6617585715709948,0.21655255921360972,0.2896447987749638,51.0,0.6249999218750099,57.35,0.19965277600013429,0.32898078698088373,0.4713664312093031,0.26374094536784787,0.38042550717803836,84,0.6296296063100145,50.6,0.11980915837921202,0.23227442369097845,0.647916417568922,0.20335414745498798,0.3160128917744709,40,0.3749999531250059,54.1,1.0740135419098764,1,0.0,0,0.3268736866682232,1,0.14008872285780996,1,1.2607985057202895,1,4.9964977819285545,1,0.0,0,0.046696240952603316,1,0.14008872285780996,1,0.18678496381041326,1,0.9806210600046695,1,0.9339248190520664,1,1.634368433341116,1,0.14008872285780996,1,21415,3,2739,0.12790100396918047,10513,0.4909175811347187,8163,0.38118141489610086,0.1013775391081018,0.19668456689236516,0.07074480504319403,1,0,0,0,0,1,1,0,0,0,0,0,0
PNW,0.22182769727272292,0.1428122111177072,0.6353600863118967,0.2739649349145194,0.2659374427211247,300.0,1.2558139242833972,63.48,0.28502840842702426,0.16966753681845148,0.5453040515858447,0.31515092984078735,0.3047526854835841,128,1.619047541950117,63.95,0.15506238889737198,0.16467032061280826,0.6802672927196209,0.21526695644441501,0.2864716576015576,52,0.7499999062500118,59.72,2.4392103056635417,1,5.05627969611505,1,0.2540844068399522,1,0.7622532205198567,1,1.5245064410397133,1,4.0399420687552405,1,0.0,0,0.2540844068399522,1,0.20326752547196178,1,0.050816881367990445,1,0.48276037299590924,1,0.27949284752394743,1,1.4482811189877276,1,0.15245064410397136,1,39357,3,14850,0.3773153441573291,9267,0.23546001981858372,15240,0.3872246360240872,0.31981604288944787,0.11731077063800595,0.05833777981045303,1,0,0,0,0,1,2,1,6,0,0,0,0
POOL,0.31330198752854405,0.13041139350690203,0.556286609249896,0.3367519970397937,0.2567922056728384,29.0,2.666665777778074,67.49,0.3093961859545247,0.21823857676830483,0.4723652330311862,0.33138366658924195,0.33942355960119536,110,1.33333327777778,61.64,0.24063113497538588,0.14250784370479946,0.6168610273023784,0.3113080689180756,0.26091408862530835,59,1.9999996666667221,64.16,0.2146659797355315,1,0.0,0,0.25759917568263785,1,0.042933195947106303,1,0.6439979392065945,1,6.397046196118839,1,0.042933195947106303,1,0.12879958784131892,1,0.2146659797355315,1,0.9445303108363386,1,0.6869311351537009,1,1.0303967027305514,1,0.8157307229950197,1,0.08586639189421261,1,23292,3,6907,0.2965395844066632,5456,0.23424351708741198,10929,0.4692168985059248,0.049072642967542504,0.17319251245062683,0.10372660140820883,1,0,0,0,0,1,1,0,0,0,0,0,0
PPG,0.25163540851324795,0.1408894830942154,0.6074751127511263,0.2977347529857321,0.23924415491516104,50.0,1.9999996666667221,64.65,0.2725322722996536,0.25609349389968994,0.47137424339981454,0.31424640043313895,0.36949355222957586,57,0.9333332711111153,57.89,0.26352809997344456,0.12859719531196687,0.6078747080432044,0.31431822147373034,0.2216148710607438,27,2.3333325555558146,65.86,0.13435442697836894,1,0.0,0,0.06717721348918447,1,0.6045949214026601,1,0.6045949214026601,1,3.6275695284159615,1,0.0,0,0.20153164046755342,1,0.20153164046755342,1,0.0,0,0.8061265618702137,1,0.4702404944242913,1,2.2168480451430876,1,0.4702404944242913,1,14886,3,3868,0.2598414617761655,3124,0.20986161494021227,7894,0.5302969232836222,0.14154238882171166,0.16921940077925568,0.09371221281741234,1,0,0,0,0,0,0,0,0,0,0,0,0
PRU,0.08424432926739638,0.15206980823467559,0.7636858706290905,0.13797098042709208,0.20628398112653284,26.0,0.499999750000125,58.06,0.16151248345541994,0.16027086560976056,0.6782166505571698,0.2744225614412597,0.28371079311673547,291,0.9512194889946467,60.24,0.11064707067262076,0.07432032506561505,0.8150326012979326,0.18554961588893723,0.17986669933643076,159,1.428571224489825,64.04,0.0,0,0.1167269756040621,1,0.1283996731644683,1,0.0,0,2.346212209641648,1,3.069919458386833,1,0.0,0,0.03501809268121863,1,0.16341776584568693,1,0.14007237072487452,1,0.21010855608731177,1,0.7003618536243726,1,1.1439243609198084,1,0.09338158048324968,1,85670,3,21424,0.25007587253414265,10535,0.12297186879887942,53711,0.6269522586669779,0.01272324034084277,0.15765145325084626,0.07211392552818957,1,0,0,1,1,0,0,0,0,0,0,0,0
PSA,0.30808157761665905,0.06691182201558893,0.6250065951184793,0.3190304056023095,0.1392171912927282,22.0,2.499998750000625,71.43,0.30025543244428016,0.1413053023016514,0.5584392661152229,0.3035828658197936,0.2847265539698199,73,1.9999998181818348,66.32,0.17408234815229662,0.19768341723829508,0.6282342282647733,0.24909026928724118,0.3032095384044071,64,0.8333332638888947,58.24,0.20026033843997196,1,0.2503254230499649,1,0.05006508460999299,1,0.05006508460999299,1,2.0026033843997193,1,4.555922699509362,1,0.0,0,0.0,0,0.0,0,0.15019525382997898,1,0.5507159307099229,1,0.20026033843997196,1,0.9512366075898668,1,0.15019525382997898,1,19974,3,4939,0.24727145288875538,3919,0.19620506658656253,11116,0.556523480524682,0.05422048663262241,0.16816861920496645,0.15920696905977771,1,0,0,0,0,1,3,0,0,0,0,0,0
PTC,0.2972580559551716,0.27430506590753795,0.4284368894994259,0.3200383555253321,0.37063138886363667,5.0,1.9999980000020001,57.57,0.32786256378954826,0.23146613169571056,0.44067128944922895,0.3634307250915075,0.35126178065408015,34,1.5714283469388075,61.43,0.20409149990106623,0.14648879393935205,0.6494197006958227,0.32282443515897496,0.25486588748136557,30,1.6666661111112961,62.62,0.0,0,0.24348672997321646,1,0.0,0,0.0,0,0.6087168249330411,1,1.521792062332603,1,0.0,0,0.0,0,0.060871682493304116,1,0.24348672997321646,1,0.6087168249330411,1,0.6087168249330411,1,0.7913318724129534,1,0.30435841246652057,1,16428,3,1506,0.091672753834916,6369,0.3876917457998539,8553,0.5206355003652301,0.008826393961529096,0.06251521792062333,0.05831507182858534,0,0,0,0,0,0,0,0,0,0,0,0,0
PVH,0.25625245466276453,0.3229039668760918,0.4208435758396431,0.316226087898856,0.39725449127729323,27.0,0.8888887901234679,52.98,0.23997712302013857,0.370714579309736,0.3893083044241707,0.31323678829239643,0.4244385519476337,119,0.5957446681756454,49.3,0.09609651276125358,0.18288087946577714,0.7210226133752328,0.15835484203318403,0.2858348295741972,65,0.2727272479338866,56.48,0.09165272781431157,1,0.02291318195357789,1,0.16039227367504524,1,0.11456590976788947,1,1.0540063698645832,1,1.7643150104254977,1,0.13747909172146736,1,0.04582636390715578,1,0.2520450014893568,1,0.16039227367504524,1,0.48117682102513576,1,1.1456590976788947,1,0.5270031849322916,1,0.0,0,43643,3,9572,0.2193249776596476,10292,0.23582246866622367,23779,0.5448525536741288,0.03219302064477694,0.13663130398918497,0.08060857411268703,1,0,0,0,0,0,0,0,0,0,0,0,0
PWR,0.20961968754935595,0.4080841960219873,0.3822961166418261,0.315078500563676,0.40353003365492396,225.0,0.44897958725531034,45.81,0.1774797785592576,0.41108020867065836,0.41144001560285687,0.2854300428045278,0.4117002952059789,300,0.35114503548744247,44.49,0.11776221486130603,0.30417201199561805,0.578065778247844,0.2115915258508019,0.35106201614375804,133,0.22727272210743815,49.35,0.6838661231495388,1,2.4404634198669815,1,0.5631838661231495,1,0.10727311735679039,1,0.8715940785239219,1,5.564792962883501,1,0.0,0,0.0,0,0.2279553743831796,1,0.2279553743831796,1,0.9788671958807122,1,0.603411285131946,1,1.3811413859686763,1,0.21454623471358078,1,74576,3,2416,0.032396481441750696,28037,0.3759520489165415,44123,0.5916514696417078,0.15648465994421798,0.1964170778802832,0.08221143531431023,0,0,0,0,0,1,2,1,6,0,0,0,0
PXD,0.12447157073765994,0.28737037856639785,0.5881580579517918,0.20658658559639004,0.3320453827875066,110.0,0.32142855994898,50.68,0.2266142441924796,0.2152170268594321,0.5581687311810183,0.25588637524311203,0.33012025328796485,83,0.8421052188365674,58.94,0.11536832023733135,0.22244839709059433,0.6621832778227741,0.1732270561540336,0.3014278614180892,58,0.3333333055555579,54.58,2.413484370742341,1,0.5839075090505664,1,0.7396161781307174,1,0.6228346763206042,1,0.6228346763206042,1,5.91692942504574,1,0.0,0,0.3114173381603021,1,0.5449803417805286,1,0.11678150181011328,1,0.6617618435906418,1,0.9342520144809062,1,1.128887850831095,1,0.1946358363501888,1,25689,3,721,0.028066487601697224,24953,0.9713496048892523,15,0.0005839075090505664,0.2063918408657402,0.1377243178013936,0.11094242671960762,1,0,0,0,0,1,1,0,0,0,0,0,0
PYPL,0.19841197590258988,0.37409361815926706,0.4274944077161225,0.26756715980074114,0.3603334544481563,11.0,0.199999960000008,47.63,0.36307829934373204,0.15067403232130935,0.4862476496354622,0.3470168620436942,0.29590781113206394,51,2.374999703125037,67.91,0.16424084656561413,0.27597646028734746,0.5597826760262251,0.23742420366529832,0.3589828058016163,60,0.588235259515573,52.81,0.04532680627322999,1,0.0,0,0.22663403136614993,1,0.0,0,0.7705557066449098,1,3.308856857945789,1,0.0,0,0.09065361254645998,1,0.04532680627322999,1,0.09065361254645998,1,1.5864382195630495,1,1.5864382195630495,1,1.9943794760221194,1,1.8130722509291994,1,22062,3,2842,0.12881878342851963,19193,0.8699573928021032,27,0.0012238237693772097,0.022890037167981145,0.0879793309763394,0.13924394887136252,1,0,0,0,0,0,0,0,0,0,0,0,0
QCOM,0.2036643478553742,0.2598660871852189,0.5364695524796843,0.2835498579306659,0.35474504671220786,40.0,0.9999998750000157,55.24,0.2974642324556665,0.18338539068382687,0.5191503829936065,0.2953696608794929,0.31519943357243785,205,1.5999999542857157,63.49,0.17833776660979941,0.1864539619642668,0.6352082715513041,0.26637960588063003,0.29898470776040786,104,0.8181817809917372,59.12,0.5165132318536748,1,0.030383131285510286,1,0.3645975754261234,1,0.030383131285510286,1,0.9874517667790843,1,4.390362470756236,1,0.09114939385653086,1,0.09114939385653086,1,0.030383131285510286,1,0.2430650502840823,1,0.5772794944246954,1,0.5468963631391851,1,1.6254975237748002,1,0.5165132318536748,1,65826,3,7517,0.11419499893659041,29757,0.4520554188314648,28552,0.4337495822319448,0.03129462522407559,0.14933309026828304,0.07346641144836387,0,0,0,0,0,0,0,0,0,0,0,0,0
QRVO,0.19278675524724853,0.23853040753898244,0.5686828512008544,0.28017346195441967,0.33108944240873656,27.0,0.99999980000004,56.24,0.24426108979969285,0.2183213394091581,0.5374175770848524,0.2847423544388161,0.3438565810843699,64,0.9999999285714337,59.36,0.18017795836203732,0.1973118511668872,0.62251019483665,0.2519575087095351,0.3231565314978138,32,0.6666665555555741,58.48,0.18501387604070305,1,0.0,0,0.23126734505087881,1,0.13876040703052728,1,0.8325624421831637,1,3.792784458834413,1,0.0,0,0.0,0,0.46253469010175763,1,0.13876040703052728,1,0.8788159111933396,1,0.6012950971322849,1,0.6475485661424607,1,0.0,0,21620,3,4951,0.2290009250693802,9865,0.4562904717853839,6804,0.3147086031452359,0.04893617021276596,0.10790934320074005,0.06369102682701203,1,0,0,0,0,1,1,0,0,0,0,0,0
RCL,0.1842998343438489,0.21688966252343747,0.5988105014689917,0.2689296358694088,0.3445621486055968,103.0,0.66666663888889,57.35,0.2157490511769911,0.2773103683860416,0.5069405773276114,0.2978558412464257,0.3771008631956967,251,0.8382352817906576,54.53,0.15161480261604227,0.18572831831665504,0.662656884751327,0.2528945080219914,0.3049784440609494,252,0.7804877858417614,58.23,0.7132773608737648,1,0.14859945018203433,1,0.11887956014562746,1,0.05943978007281373,1,0.9361765361468162,1,4.874061965970726,1,0.0,0,0.0891596701092206,1,0.3566386804368824,1,0.0891596701092206,1,0.7429972509101717,1,0.9064566461104093,1,0.8470168660375956,1,0.0891596701092206,1,67295,3,1035,0.015380043093840553,24865,0.36949253287762834,41395,0.615127424028531,0.06300616687718255,0.16014562746117839,0.14576120068355747,0,0,0,0,0,1,4,0,0,0,0,0,0
REG,0.07801156285374115,0.3187108334386721,0.6032776061911136,0.10621580460666989,0.35816516288745764,24.0,0.0,47.01,0.18728737388576927,0.3406442503348507,0.4720683775456815,0.26257761571756627,0.40118201553582084,29,0.499999950000005,49.41,0.10765880888158624,0.275088613175533,0.6172525764188983,0.17128146597733615,0.3715878298448833,33,0.22222219753086697,50.89,0.0,0,0.05730659025787966,1,0.7449856733524355,1,0.0,0,0.9742120343839541,1,1.0315186246418337,1,0.0,0,0.05730659025787966,1,0.3438395415472779,1,0.05730659025787966,1,0.6876790830945558,1,0.4011461318051576,1,0.4011461318051576,1,0.11461318051575932,1,17450,3,1108,0.06349570200573065,10368,0.5941547277936963,5974,0.34234957020057305,0.04670487106017192,0.07432664756446991,0.06848137535816619,0,0,0,0,0,0,0,0,0,0,0,0,0
REGN,0.0374676805222407,0.44828527281060815,0.5142470225691795,0.029285830369968558,0.29355755112260107,8.0,0.0,37.17,0.12920282339540923,0.33727976535106213,0.5335174113330318,0.23670513196433446,0.35806444964097756,205,0.31884057508926705,47.6,0.10609543830352394,0.3194890250696948,0.5744155361660217,0.1930373997386595,0.3459427566819078,95,0.26666665777777804,47.95,0.0,0,0.0,0,0.0508879955218564,1,0.0,0,0.38165996641392297,1,2.976947738028599,1,0.0,0,0.0508879955218564,1,0.2798839753702102,1,0.1017759910437128,1,1.0686479059589844,1,0.7633199328278459,1,0.9668719149152715,1,0.48343595745763573,1,39302,3,846,0.021525622105745254,30295,0.7708259121673198,8161,0.20764846572693502,0.012518446898376672,0.32074703577426084,0.121189761335301,0,0,0,0,0,0,0,0,0,0,0,0,0
RF,0.1332234405563213,0.4478668312076479,0.4189097295165993,0.21859472240650063,0.34609778532673463,32.0,0.23076921301775286,40.55,0.18614303834958754,0.24890639387946853,0.5649505664677873,0.289871323391962,0.3437667680739863,134,0.61764704065744,55.34,0.13169553206967455,0.1652467370139701,0.7030577355357153,0.2217659385019045,0.2906414072258524,175,0.7499999687500013,58.87,0.07703863487539,1,0.17333692846962753,1,0.23111590462617004,1,0.05777897615654251,1,2.1570817765109203,1,1.7333692846962752,1,0.0,0,0.13481761103193252,1,0.19259658718847503,1,0.2888948807827125,1,0.500751126690035,1,1.194098840568545,1,0.7126073725973575,1,0.5970494202842725,1,51922,3,9573,0.18437271291552715,14729,0.28367551326990487,27620,0.531951773814568,0.02297677285158507,0.12397442317322137,0.14163553021840453,0,0,0,0,0,0,0,0,0,0,0,0,0
RHI,0.02714011212810874,0.49414646439254284,0.4787134323269129,0.018186467234045267,0.4552660007029772,2.0,0.0,33.83,0.19190755208061697,0.2805554315952274,0.5275370132100458,0.28844728411579895,0.3556499570731624,96,0.679999972800001,53.48,0.11827597335665202,0.23235490933364752,0.6493691142496406,0.21656286057483737,0.33523407018839474,49,0.2727272479338866,54.04,0.0,0,0.0,0,0.08609556607834697,1,0.0,0,1.4636246233318984,1,11.020232458028412,1,0.0,0,0.08609556607834697,1,0.08609556607834697,1,0.08609556607834697,1,1.8941024537236333,1,1.0331467929401636,1,3.099440378820491,1,0.0,0,11615,3,3315,0.2854068015497202,5976,0.5145071028842014,2324,0.20008609556607834,0.0062849763237193285,0.30787774429616876,0.17692638829100302,0,0,0,0,0,1,3,0,0,0,0,0,0
RJF,0.048742955860992275,0.7039866842743423,0.24727036783264744,0.04462090210354777,0.3713868600692322,9.0,0.0,20.95,0.18316673410636997,0.21407485628710282,0.6027584074755872,0.2693808575610811,0.33415330754508676,151,0.6249999804687506,57.5,0.16463278762796182,0.1910659162415154,0.6443012937365863,0.2691641640978644,0.31975039641614816,149,0.6296296063100145,58.34,0.0,0,0.043970539738375294,1,0.08794107947675059,1,0.0,0,2.7701440035176432,1,2.2644827965263277,1,0.021985269869187647,1,0.10992634934593823,1,0.2858085082994394,1,0.1538968890843135,1,1.1432340331977575,1,0.7255139056831923,1,1.2751456524128835,1,0.17588215895350118,1,45485,3,10197,0.2241837968561064,12055,0.26503242827305706,23233,0.5107837748708366,0.010399032648125755,0.15682092997691546,0.15598548972188633,0,0,0,0,0,1,2,0,0,0,0,0,0
RL,0.22383005214347082,0.24658028908412566,0.5295896562324329,0.23039111732118717,0.3787368732458162,22.0,0.49999991666668053,56.81,0.24148529580016748,0.28562080617908625,0.4728938974440098,0.2672414623866118,0.3890028797183711,109,0.6666666464646471,54.89,0.1673516391362581,0.2952925906775312,0.5373557705018256,0.257171774413922,0.3722562973148984,90,0.48148146364883465,51.66,0.06786409084739628,1,0.0,0,0.0,0,0.1583495453105913,1,0.8143690901687554,1,3.4610686332172103,1,0.02262136361579876,1,0.1583495453105913,1,0.5202913631633715,1,0.09048545446319504,1,0.33932045423698143,1,0.7012622720897616,1,1.1084468171741393,1,0.04524272723159752,1,44206,3,13301,0.30088675745373933,11202,0.25340451522417773,19703,0.445708727322083,0.028548160883138034,0.11828711034701171,0.11023390489978736,1,0,0,0,0,1,2,0,0,0,0,0,0
ROK,0.12021299128365867,0.286071859217961,0.5937151527580093,0.21391780216813633,0.3344630028782205,34.0,0.299999970000003,50.61,0.17936401464173507,0.2757226312653451,0.5449133505241881,0.26846597793104326,0.3835419779233871,116,0.5624999824218756,53.36,0.13974035766403206,0.17435089149130661,0.6859087438673758,0.22912519133716883,0.2946168553822768,61,0.599999940000006,58.56,0.07979890675497746,1,0.03989945337748873,1,0.5186928939073535,1,0.07979890675497746,1,0.7181901607947971,1,5.34652675258349,1,0.0,0,0.0,0,0.35909508039739857,1,0.7181901607947971,1,0.9575868810597294,1,0.7580896141722858,1,1.037385787814707,1,0.07979890675497746,1,25063,3,537,0.02142600646371145,6116,0.24402505685672107,18410,0.7345489366795674,0.08334995810557395,0.21338227666280973,0.09871124765590711,0,0,0,0,0,1,1,0,0,0,0,0,0
ROL,0.03730411371706348,0.2903463039547205,0.6723495839457763,0.05185833379318729,0.29829546062789153,19.0,0.0,47.43,0.16838115173559942,0.15173246702331988,0.6798863782257331,0.25906932473139405,0.26967114657067,122,1.1249999296875044,61.03,0.08614291468611321,0.10093585322372234,0.812921233737889,0.16540913522630366,0.18936807090205116,156,0.7777776913580343,61.45,0.0,0,0.03378416423608374,1,0.07882971655086206,1,0.0563069403934729,1,0.563069403934729,1,1.8919131972206895,1,0.0,0,0.10135249270825122,1,0.2815347019673645,1,0.14639804502302955,1,0.8783882701381772,1,0.698206060879064,1,1.2162299124990146,1,0.6531605085642855,1,88799,3,10058,0.11326704129551009,75748,0.853027624184957,2993,0.03370533451953288,0.014031689546053447,0.07404362661741687,0.09167896034865257,1,0,0,0,0,1,3,0,0,0,0,0,0
ROST,0.14193792703251043,0.4061035942286253,0.4519584694256385,0.2678751646623431,0.3512904216749146,6.0,0.499999750000125,43.57,0.2011007991565678,0.4415481799067213,0.35735102402619445,0.30056900665558883,0.43089782867459075,52,0.37499998437500065,43.34,0.20165351059819972,0.26574786685939344,0.5325986237398216,0.3054702928560414,0.31699026855611545,28,0.9999998333333611,54.78,0.0,0,0.0,0,0.06205013651030033,1,0.0,0,0.37230081906180196,1,2.7922561429635144,1,0.06205013651030033,1,0.24820054604120131,1,0.43435095557210224,1,0.37230081906180196,1,0.9307520476545049,1,0.12410027302060066,1,0.6205013651030032,1,0.06205013651030033,1,16116,3,2841,0.17628443782576322,6488,0.4025812856788285,6787,0.4211342764954083,0.02513030528667163,0.16728716803176966,0.07408786299329859,0,0,0,0,0,0,0,0,0,0,0,0,0
SBAC,0.0792205521138385,0.2495436730387155,0.6712357929209247,0.13053918010091545,0.33167429798685283,32.0,0.11111109876543349,51.55,0.1358199228339319,0.24031256661170497,0.6238675189889827,0.18381314790783462,0.3391932596112339,53,0.3846153550295881,54.13,0.13589600309477015,0.18059956134786292,0.6835044384381529,0.23069007299446992,0.2840065991241747,59,0.7777776913580343,58.02,0.0691754288876591,1,0.10376314333148866,1,0.0691754288876591,1,0.03458771444382955,1,0.6225788599889319,1,2.0406751521859436,1,0.0,0,0.2767017155506364,1,0.20752628666297732,1,0.0691754288876591,1,0.7263420033204205,1,0.10376314333148866,1,0.5534034311012728,1,0.0,0,28912,3,6018,0.20814886552296624,12265,0.42421831765356943,10629,0.3676328168234643,0.05226203652462645,0.07910210293303818,0.10293303818483675,1,0,0,0,0,1,1,0,0,0,0,0,0
SBUX,0.19043634983245283,0.4554745362450679,0.3540891073644161,0.28609458781327934,0.41668698452416586,24.0,0.3333333055555579,42.06,0.20127823690955454,0.34082360265669054,0.4578981614546277,0.2806282175187953,0.40617032222972227,104,0.4722222091049387,49.89,0.14575797736482776,0.16310059030175858,0.691141430720471,0.226849853629625,0.32068718171710275,69,0.8181817438016598,59.5,0.24827243762155007,1,0.041378739603591674,1,0.3310299168287334,1,0.20689369801795837,1,2.151694459386767,1,4.758555054413043,1,0.0,0,0.20689369801795837,1,0.2896511772251417,1,0.08275747920718335,1,0.7034385732610584,1,1.1999834485041585,1,1.1586047089005669,1,0.08275747920718335,1,24167,3,6367,0.2634584350560682,9154,0.3787809823312782,8646,0.35776058261265364,0.04890967021144536,0.22005213721190053,0.11991558737120868,1,0,0,0,0,1,1,0,0,0,0,0,0
SCHW,0.08813430070877075,0.018268545903265477,0.8935971736907959,0.05436852102151761,0.015236457075568954,5.0,0.0,66.9,0.3107793293379504,0.24328728231183927,0.445933384885048,0.3890301962566698,0.35306716414506006,145,1.23529408131488,60.06,0.18148662750091818,0.15486198169880627,0.6636513838613475,0.28782008138162024,0.2754301917414899,81,0.9999999090909174,61.29,0.0,0,0.13670913763875978,1,0.0,0,0.0,0,2.980259200524963,1,3.2536774758024825,1,0.0,0,0.16405096516651174,1,0.41012741291627935,1,0.41012741291627935,1,0.7929129983048067,1,1.0663312735823263,1,1.230382238748838,1,0.6015202056105431,1,36574,3,8609,0.2353857931864166,7490,0.20479028818286213,20475,0.5598239186307212,0.004265325094329305,0.18491277957018648,0.10171159840323728,1,0,0,0,0,1,1,0,0,0,0,0,0
SIVB,0.16046432701303906,0.3976737247051104,0.44186193301625876,0.2556303460221424,0.3928362945551801,23.0,0.33333329629630043,44.77,0.21170143301224373,0.21441968167246336,0.5738788822337109,0.30072990912899683,0.33489510409228007,204,0.8222222039506177,58.47,0.19383443196758973,0.19930650460057306,0.6068590571887271,0.2920427103211956,0.3090626663241245,86,0.9411764152249167,58.83,0.056142977449237394,1,0.09357162908206232,1,0.29942921306259945,1,0.0,0,4.4540095443061665,1,3.3498643211378307,1,0.0,0,0.18714325816412464,1,0.24328623561336202,1,0.5614297744923739,1,0.48657247122672403,1,0.5614297744923739,1,0.7672873584729111,1,0.8795733133713859,1,53435,3,9155,0.1713296528492561,17773,0.3326097127350987,26507,0.4960606344156452,0.019126040984373538,0.18785440254514832,0.07637316365677926,1,0,0,0,0,0,0,0,0,0,0,0,0
SNPS,0.22973965046306452,0.1888163690455258,0.5814439646071858,0.2137074656297919,0.33827808893292544,9.0,0.499999750000125,60.77,0.22113636671565473,0.22085502248649536,0.5580086129668512,0.27770811202458545,0.3411235847881367,76,0.8124999492187531,58.38,0.12316261590527955,0.14546521065701076,0.7313721743759825,0.1932419227854174,0.23184806159737573,67,0.8333331944444675,59.86,0.08653887759075765,1,0.043269438795378826,1,0.12980831638613646,1,0.0,0,1.211544286270607,1,4.889446583877807,1,0.0,0,0.08653887759075765,1,0.30288607156765174,1,0.043269438795378826,1,0.995197092293713,1,0.6057721431353035,1,0.8653887759075765,1,0.08653887759075765,1,23111,3,6718,0.29068408982735494,9855,0.4264203193284583,6538,0.28289559084418675,0.01717796720176539,0.14092856215654884,0.12613041408852926,1,0,0,0,0,1,1,0,0,0,0,0,0
STX,0.08483797172084451,0.31027047205716374,0.6048915573085348,0.20477947919781556,0.3347328016441566,30.0,0.22222219753086697,47.8,0.08618551542996054,0.23493147554916133,0.6788830034278442,0.18474577018534596,0.33037646539840715,274,0.32203389284688316,52.75,0.0602966922832032,0.08870625446395328,0.8509970541950316,0.13176247595960092,0.15178449588477735,300,0.99999990000001,61.34,0.0,0,0.0960901966646025,1,0.04270675407315667,1,0.04270675407315667,1,2.2207512118041466,1,4.22796865324251,1,0.010676688518289167,1,0.0,0,0.5445111144327476,1,2.2954880314321713,1,0.36300740962183164,1,2.530375178834533,1,1.1957891140483867,1,0.2989472785120967,1,93662,3,72869,0.7779996156392134,14901,0.15909333561102687,5892,0.06290704874975978,0.015406461531891269,0.1844184407764088,0.23771646985970832,1,0,0,0,0,1,6,0,0,0,0,0,0
SWKS,0.1312968101248973,0.39730497253023916,0.4713982159478797,0.2307385724431149,0.31577004306159345,18.0,0.11111109876543349,43.77,0.192318236510105,0.42964100325480103,0.37804075549630556,0.27049243792367467,0.4123746841605127,51,0.3199999872000005,43.8,0.15425197234643356,0.2676678113473047,0.5780802290620548,0.22205764201645506,0.33410068831512796,28,0.285714244897965,53.0,0.2585716502042716,1,0.15514299012256297,1,0.36200031028598023,1,0.2585716502042716,1,0.4137146403268346,1,3.4131457826963856,1,0.0,0,0.05171433004085432,1,0.36200031028598023,1,0.15514299012256297,1,0.5688576304493975,1,0.4654289703676889,1,1.0860009308579408,1,0.15514299012256297,1,19337,3,3618,0.18710244608781093,12427,0.6426539794176966,3292,0.17024357449449243,0.0598851941873093,0.13445725810622122,0.08486321559704194,1,0,0,0,0,1,1,0,0,0,0,0,0
TECH,0.05120206717401743,0.42496331435229096,0.5238346090274197,0.070854126879139,0.4241517116829644,7.0,0.0,39.17,0.19062625872902572,0.2284837881396074,0.5808899459999896,0.2706639918437197,0.33234268599237793,124,0.7407407133058995,56.82,0.12758296061425456,0.37325990442482254,0.49915713843490395,0.25264479897275843,0.36114388653410967,63,0.2916666545138894,45.2,0.0,0,0.0,0,0.03930817610062893,1,0.0,0,0.31446540880503143,1,4.992138364779874,1,0.0,0,0.2751572327044025,1,0.07861635220125786,1,0.15723270440251572,1,0.9827044025157232,1,2.5157232704402515,1,1.4544025157232703,1,0.6289308176100629,1,25440,3,1934,0.07602201257861635,16413,0.6451650943396227,7093,0.278812893081761,0.01179245283018868,0.17126572327044026,0.10400943396226416,0,0,0,0,0,0,0,0,0,0,0,0,0
TER,0.11356325006474638,0.2342682268936187,0.6521685266246399,0.20880562174676975,0.31949869857645663,72.0,0.24999998437500096,53.75,0.18370329836383462,0.11838748220664759,0.6979092159867286,0.2552942191658744,0.2579233920050304,300,1.6333332788888906,63.73,0.14890204869831603,0.18145347657923896,0.6696444751881063,0.2541179020751156,0.30965514301566116,300,0.6999999860000004,58.42,0.0,0,0.11729746637472631,1,0.052132207277656134,1,0.026066103638828067,1,1.498800959232614,1,3.114899384839954,1,0.0,0,0.013033051819414034,1,0.4561568136794912,1,0.27369408820769475,1,0.7298509018871859,1,1.0752267751016578,1,1.120842456469607,1,0.07819831091648421,1,153456,3,76716,0.4999218016890835,76716,0.4999218016890835,24,0.00015639662183296842,0.018676363257220312,0.1248175372745282,0.11595506203732667,1,0,0,0,0,1,2,0,0,0,0,0,0
TMUS,0.18999042759577817,0.4688728184510882,0.34113675441879493,0.28127968348103427,0.42460765845408893,26.0,0.42857139795918586,41.17,0.13350983991154602,0.39708296996319575,0.4694071882360038,0.20277953988932007,0.4103891536154997,105,0.19148935762788602,43.86,0.10954592961934395,0.2756007256830344,0.6148533435189165,0.18618841928555754,0.366287982493287,64,0.1999999900000005,50.92,0.27121708667646066,1,0.27121708667646066,1,0.0904056955588202,1,0.0452028477794101,1,0.9266583794779071,1,3.118996496779297,1,0.06780427166911517,1,0.13560854333823033,1,0.4746299016838061,1,0.0452028477794101,1,0.8136512600293819,1,0.8362526839190869,1,2.4183523561984406,1,0.6102384450220364,1,44245,3,3881,0.0877161261159453,11448,0.2587411006893434,28916,0.6535427731947112,0.03778958074358685,0.1280144649112894,0.07060684823143858,1,0,0,0,0,0,0,1,2,0,0,0,0
TRMB,0.42419089837811697,0.09288414225030021,0.4829249669535038,0.3272117401959821,0.21254531469598262,39.0,5.666664777778407,73.81,0.3071199937139527,0.25224689979863874,0.44063310844476444,0.3262166999333327,0.3813422976884328,118,1.0967741581685755,59.35,0.1578665840018901,0.19542129085429252,0.6467121237468335,0.24647433127671733,0.33474030523988346,62,0.6666666111111158,57.82,0.6,1,0.0,0,0.12000000000000001,1,0.08,1,1.8,1,4.6,1,0.0,0,0.2,1,0.32,1,0.32,1,0.64,1,0.7200000000000001,1,1.08,1,0.16,1,25000,3,8954,0.35816,10194,0.40776,5852,0.23408,0.06604,0.19064,0.10488,1,0,0,0,0,0,0,0,0,0,0,0,0
TROW,0.2527055887815853,0.3724228340821962,0.3748715690647562,0.2703545291448192,0.3439159847718593,6.0,0.33333322222225925,49.64,0.26239624618153484,0.1961350450491799,0.5414686993030565,0.34136348388244536,0.32831289458644247,70,1.3076922071005996,61.44,0.2237024159536143,0.28135326532411237,0.4949443240331698,0.3244287109585835,0.373515289621632,79,0.6818181508264477,54.54,0.0,0,0.1127056878803817,1,0.0375685626267939,1,0.0,0,2.4043880081148097,1,1.4276053798181683,1,0.0375685626267939,1,0.0,0,0.1127056878803817,1,0.41325418889473287,1,0.751371252535878,1,0.9767826282966413,1,1.6530167555789315,1,0.2254113757607634,1,26618,3,7085,0.26617326621083476,6560,0.24644977083176797,12973,0.48737696295739724,0.014952287925463971,0.11405815613494627,0.13776391915245323,1,0,0,0,0,1,1,0,0,0,0,0,0
TSCO,0.2648063289312025,0.35868570596600574,0.3765079772720734,0.32443451808113927,0.4077192865749985,30.0,0.8181817438016598,50.95,0.19234497690355623,0.35589613553813915,0.4517588870865958,0.26704486822166407,0.3891790086730427,77,0.41379308917954866,48.6,0.1656292386353016,0.1953661241258184,0.6390046419265369,0.27585320949840997,0.31347376623075274,60,0.615384568047341,58.1,0.4987323885125306,1,0.2078051618802211,1,0.16624412950417689,1,0.12468309712813265,1,0.4987323885125306,1,3.1586384605793607,1,0.0,0,0.04156103237604422,1,0.4156103237604422,1,0.33248825900835377,1,0.6649765180167075,1,0.5818544532646192,1,0.6649765180167075,1,0.12468309712813265,1,24061,3,7236,0.300735630273056,9881,0.41066456090769293,6944,0.28859980881925107,0.05444495241261793,0.16462324924151117,0.10016208802626657,1,0,0,0,0,0,0,0,0,0,0,0,0
TSLA,0.24955470936146337,0.1429905284768776,0.6074547617117295,0.30223093635172793,0.28700919965453475,148.0,1.944444336419759,64.44,0.23078720808415762,0.3326801362728595,0.43653266223252946,0.30861490432370714,0.3904400323436145,106,0.6388888711419759,51.45,0.1691859397720897,0.23298180025984655,0.5978322681039572,0.24842103041724548,0.3250396401326114,53,0.599999940000006,55.78,0.1688333614722269,1,3.342900557150093,1,0.06753334458889076,1,0.1688333614722269,1,0.7091001181833531,1,3.106533851088975,1,0.03376667229444538,1,0.03376667229444538,1,0.2026000337666723,1,1.2156002026000339,1,0.6078001013000169,1,0.4052000675333446,1,0.8779334796555799,1,0.37143339523889923,1,29615,3,6920,0.23366537227756204,13369,0.4514266419044403,9326,0.3149079858179976,0.17504642917440486,0.13486408914401485,0.06621644436940739,1,0,0,0,0,0,0,0,0,0,0,0,0
TTWO,0.036084925197064875,0.6524998486042023,0.3114152204245329,0.03348240907680646,0.31718058757869544,5.0,0.0,23.85,0.22483533203530198,0.2815099067162149,0.4936547617141444,0.27078671700599444,0.3535820614293802,52,0.4999999687500019,54.57,0.14277593775365788,0.27774153377574223,0.5794825253363413,0.21879913172415136,0.33573206390762184,52,0.2857142653061239,51.94,0.0,0,0.0,0,0.12209515282243295,1,0.0,0,0.6918725326604533,1,3.2151723576574014,1,0.040698384274144316,1,0.20349192137072158,1,0.12209515282243295,1,0.08139676854828863,1,0.3662854584672988,1,0.4883806112897318,1,1.2209515282243295,1,0.16279353709657726,1,24571,3,4829,0.1965324976598429,13176,0.5362419111961255,6566,0.2672255911440316,0.007936184933458141,0.0959667901184323,0.09405396605754751,0,0,0,0,0,1,3,0,0,0,0,0,0
TXN,0.2961332791230895,0.1674881958487359,0.5363785062323917,0.3424630266587312,0.212500553668131,11.0,2.9999970000030003,64.48,0.3542400146227168,0.18948667757618037,0.45627331296386925,0.3411222318948177,0.2739394186489827,23,2.666665777778074,65.08,0.09165203048004991,0.20289683080322685,0.7054511329957417,0.17189256310777545,0.3094254600271803,21,0.24999993750001562,55.02,0.1040257983980027,1,0.0,0,0.4161031935920108,1,0.1040257983980027,1,0.6241547903880162,1,2.496619161552065,1,0.0,0,0.2080515967960054,1,0.1040257983980027,1,0.0,0,0.4161031935920108,1,0.8322063871840216,1,0.4161031935920108,1,0.0,0,9613,3,3274,0.34058046395506086,3766,0.39176115676687817,2573,0.26765837927806096,0.059814834078851555,0.12847186102153335,0.08758972225111827,1,0,0,0,0,1,1,0,0,0,0,0,0
UAL,0.4420560510390822,0.11260296484619817,0.4453409894095624,0.35964114721803514,0.23554438249259918,170.0,4.777777512345693,73.15,0.31576411335255117,0.20629359351709697,0.4779422984680565,0.3464286211726902,0.33927392492334846,281,1.5517241111771705,62.64,0.1611422827036711,0.1428115794645442,0.6960461418174447,0.2194225047790594,0.27560855443278465,186,0.7999999680000013,61.36,5.070244005492764,1,0.1659901311322036,1,0.3319802622644072,1,0.13581010728998474,1,1.659901311322036,1,5.522944363126046,1,0.0,0,0.0905400715266565,1,0.10563008344776592,1,0.12072009536887533,1,0.3923403099488449,1,0.362160286106626,1,0.8148606437399085,1,0.3018002384221884,1,66269,3,7877,0.11886402390257889,24050,0.3629147867026815,34342,0.5182211893947396,0.1274200606618479,0.18397742534216602,0.10946294647572771,1,1,6,0,0,1,5,0,0,0,0,0,0
ULTA,0.24152507579752377,0.2234573948662728,0.5350175377513681,0.28702514969881804,0.3311702782956502,14.0,0.9999996666667778,58.93,0.23257831419169,0.33971782205767476,0.4277038588894136,0.30680210419280607,0.3998535681636074,66,0.5599999776000009,51.06,0.11197323425475394,0.21684356087423634,0.671183203996131,0.19429493587757943,0.33962818522680366,33,0.285714244897965,54.82,0.22637750713089147,1,0.13582650427853488,1,0.27165300855706975,1,0.0905510028523566,1,0.7244080228188527,1,2.0373975641780233,1,0.0,0,0.3622040114094264,1,0.40747951283560463,1,0.1811020057047132,1,0.31692850998324806,1,0.40747951283560463,1,0.7244080228188527,1,0.31692850998324806,1,22087,3,7601,0.3441390863403812,7951,0.35998551183954364,6535,0.29587540182007516,0.028251912889935255,0.16217684610857067,0.07393489382894916,1,0,0,0,0,0,0,0,0,0,0,0,0
VRSK,0.2958419377183808,0.1506745897931978,0.5534834694948846,0.30806564522029256,0.29086898816623613,56.0,2.28571395918372,65.56,0.3363264549179408,0.16206801716622937,0.5016055277589223,0.32717598719692076,0.289701166713011,92,2.3076921301775286,66.24,0.22496935179937752,0.14766395082246633,0.6273666987375867,0.28239381324213997,0.275852129767563,62,1.4444442839506353,63.28,0.22811953463614934,1,0.26613945707550757,1,0.11405976731807467,1,0.03801992243935822,1,0.6083187590297315,1,4.524370770283628,1,0.0,0,0.15207968975743288,1,0.342179301954224,1,0.1900996121967911,1,0.6083187590297315,1,1.1025777507413885,1,1.5588168200136872,1,1.5968367424530454,1,26302,3,9385,0.3568169720933769,6252,0.23770055509086763,10665,0.40548247281575545,0.06972853775378299,0.11641700250931489,0.0871796821534484,1,0,0,0,0,1,1,0,0,0,0,0,0
VRSN,0.3639754746109247,0.4190880819223821,0.21693644672632217,0.3442025687545538,0.4109067157842219,2.0,0.9999990000010001,50.5,0.33289536591877955,0.1434768085083407,0.5236278281469519,0.3224543388414666,0.25228702062204145,72,2.55555527160497,67.33,0.10723282591156337,0.23712032100023783,0.6556468615308404,0.17455964812884928,0.33656864236320977,46,0.2727272479338866,53.34,0.0,0,0.052731491246572455,1,0.0,0,0.0,0,0.6855093862054419,1,5.642269563383253,1,0.0,0,0.580046403712297,1,0.15819447373971737,1,0.15819447373971737,1,0.42185192997257964,1,0.31638894747943475,1,1.3182872811643112,1,0.47458342121915204,1,18964,3,5581,0.29429445264712084,8500,0.44821767559586584,4883,0.25748787175701326,0.0088061590381776,0.1368909512761021,0.10730858468677494,0,0,0,0,0,1,3,0,0,0,0,0,0
VRTX,0.1661496376618743,0.2693143707389633,0.564536007742087,0.3074030181551959,0.3329759409404624,6.0,0.499999750000125,53.31,0.23740676216107282,0.20905993412385468,0.5535333011515515,0.28544090506636993,0.3213720674857122,293,1.0499999825000004,59.72,0.08167887212726001,0.2369608816333881,0.6813602467877007,0.1534148449207967,0.3209894598746399,107,0.15384614792899431,52.46,0.02052039727489124,1,0.02052039727489124,1,0.0,0,0.0,0,0.5745711236969547,1,4.740211770499877,1,0.0,0,0.18468357547402117,1,0.30780595912336867,1,0.02052039727489124,1,0.8208158909956497,1,0.9028974800952146,1,1.3133054255930394,1,0.4924895345973898,1,48732,3,17689,0.3629853073955512,22658,0.4649511614544858,8385,0.17206353114996306,0.0036936715094804235,0.24899450053353034,0.09141836985964048,0,0,0,0,0,1,2,0,0,0,0,0,0
VTRS,0.1946205279922911,0.3787517162937937,0.4266277667401092,0.2743444479315009,0.37732131527586854,28.0,0.599999940000006,47.19,0.24525614111508068,0.2705136300870091,0.4842302290471019,0.30579003345280936,0.3468732913174421,185,0.8999999820000004,56.0,0.11576230476965152,0.25755462871997487,0.6266830625633398,0.21774136391243631,0.31259042507481843,84,0.3333333174603182,52.31,0.2381210087671826,1,0.12988418660028142,1,0.2381210087671826,1,0.12988418660028142,1,0.3463578309340838,1,5.130425370711116,1,0.06494209330014071,1,0.021647364433380237,1,0.08658945773352095,1,0.12988418660028142,1,1.0390734928022514,1,1.190605043835913,1,1.9266154345708408,1,0.38965255980084423,1,46195,3,5972,0.12927806039614678,26344,0.570278168632969,13879,0.3004437709708843,0.035112025110942746,0.19263989609265073,0.10059530252191795,1,0,0,0,0,0,0,0,0,0,0,0,0
WBA,0.06333565008309153,0.4289963206069337,0.5076680096487204,0.07686694020378947,0.31040010288210884,9.0,0.0,39.33,0.21630626295246486,0.19183611484221752,0.5918576223510734,0.2894253700848415,0.3179815097866849,246,1.1395348572201196,60.1,0.09649010266342731,0.1766693269764291,0.7268405645807213,0.20057173284826013,0.31471619519874794,107,0.36842103324099823,56.89,0.05647962497529017,1,0.0,0,0.19767868741351557,1,0.0,0,2.8804608737397985,1,8.21778543390472,1,0.0,0,0.08471943746293525,1,0.6212758747281918,1,0.28239812487645083,1,0.6212758747281918,1,1.2707915619440286,1,1.5814294993081246,1,0.22591849990116067,1,35411,3,8362,0.23614131202168817,12151,0.3431419615373754,14898,0.42071672644093644,0.011917200869786225,0.29081358899776905,0.12038632063483098,1,0,0,0,0,1,1,0,0,0,0,0,0
WDC,0.2860646881939222,0.19753163657151163,0.516403658936421,0.3484938234543904,0.3286516113968671,12.0,1.9999990000005,62.17,0.22031739495948635,0.2661841496063227,0.5134984547145326,0.29064373619288286,0.37088257412378256,88,0.7599999696000012,55.41,0.11054632810151412,0.253559032196386,0.6358946420562764,0.17403092974100176,0.3586014383358449,36,0.24999996875000394,52.39,0.04417351356126867,1,0.0,0,0.08834702712253734,1,0.0,0,1.192684866154254,1,6.184291898577613,1,0.08834702712253734,1,0.08834702712253734,1,0.13252054068380598,1,0.4417351356126866,1,1.1043378390317167,1,0.7067762169802987,1,1.8552875695732838,1,0.30921459492888065,1,22638,3,5460,0.24118738404452691,11233,0.4962010778337309,5945,0.2626115381217422,0.02544394381129075,0.16048237476808905,0.08097005035780545,1,0,0,0,0,1,1,0,0,0,0,0,0
WYNN,0.316998548922129,0.3072716489841696,0.3757297950796783,0.3660338031366353,0.3467161181623872,16.0,0.9999998333333611,56.12,0.19341146437959236,0.24292836955811997,0.5636601676656441,0.2818913761727615,0.3403033541189933,88,0.8095237709750585,55.98,0.07780140331562828,0.36844129110777785,0.5537573161954973,0.1883129701247731,0.36601188835122367,51,0.14999999250000037,43.77,0.0,0,0.05969614661373608,1,0.02984807330686804,1,0.02984807330686804,1,0.776049905978569,1,2.7161746709249917,1,0.02984807330686804,1,0.3880249529892845,1,0.23878458645494433,1,0.08954421992060413,1,0.716353759364833,1,0.5372653195236248,1,1.1342267856609856,1,0.8357460525923052,1,33503,3,11055,0.3299704504074262,12541,0.3743246873414321,9907,0.2957048622511417,0.022356206906844162,0.10521445840670984,0.0730382353819061,1,0,0,0,0,1,6,0,0,0,0,0,0
XRAY,0.042415760871436864,0.5923279785654612,0.3652562608735429,0.04524293322916337,0.37822585910123824,9.0,0.0,27.98,0.18595926765241286,0.32509863574697234,0.4889421038774412,0.2964277201576006,0.37742987865960664,67,0.5238094988662143,50.38,0.1359865515044442,0.38506979022726967,0.4789436577508847,0.2543270270833168,0.3763585125046692,27,0.2727272479338866,44.73,0.1303497718878992,1,0.043449923962633065,1,0.17379969585053226,1,0.0,0,0.1303497718878992,1,3.389094069085379,1,0.0,0,0.0,0,0.1303497718878992,1,0.08689984792526613,1,0.7386487073647621,1,1.8248968064305886,1,0.695198783402129,1,0.3475993917010645,1,23015,3,3266,0.1419074516619596,11434,0.49680643058874646,8315,0.3612861177492939,0.022637410384531827,0.15568107755811428,0.06447968716054747,0,0,0,0,0,0,0,0,0,0,0,0,0
ZBRA,0.2542551283470609,0.024666184263134546,0.7210786921734159,0.2984698634378373,0.018982016622554738,11.0,3000000.0,72.3,0.26421085599510147,0.21767112996493435,0.5181180070657497,0.31383289239397816,0.35075797566741485,87,1.0999999450000026,60.1,0.24075546977110207,0.3855315777805767,0.3737129581027797,0.33221064762945046,0.39555778563198546,28,0.41666663194444736,48.37,0.047557901745375,1,0.0,0,0.0,0,0.142673705236125,1,1.8547581680696248,1,4.8509059780282495,1,0.0,0,0.0,0,0.047557901745375,1,0.1902316069815,1,0.5231369191991249,1,0.618252722689875,1,1.4742949541066248,1,0.047557901745375,1,21027,3,5949,0.28292195748323584,8742,0.4157511770580682,6336,0.30132686545869597,0.01935606601036762,0.15727398107195512,0.05859133495030199,1,0,0,0,0,1,3,0,0,0,0,0,0
ZION,0.08162423492305809,0.26136072176612085,0.6570150322384305,0.12134571260325576,0.32853103403459466,9.0,0.0,50.87,0.23647567088176547,0.21693773129587307,0.5465865974118443,0.28257201060778875,0.32451766458193987,76,0.9374999414062536,59.18,0.14318390071275644,0.17838855344840945,0.6784275439955915,0.2444714933790847,0.2820138033771983,96,0.7333332844444478,58.42,0.0,0,0.06412517233640065,1,0.09618775850460098,1,0.0,0,2.468819134951425,1,2.98182051364263,1,0.0,0,0.28856327551380295,1,0.16031293084100162,1,0.16031293084100162,1,0.6412517233640065,1,1.282503446728013,1,0.5130013786912052,1,0.3526884478502036,1,31189,3,4232,0.1356888646638238,5527,0.17720991375164322,21430,0.687101221584533,0.01186315688223412,0.11513674693000737,0.15540735515726697,1,0,0,0,0,1,1,0,0,0,0,0,0
