ticker,lsa_00,lsa_01,lsa_02,lsa_03,lsa_04,lsa_05,lsa_06,lsa_07,lsa_08,lsa_09,lsa_10,lsa_11,lsa_12,lsa_13,lsa_14,lsa_15,lsa_16,lsa_17,lsa_18,lsa_19,lsa_20,lsa_21,lsa_22,lsa_23,lsa_24,lsa_25,lsa_26,lsa_27,lsa_28,lsa_29,lsa_30,lsa_31,lsa_32,lsa_33,lsa_34,lsa_35,lsa_36,lsa_37,lsa_38,lsa_39,lsa_40,lsa_41,lsa_42,lsa_43,lsa_44,lsa_45,lsa_46,lsa_47,lsa_48,lsa_49
A,0.8804023555272044,0.032965161060473085,-0.11966087393768651,0.05776311382157148,-0.04212729784220284,-0.05461073824175826,-0.0859157423789457,0.061024960799334435,0.02330975646285123,-0.05414207613387022,-0.009023933514922113,0.07651594717691934,-0.015248508541628474,0.011638434077454636,-0.009179994323295106,-0.019940637541675372,0.007033063480869618,0.07170677539568462,0.012075087978451299,-0.036244266881939914,0.00359221618269401,-0.0169015863334492,-0.07697885233269251,-0.04160227223555314,-0.08251455824225463,-0.033337297720450805,0.06713756250891012,-0.047412427025113085,0.06022321284763746,0.03810610929850735,-0.07095217505941542,0.015698712827059792,0.006371444398778017,-0.021748424441632247,-0.006024504236693316,0.09631842474444112,0.0022150868034957623,-0.03150696645482487,-0.0010618344901005404,-0.027325116645308012,-0.05006617411612085,0.002496840564561708,-0.06202100080411358,0.03503087554740624,0.044781255564225575,-0.015240739728405147,-0.010959736505421942,0.017967516985505246,0.027388380796098254,0.017813584615410955
AADI,0.8301876024235862,0.5105933275972327,0.008504977109269337,0.010881032348671743,-0.00031469178409198164,0.006659209863849269,0.008712434493454964,0.011496920340702063,-0.005776924763536437,0.01675692802756111,-0.00029306518245159546,-0.01969446682276631,0.013248595384976952,-0.010019477927889134,-0.019990833847469594,0.019219643307981933,0.015144917978897237,-0.026831973271371913,0.030824567407829136,-0.00618406078331564,-0.02434603192041587,0.0058712382766518785,0.001256894387731536,0.0025917370989099035,0.030628726371396284,-0.002153173901860076,-0.019620350368400208,0.000691276184490418,-0.010375142137861587,0.010813773139157762,0.013738830481247027,0.01438478102715965,-0.024888985946908936,-0.008142673927142748,-0.00021229931840649761,0.01629078624110321,-0.005116983016191361,0.0018067751127447936,-0.012044495295982428,-0.02102026648403613,-0.01869580004912185,0.0078007125698723095,0.009829040818899175,-0.005443726590042305,0.007158670832099526,0.006089410310842433,0.006118524926109545,-0.006325433273743015,-0.013509590604268455,-0.003140645780196079
AAL,0.8574888820309853,-0.05079580048326612,0.08245157715984168,-0.01868173472599343,0.02278838588528447,0.019643285297626385,0.20753810682680357,0.026550334628702325,-0.04702966978759978,0.06660322133707101,-0.10159639832264278,-0.023874458427550368,-0.009827888727792285,0.08485730672141525,0.06209444039141329,-0.03219684100098786,0.12179531525556916,-0.0993689869734809,0.062225289780684104,0.08679544783089704,0.10541300594361304,-0.03712537822578578,-0.04263970054867132,-0.03480195892010905,-0.022946061618380708,-0.04971399831311752,0.028301291979466413,0.002508087041377884,0.023328899406953065,-0.028963607224278595,-0.05401271058643522,-0.033008096635920636,0.013274093496988592,-0.07650548386130923,0.015081562069260807,-0.021597577931279206,-0.023328078208297614,0.019596817016668377,0.03679082823242277,0.05294314722018044,-0.017514214855684322,-0.021644401933301468,-0.03232505435430737,0.04241398354586736,-0.05551045486756814,0.03193166512314613,0.0018821509296872332,-0.014976720472725476,0.049072696117979896,0.030838925372687034
AAME,0.7490043020625934,-0.0887553398733005,0.20788982210153287,0.05442070134209184,-0.0048436535389829415,-0.05045131662518333,-0.09998866059963157,-0.09718403657575242,0.09844080414228755,-0.19552923367059932,0.0018562544074601681,-0.06399758790879043,-0.16167662134136354,-0.06759501345484417,0.22875578507408034,0.17408038822624539,-0.09144423311492914,-0.0074335002781444285,-0.0599612193417298,-0.035462403997762994,0.0173250047700689,0.0035730361566680643,-0.04594905574436598,0.08071170963924236,0.07481906048899636,-0.03790167832965612,0.06600256954521815,0.045049141157107654,-0.009494752131225434,-0.04621787698719756,0.006122257547035078,0.0008717164346004214,0.06105602423528598,-0.015794595816066962,-0.02407482054136945,-0.04182643288016456,0.03079189338872522,0.06341251827326318,0.08395144327834447,-0.027438175856471982,-0.03534630843535125,0.06792913178833175,-0.0033560475771526443,-0.015262951083213638,0.03504574423453896,0.04728887313111501,0.048717157723581726,-0.04167848114472866,0.050633821595696626,-0.011633974834386595
AAOI,0.880903483395366,-0.05562618591162999,-0.12668185292835765,-0.0703832083509556,0.13117844979513177,-0.10709473327060877,0.009361500119996249,-0.04877889714427587,0.08428538453930762,0.05554679976665838,-0.01735315535747572,-0.008412122745936425,-0.05673056593228751,-0.04789878352015789,0.012357809263118986,-0.025504087162963714,-0.013250893087209137,0.025348003694911036,0.013276082594902825,0.016207478168912787,-0.04961692103545457,0.0751170023020348,-0.04099733657214038,0.008915631288687538,-0.0034664516855783794,-0.02479104160591221,0.010282081010178076,0.04894460789619089,0.012725079109352154,-0.036101194891670546,-0.027076468605552354,0.008557917243528446,0.011571633790738953,0.01978427311108041,-0.0019858774573304093,0.04638495876124852,0.019828047204330883,0.04150003024905067,0.056785414144972866,-0.03392262731810485,0.008939614591312222,0.03235158301315529,-0.011113492909740313,0.06999949188005451,-0.04450949341056503,-0.018535843351538215,-0.01456822054471432,-0.003588132343279669,-0.04012121815555981,-0.019884826486464908
AAON,0.8278286806022475,-0.11075135442491485,-0.10361909431995807,0.11916576619359652,0.09252995698456586,-0.029600871888186785,-0.007481598996087671,-0.1295139569279657,0.06105246203463276,-0.029542567370815,-0.0196379685211779,-0.08046780612994088,-0.02309788295966766,-0.03153928086560369,0.017517878169330824,0.009894235010787959,0.03922883739675842,0.020317985853375995,-0.11738975303799538,0.01062511637555417,-0.017252102716386084,-0.0981390044768013,-0.05571412346887854,-0.06822956182226406,-0.0222382749465779,0.01375999434314167,-0.04120235565521837,0.016816877487737584,-0.09315953844197816,-0.008876465438747505,-0.03322208036556638,0.013886711695942338,0.017900013115368534,0.04223094270430971,-0.01593280726474813,0.02025839329469146,0.04750380395746981,-0.003275559031142135,0.012744529485810473,-0.03914116477660772,0.08563732363839234,0.0023153033110182453,0.012120207831689005,-0.0322484812821027,0.09366410922170393,0.022192566162330906,0.04026854348505736,-0.017336735213023233,0.061057310161455394,-0.03232587779167963
AAP,0.83250631956631,-0.1460462502131387,-0.09558120971528805,0.04697352663109088,0.021511096143787604,0.20874172886411824,0.09537897810311019,-0.03692679671220419,0.06911011426285736,0.070216457409393,0.003331735939262557,-0.05225880772967289,-0.04600863301028809,-0.0948823293663969,-0.09111511320909811,0.01118459401969692,-0.022842341717485018,-0.11146797799203219,0.014390309971720087,0.03593748584599614,0.025599931900297454,0.040337102530762614,0.031297334083105956,0.024401766527360685,-0.022419252677919284,0.10850411422802576,-0.009664302369803084,-0.04493033474824003,-0.05153617303284147,-0.020314940166029246,0.00048318895715867985,0.023040891664427632,0.008736229237651126,-0.07811125655630814,0.021761340437191336,-0.012894856324246548,-0.00952914756311086,0.018984888173000005,0.0005698734370394971,0.016464249756050642,0.013568647965493084,-0.018390723370187972,-0.0378871251960633,-0.05868513397573521,-0.01256292377283263,0.035365173318585304,-0.011015965034210814,-0.023209039684688834,-0.0033504123206741926,0.0456509608496098
AAPL,0.8018900605594268,-0.12227592046543931,-0.21196943044897643,-0.0920626693840635,-0.10179332647333827,0.028053939852438887,-0.01673226816254618,-0.10648949857228832,0.05700194940901141,0.08691776159312474,0.05156683451164297,-0.027153753172997435,0.018285904889097464,0.045921483851204765,0.0995680467825517,-0.04745275046384429,-0.06804869869065121,0.003081831816856766,0.055712625446679924,0.06813093258224921,0.012722200711656261,0.021545726194695056,0.11891597702829969,0.05612938678812899,-0.021389791989923853,-0.08008891953701894,-0.012067594884187322,0.08940783315260917,0.02068703049326488,-0.02011951913814204,-0.02529713266234171,0.08350695458208397,0.029598418761102103,-0.03244867919205162,0.0408164796407049,0.12479076014523267,-0.030402721048046397,0.03368618040003981,0.028927260384686862,-0.06233001023139273,0.09066240991069531,0.018961896259656778,-0.04366922207577316,-0.049212141764655375,0.041056114073325684,-0.02577538855927291,-0.018627072738915347,-0.03622201523502904,0.000717256189651492,0.003044640855046659
AATC,0.8360104408628781,-0.047655175577490175,-0.12579293113009246,-0.09534869794382277,0.06187706015203825,-0.08628611183846842,0.0014996822644125715,-0.1377545516936683,0.017862623944376592,0.06716883739574869,0.04788207384852918,-0.043818705212528675,-0.0347039725228137,-0.03619174090922677,0.022899924626948287,0.010403137097177356,-0.04215009023341527,-0.018451768479121326,0.005787664842806881,-0.03058645227817454,0.07864704719082692,0.029811555663648615,-0.01009043961950913,-0.0037299274829136588,0.031887153218820706,0.08861356298809318,-0.07901585261856195,0.022746052693456725,-0.023834468356889116,0.06370155988656295,-0.018915841225161125,-0.017175911271855724,-0.0439461816587981,-0.10084916842354484,0.03495956170714765,0.03166528810327028,0.09370280206993947,-0.07896963732674528,-0.004127809423949925,0.00311694826219219,-0.05480817709308987,2.312656482470542e-05,0.030710944418302775,0.013552344310150533,-0.0366020965172508,0.06258879483008083,0.08020792005984397,-0.02658591777779678,0.026702034822159316,0.0028790605353901633
AAWW,0.8346851984063753,-0.11521248069342813,0.06747662290900032,0.08282104666754166,0.12235877909224534,0.003274160911146414,0.08893455884407596,-0.03833545758011415,-0.09951646896158066,-0.06013173513896042,-0.004652396855807381,-0.044708427822614916,-0.01081248288245789,0.04243383132945706,0.03846939104436019,-0.02705616536833995,0.1048193585180884,-0.05008534868559665,0.0725696990517578,0.10702035843827185,0.18563981633495955,0.022809767172322207,-0.01173038598826114,-0.0406906251441595,0.08867292093249132,-0.02506486447460017,-0.006181289333037654,0.03085249564032811,0.04850894525108607,-0.001894233818984212,-0.05446334734610444,-0.0010791517062324184,0.03246244580185696,0.025033010953493702,-0.07158519025730765,0.005028745228302845,0.03626997785677152,0.023958731597905902,-0.03835932522205621,-0.0015069697862619795,-0.01036665401831515,-0.06259212365809647,0.03546792703315348,0.014371606844870365,-0.02648303461615461,0.03608832176866107,-0.047744780218145384,-0.0005537450875552291,-0.008448790629240113,0.022939505657603387
ABBV,0.840834803683896,0.330720345860708,-0.054652031628477656,0.12175786917266561,-0.09798336668422791,0.00992803525589262,-0.10563672995735773,-0.03606653844235049,-0.047154888515799756,0.002866310886326278,0.017174836747721568,0.036673817861535,0.004189761351889236,0.010933776511406321,0.049729316763859284,-0.04429329079173312,-0.02314972495245507,-0.01953709953433586,-0.04147219956283826,-0.012353672714945682,0.04223331145885764,-0.026970912576476175,0.01752106050010716,0.01626927931184667,-0.02933532124990227,0.020187922216579196,-0.022613840308655833,0.010899877499366023,0.040625049925659865,-4.786190708586731e-05,0.0025049664434811138,-0.02135412771569217,0.04248069541622864,0.00022906368659286877,-0.018804701184773807,-0.05003742555370445,-0.03621956798162118,-0.007133447211715091,0.057328408103839254,-0.009931874165318141,-0.0051711747758852985,-0.015104744879333748,0.03513050056652535,0.020146687018454693,-0.013855865976949853,0.04054277611432702,-0.0023322893688060764,0.013675669101570176,-0.007355222571436758,-0.052960300593929845
ABC,0.8351760651943206,0.021867465134902123,-0.033876228784438675,0.08226043506266308,-0.018143093403251917,0.08003915268458213,-0.1385268344210473,-0.09273763661862922,-0.08627962842282613,-0.05088231307467605,-0.17719320471588204,0.1231436273765412,0.043741514219684224,0.07397321309044919,0.04552528483883245,-0.03844228232332619,-0.05328866609712393,-0.05397921219379936,0.054056529790289416,-0.02268915048592976,0.006731124008925522,0.019913484778037574,-0.0028201400477007935,-0.020595018230017713,-0.05600115221018438,0.03886015993025944,0.008509638652141159,-0.09581664384327239,-0.07395237715715988,0.047873440073163964,0.023534921131142743,-0.0469656732668426,0.040012750479162945,-0.01509461888279354,-0.014666418297041732,-0.012227087644790599,0.1599931806899644,-0.005854844869197528,0.010297002264742536,-0.06787657650917253,0.015126940712224667,-0.016999864619434053,-0.06553132823869351,0.020554476960451793,-0.03129026888567141,-0.00947501275611361,-0.008822824083402648,0.0009727291807257832,0.033040147608842295,-0.009872562031535217
ABCB,0.835703988014726,-0.11636535254659301,0.3182906376459551,0.0091588749591115,-0.030134261359072607,-0.02381403254909356,-0.09548677355568702,-0.12870813613934054,0.12626002846957257,0.04793983085440945,-0.019579653734403034,-0.05530273425394111,0.016422513797659202,-0.025834912247219902,0.0012595310388796867,-0.12624810836157835,0.03168212406201321,0.08293376762930016,-0.007493719997464412,-0.05202636121323413,0.0066705029027165985,-0.02700385888215863,0.0240270376619925,0.003322889258030745,0.027552963192009523,0.006085621444305059,-0.015383766228110628,0.027253109571184292,0.049719298940294976,0.017909564409856263,0.0020674285541204002,0.032486999118033766,-0.02527089080649395,-0.03301499099037534,-0.023321852730826254,-0.02597068934659978,0.0386723995140191,0.0065775785952503565,-0.033921721940385376,-0.00727362942107448,-0.02459783245241881,-0.017021620382632403,-0.00014826655931394475,-0.006271891618573748,0.007121408566254502,0.026303481105814413,0.008354392263570952,-0.05643175564856277,-0.016712818805845252,0.07166322556094987
ABCL,0.8692444889281823,0.3101019284583354,-0.018805731848590697,-0.06667095273159608,0.051610009679532914,-0.04251235435715428,0.02314286188368255,0.04921551786360368,-0.023172657466465015,0.00035033032757864134,0.06783655749226092,0.002679556655262008,0.03223148991586538,-0.006956657947767666,-0.02223118659831435,0.03543803882527666,0.027538210497453645,0.029698571304263538,-0.04803633847968026,-0.03187349963498145,0.014662335991041905,0.011063953511559825,-0.007984092188528125,-0.03336987512375401,-0.057748927113541945,-0.0021123800309175407,0.08050039882566894,-0.019889492254626124,0.010032868007544889,0.04256815409730372,-0.08987133082507891,0.0600590044027222,-0.009022953282245793,-0.01737491907063072,0.028536634638232635,-0.04081375526920881,0.059561951970590214,-0.00785695813111638,-0.0432788885984548,-0.028867946390352915,-0.0019026211751466116,-0.016417711003828682,-0.01334840919697957,-0.010014016006838414,-0.008841680425785132,-0.007568535840659772,0.03916677664740181,-0.03861987247800128,-0.0017353418136238953,0.030908666651374272
ABEO,0.795178815242279,0.5295361195719489,0.00980023739060927,0.021019667169648135,-2.9156082452319552e-05,0.0011834653916366355,0.0117092419459211,-0.01035111670522508,0.03304118113431699,0.0009269771321855278,0.05170127010926053,0.00271601844612701,0.0303031511736486,-0.007887753039059428,-0.022561366989943273,0.004252262534670389,0.027241226801922546,-0.0049387645071302215,0.011581681635376286,-0.038893188593374046,-0.008846189490034542,0.015781979334709158,0.010862895678723368,-0.006450727612895687,0.02046483136318305,-0.010114222853407163,0.027637910471553184,0.00352088567819216,-0.007695380904532248,0.022506486190032943,-0.045220883270029585,0.013117146275184163,-0.03323122057871132,0.018961390425268062,0.003794862078136874,0.014973075064214445,-0.007049969117095439,0.007576644203674449,-0.03804931331901592,0.010118779882384191,-0.0006317382515654132,-0.010892798250090926,0.012650848382121967,-0.017900482311216718,-0.002910696315205229,0.01843808107132051,0.0004788725644969641,0.02186498423521398,0.001411650589101821,0.01374540441110096
ABIO,0.7820366892117007,0.5298510861444368,0.009733197728876243,0.019957671931121145,-0.004265774707448255,0.021285063361371342,0.02580290168406207,-0.024975906693100666,0.03131979031814765,-0.027074248490497718,0.032190705879760986,-0.035100343022304366,0.0021531783391100477,0.0076560959566098555,0.01679462828195681,0.008398493778024294,-0.0035052282928642675,-0.004065897943597645,0.04118858801483954,-0.00760066244567792,-0.008260721266506415,-0.02727245230026762,-0.014654405173032863,-0.01166904665576658,0.013990883439811409,0.028607731368335807,-0.03393600414421153,0.005891778791244838,0.016849137837488343,-0.0060119018657591354,0.06261986945333431,-0.03598815822338846,-0.04080569384118744,0.002824755057625518,-0.017740006075122543,0.031930839520131246,-0.032887943455397514,-0.003898998765562516,-0.0018354169217543632,0.017900231960076,-0.0020828377102207027,-0.012896392578774944,-0.011975533514181999,-0.010976670844375903,-0.015524379565360045,0.010196102393294403,-0.007705359609861413,0.031095835334417458,0.005901891616095868,0.019674987048618423
ABMD,0.8719975202882401,0.2762635432899799,-0.08197862704007801,-0.01556471216520487,-0.040474586784610904,0.0026134068457973865,0.001439171232114819,-0.05959751915769003,-0.004934358739878799,-0.01227802338188273,-0.07222521804865166,0.05544876588442234,-0.00031331624519124226,-0.0046676105667889265,0.04081490947952052,-0.01916230884450832,-0.008831271953921438,0.03810526315317338,0.0059785800482621745,0.05533364130901659,-0.030136858831734826,0.07196131973564093,-0.044796308423165274,-0.009542019171780441,-0.005972907915541963,0.020291343784931366,-0.07719964132512219,-0.011656351719943954,0.022000701737772105,-0.017322020960418114,-0.0010536169941184536,-0.023786069342309847,-0.04750322574725786,0.0002894249186306285,-0.006113119514728321,0.0326540841925174,-0.0029340068896807707,-0.0023420841420198715,-0.042345293822885315,0.00030315994842295617,-0.013450662519640616,-0.004868917792918114,0.0184087915225771,-0.013331714404961252,-0.005219282903857757,-0.006603545200817463,-0.012168750024146998,0.02993980111346683,-0.022582252729881375,0.047211642363558626
ABNB,0.8972537647907739,-0.0465836713123236,0.08692452321951433,-0.1704710846064479,0.05611370248351669,0.027338455227607517,0.0278837202459031,0.04778438455351689,-0.12837071711696887,0.06637879052182327,-0.018354064335240835,-0.04357032960829142,-0.01111928121222035,-0.007501954133750145,0.015481130675618588,-0.013169646870470062,0.0479440357231819,0.00791282156215568,0.028125744676496724,0.007744663502235209,-0.023729140046437197,0.06357801999491941,-0.03214517090144299,0.07157351890067801,-0.004672680429834442,-0.01463544839780935,0.002015985629828302,-0.009761274024228276,0.0837864588028242,0.0018411412369941284,0.029558168339318278,0.009632471951436863,-0.02304281613612246,0.04406698325482612,-0.0026777417947785823,-0.02983564622818262,-0.037249311914671145,-0.0788130298044185,-0.025057002583520477,0.0015672833504150434,0.054530926789932085,0.035627813026069655,0.005953010299700778,0.024184395317039076,-0.010328510725934922,0.03848299350744684,0.00838552239608706,-0.02732953404829356,0.052078935698005965,-0.016104582643788078
ABOS,0.8171271906132918,0.511686812795176,0.0358709702427107,-0.009839497733525503,0.008278347103299987,0.010464227238070712,0.02305810742566712,0.01991948012523713,0.01706058002746888,-0.009775035534264441,0.022369403863049045,-0.018153523990231204,0.00846857714174871,-0.037833740985804054,-0.00886063103258215,0.027537383202247877,0.02315160749782643,0.00033341648446261093,0.0005353696410415043,0.0015284356744058505,-0.032902968339954174,0.010167692753564262,-0.004523020053952567,0.02094598615002312,0.0271152273310416,-0.02663182237365415,0.051017132541158694,0.0033042581229960695,0.0025216287267930846,0.0254263780437314,-0.004635685998650868,0.00024303072362767187,0.017017949008196406,0.0005813404209643945,0.011673863950646811,0.008108418053457076,0.013558992440276004,0.02904990251053028,0.02269567304184589,0.007895681374982432,0.0028404940994236705,0.009783497363437872,-0.014042926401244762,0.013645473552694722,-1.7905152308214894e-05,0.014954902529622009,-0.005717033985085711,0.011230171035896765,0.0018010163709047422,-0.001445318465353537
ABSI,0.8463531899056952,0.3820939102344914,-0.016265753190981315,-0.06855389530279374,0.05680054487842874,-0.03121982220152822,0.06317823422756944,0.005360415245859259,-0.012650213176403306,-0.0039671871144907715,0.048446653152241705,-0.007499573671179522,0.024805649296192892,-0.026539489313019006,-0.05566864224374681,0.045347262354942776,0.0027691157839159057,0.01994299047640214,-0.05917812811062326,-0.034371867553192874,0.04274127501396741,-0.02383903511173202,0.0018248281637833126,-0.02167482389373723,-0.028708744596201673,-0.046000167955553846,0.10254103792138118,-0.028181410073654357,0.028167589770764907,0.02472659743129923,-0.03742079253817697,0.050679052060505846,0.0025079626974929613,-0.024031212126787806,0.029966777710032647,-0.04461294510715674,0.021483905403026124,-0.008845143002895538,0.006743659453089757,-0.04875838190438222,0.009738646531093348,-0.004858367897988009,-0.0036288745360852654,-0.0004515355155378989,0.0039959026692939145,-0.007602762747568718,0.02943420915286263,0.008519234228395471,0.004890730102914541,0.0075800237120331624
ABT,0.8076408111049521,0.11412328404342799,-0.13352183817727187,0.1405323393746211,-0.11599606495791694,0.006810882331743104,-0.1779429402587778,-0.11044149029231683,-0.05208824596228703,0.01824005149302185,-0.02644894791767785,0.04466841842724958,-0.013240854991870566,0.03463774617932414,0.09836418650923957,-0.10560484071682161,-0.0552584330200457,0.060162840630057106,-0.0493962291932182,-0.014591596840528026,0.07479963822974271,0.012299725614066165,0.01478442979682383,-0.025345421029609273,-0.126201747415499,0.024789013277636208,0.03423480072925174,-0.005612415787900368,0.07444845627156443,-0.048372427881487295,-0.04821785700392356,0.012414426092783367,0.033766829808306136,0.00395933185887949,-0.02186638733658624,-0.030013638895048253,-0.06804262104473871,0.001649821310528349,0.03384171215722078,0.03441482712509277,-0.03129372228724102,-0.026282395325149054,0.019524366217443394,0.0071507872904220575,0.01300314027703319,0.05945706104869265,-0.011704498353776857,0.08363803096573169,-0.011004994764106045,-0.009956314901636516
ABTX,0.8650873162246032,-0.10188343652073274,0.3150953231156956,-0.03132863698018324,-0.02864605457889715,-0.01872024589719228,-0.021500079001817236,-0.0837370448782753,0.08918177240411969,0.04301410138634402,-0.06624715234811901,-0.019854474251194746,0.02759721553988867,-0.0528801004023886,-0.04606080004604716,-0.10383249182548222,0.05602864449449048,0.065383856001815,-5.704775557983867e-06,-0.020976792162322386,-0.00536167210468893,-0.03856251908820982,0.00100358775457683,0.047569171935936544,0.04609897322599787,0.02772432073716078,-0.028923245461454892,-0.02466835717673836,0.03574992736527766,0.04601756049711463,-0.016830009667484692,0.0347040325821935,-0.011723732914766123,-0.019306038060699353,-0.013125208346148255,-0.023075859268478563,0.031192774092285297,0.003781444378670718,-0.019985291377751586,0.007293566190561715,-0.04316337484841502,0.014450202328886207,-0.009628600851001756,-0.00851263679403244,0.012087122896572346,0.018148667542397922,-0.002931882854815598,-0.019765766033409654,-0.0194038173743391,-0.00880356119255602
ABUS,0.7936677671480624,0.50853584734146,0.015406142641570433,0.03404625197453526,-0.049150678160590835,0.03377579859303011,0.03442738307398393,0.0032899409162675656,-0.0036477707708047397,-0.015583880343143064,0.035512406874887846,-0.005511198574859599,0.008731917055613395,-0.004959677499636448,0.019091762278938454,-0.0011713399306761574,0.001967788731719462,-0.02246342596902022,0.0010058138772081413,-0.007773050308544952,-0.01255176530523313,-0.010693056464795368,0.019697519794654922,-0.012658297135568198,0.0018788471451768804,0.024657929580031747,-0.009943538272519621,0.010166152859305659,0.010233138735650543,-0.023290111290942096,0.03667952999013231,-0.00894381541783553,-0.016552108855683298,0.011137835380454632,-0.0019718987260019813,0.024496756895806524,0.023275791526604958,-0.00781604695287278,-0.024024927906265207,0.006098548049684247,0.005353121926415163,0.019452176258171486,-0.011835427289460026,7.474599532408073e-05,0.038902508618276765,0.00035919979999960285,-0.0031320222083624023,-0.0353747088383207,-0.007240151194679249,0.02070101320243985
ABVC,0.8202983996491175,0.4038337707565845,0.05430278738797814,0.05523897004243278,0.05875754061509251,-0.055828500937049406,-0.07346545897370037,-0.007765826449894883,0.02247088327106291,0.03555099428215995,0.029993741370223422,-0.044791289449980023,0.045594569361852945,0.08047044808197094,-0.005612375990749846,0.07144185561066813,-0.020063742185594962,0.055411643144553616,0.0141758849670721,0.028064975416495677,0.03399426781510674,-0.04123990477596573,0.04055169440893293,-0.044412095287778876,-0.0043822002881305,0.05745583376909619,-0.02942061987518646,0.009710424743596957,-0.013216916060929559,-0.041335056993022035,0.04577946750478951,0.043000795239504216,-0.0014692399735119822,0.0070174137814438264,-0.043567621818254354,0.019678586561010573,-0.006708571163363408,0.014230333889734588,0.014684335914177856,0.028307283868926295,-0.025226145641439133,0.021675754161518228,-0.03427863412008968,0.00932554796560264,0.007694959840574014,-0.018144171102966643,0.002131294053467295,-0.013013422283604451,0.020702398404002422,0.023177346738151392
ACAD,0.8209496116080706,0.48296463957338936,-0.013561569709729222,0.023574086540978288,-0.02308724957897981,0.039673823265983975,0.011895817362965475,-0.021333074013752725,0.0009803890792673417,-0.013093875384232593,0.004303822299257361,-0.006712823349152529,0.008938988268878519,-0.02647743077673563,0.020703682724204052,-0.02876852353624527,-0.010577832326354546,-0.016988640352876425,0.05558726226537435,-0.010094437133751254,-0.015384277295696728,0.009700416693415977,-0.007926237197759003,-0.01454633086066143,0.00936794332886663,0.015460296039153082,-0.0554835241043454,-0.011217783868458118,0.02214290356064854,-0.0126274295917927,0.032151418362169476,-0.017071625663157574,-0.014880512713389167,-0.02347018204020198,-0.014099445373804257,0.020125433692564004,0.013571750443608697,0.00716819439555507,-0.023408626666281105,-0.020944830636951205,0.0009839473286884937,0.009891433306805742,0.014127139218324751,0.01131641198214473,0.000754992790870653,0.01618303909001397,0.0011517353427970122,-0.0020392340147264948,-0.01513852261768018,-0.0068711661544971405
ACCD,0.8955228723626052,0.07143712047905489,0.01950465717691161,-0.19105896650874343,0.08218806140204403,0.06714719411066493,-0.0008290630154747605,0.014007040356091948,-0.05053348177254901,-0.09474953386646896,-0.12635997771879967,0.030838675863655227,0.01713141705299892,-0.01833131509665005,-0.02089313026028793,0.016455920258576482,-0.02439048821889904,0.020356358992883298,-0.06591119472286193,0.025672555036494744,0.03864075927373253,0.018238816590301517,-0.047128822393299546,-0.012034877782418504,0.029192181754763787,-0.002352645208994892,-0.00034184985733980134,-0.01055104232902201,0.0421244442473882,0.009155768917227747,0.013531098430891191,-0.008001096143303767,0.006950951507321974,-0.019139172526800266,-0.0005416337642686151,-0.029221636845318526,-0.03340213471953757,-0.0512813041813899,-0.03600557982930417,-0.02713531727832119,0.01621300655240974,0.00454295509926017,-0.005044761984989069,0.002751439031060633,-0.011609178867269247,0.0034448503109233523,0.03789996450096329,0.01458095842061364,-0.03522119195739565,0.01361499898704137
ACER,0.8040301744343858,0.5173727941614614,0.037902572879204524,0.029080944928673347,0.025821533135025734,0.009305564144719962,0.000320191777473895,-0.022250948231673354,0.007164924721929268,-0.00010203231344796467,0.0058497369287177515,-0.026161432996183245,0.02986886077348287,0.00019488524116014492,-0.006679231922649456,0.013415763530829048,0.005847677776562618,-0.009976312590317598,0.04078586615206612,0.0022477490527264155,0.0033783679902100227,-0.03451658746234648,0.006056156958967465,0.007294718430262274,0.02740577224547114,0.017500853367636727,-0.03205848904951669,-0.008510790336425163,-0.004629746076255732,-0.014847468776915758,0.053083153706496515,-0.0005493536063103238,-0.02382115337988133,0.018517001461918075,-0.019945139389821037,0.043964203686355556,-0.004967413463901528,-0.012057862879398173,0.021081157287851766,-0.003970762465559406,0.023576467616643507,0.01302695131083092,0.003779674714945693,-0.011202868446592709,0.02154064089458344,0.011345068527395814,-0.008794568596853293,0.011241777659076382,-0.025559396333811105,0.003965772239326294
ACET,0.8243195659522651,0.5104205477087586,0.031902715130775,0.005913323255139391,0.011644084360740253,0.002706142552573438,0.022332672769447646,0.011666905858510218,0.023354275813202544,0.01328661188222686,0.015126709487380718,-0.018888675273310618,0.013124914342833707,-0.010532467697001564,-0.037489817873820136,0.02501495812453298,0.037173672623182656,-0.009576410039021184,0.0038766452986289165,-0.01894962840597813,0.0038442566667994016,0.007351022166111149,0.010789662815923256,0.014457706476848974,2.4656058082109396e-05,-0.042978166127216236,0.02422713532847812,-0.0038305634297683046,0.001294527537903643,0.04780909576738805,-0.035755588847275685,0.023223142434915738,-0.01335409093508125,0.007298146399326463,0.03456171311625386,-0.02951791498588931,-0.003015861930798007,0.004873831859193197,-0.009094812348287159,-0.016648083471576078,0.008871632456007528,-0.004010462709800653,-0.02756867702728752,-0.010796414400850194,-0.022677555473939532,-0.011341898270074306,0.006947321013789327,0.002002437217131225,0.003841487961676879,-0.006693421356720235
ACGL,0.8714919548834308,-0.10317607913209578,0.30351925113034334,-0.009711892891025206,-0.09772797497998632,-0.06582944216639185,-0.051287740098348224,-0.0021281039870263956,-0.0004460281447068385,0.03164605261462131,-0.019672527932710362,0.02089095609816874,-0.03620487751550351,-0.041586174907078055,0.07844544362181656,0.1047949065803064,0.01191288173948166,-0.03909492036005946,0.021373297584007425,-0.0030074496816808374,-0.00041431267906930243,0.008805132439515199,-0.031043510045500943,0.03673455709860642,0.0032719831816907753,0.014825161926622126,-0.04580118944075702,0.011657023823632897,0.0026783281526203285,0.01428847068856796,-0.023632242094082122,-0.009579813501556168,0.0016379706002398432,-0.017235324424146402,0.026230295666479154,-0.004367668284627955,0.04288205802972457,-0.008709225049514265,0.006681164577171663,0.0447661394770839,0.02478030406665455,0.033317270650999806,-0.01842095135827761,-0.0009227205230458173,-0.010257496430927947,0.0019108325971458476,0.006232840720250327,-0.008465548466901207,0.014537752302140853,0.016718055969606037
ACHC,0.863080472382719,0.05736570887896679,0.13039422601015388,0.02378468959269216,0.09082545795473125,0.0909699966819719,0.03350999518263855,-0.03754075855979067,-0.12227363642452667,-0.09778285038979123,-0.17940740538719052,0.08554374988937623,-0.10987627276278106,-0.039817508164733756,0.010140766561167585,-0.02660682981772606,-0.01714364140123224,0.02394715796631393,-0.030107994275512244,-0.040416319924290206,-0.06273266310602416,0.0345009192167773,0.021514501574618046,-0.05445281852241565,0.018605500314170777,-0.03532916363584607,0.015971773575673226,0.00912499880673199,-0.008984234576535743,0.018295414057521463,0.051102905902858965,0.010581948955628624,0.015247788013469286,-0.04154565106168847,-0.024750146844919312,0.016430013722814073,-0.023600896867039225,0.04611324911714094,0.020345164341372395,0.0061424202515195925,0.043302795326275186,0.014669499286194229,-0.031133100184678235,0.04362936349950689,-0.022339174455146375,-0.03164987345299161,-0.015624688834356158,-0.027291515575927475,-0.013497059654900865,0.014476192847690285
ACHV,0.7768814043476505,0.2637336570370012,0.1489245528401762,0.09766149572593455,0.16812782903041895,-0.057813327926166294,-0.21706451453162584,0.049128906142100436,0.02361209826904283,-0.009900899861626154,0.028258322943809575,-0.08970053967578821,0.06190696742056049,0.0995153615073597,0.0619826647869292,0.02419071886334684,0.05113160839318048,0.0033483452689974528,-0.06690471062310713,0.1473164250800311,-0.02006824486539731,-0.024111628233920206,-0.014673553861814372,-0.0022695032177864186,-0.02696252235392494,0.01738704860159612,-0.052933452348383404,-0.01112320177131949,-0.030603579599527586,-0.06562686292793612,0.05363845146475377,0.008992449725386393,0.026055541197323322,0.00438317368690061,-0.09268770113545957,0.028570269608481857,-0.004552921993851101,-0.015765434652809326,0.02645855863525838,0.026398786398198874,0.007037735369416378,0.036489762822089856,-0.022127519097959535,-0.01802524958495331,-0.0011478733407272181,-0.01159744398231983,0.028823541750208556,0.023406058166368728,0.03173577502709382,0.0246110112142658
ACIW,0.8744214045306847,-0.09048459576984991,-0.01403829528272034,-0.16592382806590963,0.018516622014831494,-0.04894217912940708,-0.06308704336971856,0.0370861436260462,-0.004607071900675646,-0.10247735306629122,0.01019103475608088,-0.03783618191096633,-0.022903089408148065,0.0417997384257669,-0.02589359575821549,-0.053346212532771387,-0.043834218622854595,-0.013166516443346597,0.019997094930067873,-0.09295575564254158,0.027230604559248587,-0.055641970076538434,-0.027547443308476527,0.014581717663046093,-0.008910102669690069,-0.02928158597141242,-0.04143757625322947,-0.026807231692812655,-0.04022431193285039,-0.027223782357607536,-0.037118525427153264,0.04943847126620583,-0.018437494295331973,-0.00518804872136014,-0.0422568824661743,0.02879849552228155,0.03792729297361791,0.019156459681791135,-0.061371586342191954,0.04482782595458968,0.0018564099656618275,-0.02999256709447567,0.04677745821513183,-0.014398583725022347,0.024606991975497077,-0.0020429057338211425,-0.03330852280604099,0.03540246355267708,0.008219703042287273,-0.007486598908414259
ACLS,0.8171953557146941,-0.08793057537427372,-0.19109840294023278,0.01533810974928065,0.08267003452512835,-0.14395518379374608,-0.014622712570303533,-0.04866570303911036,0.18901341982709113,-0.06399552772395278,0.04755223549314687,-0.03932160492991345,-0.12390819050196712,0.011149368752421852,0.023016923222828722,-0.03010201836696901,0.0028516160744524667,0.037839226047267006,0.06255929282853932,-0.0177945816478726,0.00868608858237965,0.02211392216705652,-0.07193879809437433,-0.07048537152035346,-0.0025960575463314694,-0.01918350730986985,0.017302189722380516,0.0685426087679116,-0.03586470610499392,-0.041082757413427255,-0.04242622480607872,-0.023163754430673148,-0.03819937895147124,0.00015256193773006382,0.0036145388130199275,-0.021521120333483315,-0.01797993872546495,0.02145679143992147,-0.0509182905594712,0.04850318983798054,0.027828916204011834,0.017834299247720793,-0.021954749364143378,-0.020482772904886936,-0.06458271147561141,-0.0024283145534281245,-0.0008669565104186466,-0.0029604669180879574,-0.03341922654690488,-0.11413950441516925
ACMR,0.8817695399373896,0.00707170111012221,-0.039197366875078715,-0.07352176347616984,0.12649330001056197,-0.12071060455611078,0.01849474690830392,0.002901810088239249,0.006651521952627835,0.06567520376064385,-0.03091735502021177,-0.03819970955720261,-0.05487755786709221,-0.0503883612547654,-0.05104516637890764,0.004542492123357701,0.01488495759775264,0.07727580828106946,0.027259656107131693,0.07418325210511795,-0.03781892415949367,0.08994369305602454,-0.046117864366542936,-0.021490637048653005,0.009436961067638276,0.0012584476942028421,0.032305441911302954,0.10064010990951633,0.01950947002652021,-0.040950042927712774,0.0009987937649077842,0.014457115478782312,0.01219438759540856,0.08767391786006021,0.02143973169166,-0.005329388360948392,0.06644024275970041,0.004379080748530427,0.008377112174403427,0.06087785002484099,0.0372763557253378,-0.006742077859698134,-0.012645557113749933,0.08525070244324529,0.05942603871926351,0.04822586644738495,0.05300907916395349,-0.018062302441304547,0.0015616071876122847,-0.04399556280091581
ACN,0.853313844416582,-0.11475670933793884,-0.07518996158039053,-0.1422721497617394,-0.11875259832183194,0.017194962913490926,0.021273231712917607,0.042450835817457296,-0.030117751050360894,-0.0882124357358854,0.05167076966321822,0.03632636984590787,0.042453106647635845,0.03351340829927954,-0.05123841716336416,0.09891388386586653,0.006108407441452033,0.07009115499561418,0.08638831027490788,0.028165438849632525,-0.021564189818303027,0.03812899080235283,0.008765348814909557,-0.10618701317068145,-0.01596874243341819,-0.0532475302754101,-0.009985259784538802,0.013621642161767023,0.012197787143785867,-0.0026692266253461766,0.04617706065896878,0.002049593793485361,0.019151122068780148,-0.020114836509842884,-0.020883831596477758,-0.0757116127978992,0.03159622187520336,-0.005950580524398166,0.06384794067184854,0.027891977448420622,-0.0019634346191940545,0.01469260379452869,0.0504838345846652,-0.014377294799337206,0.05083961634128474,-0.00814263552647579,-0.03958394010019409,-0.015328022318199278,-0.07107207716808694,0.00154190079491542
ACOR,0.8341095430899237,0.4396309290699019,0.014645249605506746,0.04161435116846198,0.02755876030446758,0.00203400556038354,-0.05083404287480295,-0.01825395161258901,0.002005065029143247,0.027448085619900156,-0.030002835787352983,-0.01120931036029932,0.01263797774185676,0.013205708639976629,0.03985230757174695,-0.01740157004119459,-0.019638200049942624,-0.05869235004770257,0.006248434918875001,-0.011953379093493416,0.0043540781827090405,0.004211132541586421,-0.01944275431502108,0.015289655718095863,0.0030674524591396742,0.018521419178055262,-0.04267776386627189,0.005713105672644662,-0.01222092085418111,-0.05339585103811089,-0.005340061725538421,-0.002478589021056174,-0.006007033996757627,-0.0365097970033171,-0.014444612072222628,0.021091098331689578,0.01021775135706931,0.005781358466657133,-0.010955333082876276,-0.03092259701774887,0.01216331836632292,0.006869941829270676,0.050395462764509374,0.021293820567126236,0.009380094005992618,0.0060161178735716,-0.01887899563276354,-0.017168586368283403,0.0028799359018640853,0.013156573696881202
ACRS,0.8083821818845245,0.4786165883471256,0.033868965785840664,0.00978292690746672,0.03015546975505853,0.01842874307393073,0.0008959787568647652,-0.02728033543341645,0.0009609859037189721,-0.021418737070244127,-0.0082563559061428,-0.01978181674584379,-0.011728412237752839,-0.00772088778484611,-0.015330206063875418,0.015204962490079015,-0.013981488849930866,0.009251990367031695,0.021557111683093197,0.011953577461776436,-0.02818575029280672,0.006989678423979482,0.003468780033773515,-0.0033538864945102174,0.015586373630811284,0.01126438010193183,0.016074637630170956,-0.018025738798256953,0.00509704643059099,-0.010731260088293003,0.06606305148909718,-0.026743417694148744,0.0003177665244643859,-0.001471568212336294,-0.012650091367196453,0.041274641334542485,-0.009515474499499224,0.013979998337887949,0.04120349729568824,-0.006268138113247663,-0.0352297594579606,0.02337262790728838,-0.010250426449616898,0.014902394234939458,0.03260053948473333,0.01727953136657342,0.012080872371896922,0.035277231385711975,-0.023814577891297876,-0.022439552027630677
ACRX,0.8465821853529902,0.4356562459147453,0.0024457675838533604,0.011188509500496886,0.00871633252824072,0.02259673206412518,0.00040684198526363605,-0.016036317388880297,0.00998467787084947,0.011444450258383077,-0.029131751676010655,-0.0010967680522348715,0.01517619221812398,-0.010888800313383707,0.023838603734606188,-0.01603614990537632,-0.005601106772749434,-0.028944435336605977,0.023065254834294814,0.005536966731051276,0.009161989769100045,0.005415584506045915,-0.0047100890968410775,-0.016589565710520605,0.018940929039976538,0.030996804143640096,-0.05758230267936969,-0.005511200842033884,0.017243719862088475,-0.03695336537501881,0.042508665053886466,-0.05418862411964659,-0.04078604855839293,-0.009945656266523387,-0.012863003287719832,0.030418730645452204,0.017866059946545013,0.007182940165367527,-0.019752844916567053,-0.008895587659555327,-0.016339849076378844,0.02014782494968545,0.00763658637958142,-0.008226590971350334,0.012699576176805573,0.005959296312093433,-0.022145148767051606,0.02546133621225771,-0.03187184922499181,-0.0028407208005418218
ACT,0.8531809927550537,-0.02298162743439712,0.28580717656367266,-0.09901287138823175,-0.08015587116410175,-0.007313238966805718,0.08692523516893191,-0.040698617332878516,0.06313404464279203,0.0782341893052583,-0.11505235323422075,-0.0060366282279063046,-0.01737880403648027,-0.048402540078183606,0.08572860240740686,0.05832636895233259,-0.0026117570040559658,-0.016907241685047744,-0.006402373226815022,0.02338697881980693,-0.004855187566183732,-0.04103710745978544,0.00490890844712805,0.02905073147118499,0.0344259965994359,0.00696106271190083,-0.00694359027439763,-0.04462731588649253,0.01909291315384199,0.038430040289264715,0.0009292094414758176,-0.018511890053684716,0.010646984674769478,-0.01022425953934823,0.036986058848307184,-0.039193694732114884,0.014785486704857324,-0.02807342026611208,-0.01139747679892624,0.02781398413018024,0.01964268079836269,-0.010396291127760955,-0.012246115759742167,0.04236114829618529,-0.021541554445029282,-0.012498473572678725,-0.041153941524116944,0.007680749523515298,0.008224585632261293,0.027073856137214733
ACTG,0.8512254698945687,0.008486287753310092,-0.01470490081214231,-0.10874466498591978,0.12206676844141905,-0.0944305371892785,-0.00752000290730215,-0.07611747429859747,-0.019429036682239893,0.01964841694691989,0.015154354538760814,-0.0454545991223293,0.046038482686921685,0.04764366305773307,0.03937321283945002,0.04323673328033051,-0.10378104625419313,-0.029882037321939465,0.008952967029512064,0.014257561404532488,0.0006666847148564781,-0.04845975509805053,0.024798109873214107,-0.02909924030146696,0.02864601952754307,0.04772368223756239,0.07626567536735734,-0.0618090252830366,0.04346786277341082,-0.025671807437463837,0.024682779271384084,-0.018809093235829986,0.06089574030342363,-0.09312266053264759,-0.034672901063092516,0.0032357705480136664,0.11429324691203882,0.024853350118648258,-0.05972190572063465,-0.06463580038183815,0.021530045372379226,0.03409670308966116,0.038784158778376585,0.016285560401222123,-0.061402652659125784,-0.007505042949428477,-0.002422724947041778,-0.09105143447964083,-0.04585766435604492,0.009276646710947745
ACVA,0.871077311509643,-0.05840745470067544,0.016017207905165698,-0.18534484144211966,0.1405608596753852,0.04334066915555467,0.045303656101018275,0.01877093540550205,-0.03991582588766818,-0.01590010728651222,-0.03312987207786656,-0.10105723180518555,-0.06546323642536496,-0.08099904218172149,-0.09656479063814923,-0.004281784051960284,-0.04404331777243958,-0.048440638396044726,-0.06805360292606849,-0.015835385739920653,0.025005877845610272,0.0829947290702819,0.039946710850936484,0.06829454165962943,-0.015660541943514416,-0.011797616944275956,0.04178455485357447,-0.044243866400321685,0.009238074558161708,0.012678689403733965,0.032764433750263285,-0.06422349048386962,0.044454948173400996,0.06825568099225038,0.004616032527303141,-0.028130246870238927,-0.031194136411774213,-0.0328417387562374,-0.005301639993426165,-0.020995649655100576,0.03599229011352641,-0.03711231078618567,0.012571588240710625,0.03815246088698841,0.05684392503738547,0.032222904360500314,0.0129612752037309,0.00011884274446427937,0.043893448850969824,-0.011673295036783648
ACXP,0.7958938957608347,0.5055871637382146,0.032131113043339654,0.02902624673667907,0.01543882772217254,0.01729425284036808,0.03517514135903892,-0.04663059226334722,0.03815370364951852,-0.029909239367041453,0.019947306534330033,-0.04405862759530972,-0.008881432322789484,-0.01668720410331192,-0.017472779754259555,0.01622122122035131,0.0031989531969121086,0.03479660314209654,0.007355082763992467,0.024548664292677227,-0.01265825583786247,-0.019704476375118872,0.006197693534295287,-0.005712765075744375,0.03573769624254645,0.002177112745960185,0.009623475226632124,0.0015608569853395775,0.0009060936838739654,-0.017802296941477985,0.0733624215029604,-0.006843244469329433,0.02560830897702497,0.009155654486020955,0.0020747347537363996,0.0366621291899163,-0.029691840039103603,0.005406057461174645,0.04972275637664195,0.011098179021728672,-0.004938268853505659,-0.018293534480772353,-0.01908525879932943,-0.008772807097006608,0.004027972966667737,-0.002249497247364764,-0.0070590984425668146,0.01881179234459921,0.01650072240369145,0.0068612487844950725
ADAP,0.7900094585712447,0.4844512507583782,-0.019291438442823647,0.06329761145532922,-0.005992326471582279,-0.01910216725164274,-0.009311721890853249,0.006113831823128587,0.022176706720950783,-0.03755610178740863,0.0682662151798528,0.004593171681139497,-0.0011505835424911706,-0.016822985344502234,-0.02028393516665042,-0.021438418291301154,0.020105764756679502,0.028687990717902803,0.011157007893251988,-0.02175310802539177,-0.01665531407037911,0.03087082083221812,-0.0021488349138813817,0.05331217480461077,-0.03676098790074714,-0.061482863969610786,0.045624472817277925,0.02934935004572336,-0.03996986748221883,0.004206276321278018,-0.07066256864377245,0.06254193668163797,0.013151238744856601,0.041724692778928936,0.044559305856930284,-0.002725424014232514,-0.0025754822886891373,0.02007817705807632,0.010003645131171487,0.0036190581630619143,-0.022698804594550433,0.012255289093751646,0.013056304485093128,0.008465891235220815,-0.010479438780277017,-0.015505062872224288,-0.014076821898408205,-0.058302792494076244,0.016973449961813342,0.05733058374621877
ADBE,0.8695229581782709,-0.09330663341883187,-0.1424692366324654,-0.21146846088050167,-0.05982301213990916,0.01672667575860091,-0.02143570977513065,0.1610417894010483,0.09281399933829787,-0.06198747774596885,0.05094647327413455,0.05320692130245706,0.04780299022846594,0.04790646578526699,0.05204181932604017,-0.028878250076703357,-0.021179917558529465,0.01889502567899142,-0.021048161339596104,-0.037567500197257755,-0.016244882413030837,-0.017767009877800673,-0.022555680886287826,-0.0031715300336402573,0.012221180924814124,-0.029274327277242582,-0.06297507647144485,-0.04951916484950606,0.013164280430958047,-0.006452225620667508,-0.002616706129469535,-0.0036253598212668717,-0.008958087487323662,-0.006570106791059336,-0.010321318128808727,-0.0034224479517519736,-0.009844873427925385,0.019921218777101783,0.03332856012709575,0.052356769145501955,-0.040753259848595555,-0.01791774668605425,-0.010054945754447568,0.0320008861877331,0.023421013337527587,0.040800644802351654,0.00010408179205918062,0.025772899043929307,0.003432580730281435,0.0034227800464652386
ADES,0.8449863810085364,-0.07733675118155338,0.013027907492835136,0.12597585937019826,0.1828851796167149,-0.0971436198258882,0.06728356996349899,-0.06875926287393867,-0.06415426773940881,-0.035984169174835844,-0.03381721491277507,-0.04526521240665626,0.05224526225318963,0.03515380539113918,0.0005372328798325055,-0.01464359439761438,-0.05566927750917884,0.013261910612851082,0.002552608373257229,-0.020776339925883455,0.031179848540138454,-0.004337545569491479,-0.029813277858712958,0.06524554905163753,0.06419908718451424,0.03771486249279349,-0.05326831018193019,0.02706049500802922,0.031157761992905257,-0.014461709800558884,-0.03603595327629753,-0.05626667193461581,0.06000105191498565,-0.0361071669638495,-0.02557673538614715,-0.03754427997145683,0.05032005238333069,0.03509562397049942,-0.10452684652783155,0.040142920427913203,0.009980057027558477,0.0633777463173497,0.054689433502668056,-0.005413130985097386,-0.011572090938474867,-0.06456663051319218,0.00298380832144691,-0.012929973576787513,0.042732372555990064,-0.040578019261805
ADI,0.882547852356979,-0.0842281737752103,-0.19448179124828713,-0.037442254299815604,0.05226899129980395,-0.058096254743474476,-0.023251296178610867,-0.060717898850223044,0.07306934595589877,-0.0013087966967434313,-0.07499246165322156,0.08603402057760146,0.09660013188603886,-0.03394351165323792,0.0014801193995371987,0.05685217134349908,0.06859484840566372,-0.05265785377548761,-0.0405777618437376,0.0012456233735750428,-0.012288314502072021,0.0079351475359878,0.002070565792691167,0.01004154788856683,0.03147186133256979,0.028757750030552538,0.007116756419207029,0.02612307329211436,0.008927888737113854,0.012530854806873921,0.016604222823066894,-0.017336577718866455,0.005653703935962392,0.061435911427083524,-0.03884269082843052,-0.01080664277872458,-0.01899537820976696,-0.019610476984289464,-0.024536189489766786,-0.0031440459423634905,0.006913038483323973,-0.007502001624191358,0.0008857558861503235,-0.0010829149533266044,0.046562656806194716,0.043150689236007594,-0.0005135989484215915,-0.02164931661763824,-0.010956833681311073,-0.007378359805548795
ADIL,0.8225419671083294,0.4739837035434365,0.04978942444931298,0.017690366298256436,0.04373719267780315,0.011186451958766405,-0.011270448414707614,0.027379286379568303,0.02011339639865217,-0.014127740060684544,0.01684681057076249,-0.03789151434294838,0.004991529105140605,0.021486846426325847,-0.012845888657844903,0.04006222397548235,-0.0019309386565912658,0.02834691021317147,-0.008322809639884639,0.040458083783338185,0.019462672309783113,-0.03099345213082759,0.018229427550729052,-0.051010351684630355,0.018596670226704217,0.03568727882286134,-0.033179293639073106,0.0015104592242430558,-0.004071112231922856,-0.0023052862611244685,0.0531039197633248,0.010526701978707973,-0.027085655689902084,-0.011043189451185619,-0.03370255666408841,0.03140589602257495,-0.027530184324528906,-0.005467369788740537,0.002415051045817989,0.024424996722011073,-0.013991329811308616,0.022916114161918806,-0.035460918756773284,-0.00076778291574826,0.026109585996533163,0.007498377510527769,0.01334211268130062,0.030219267795021355,-0.00771653601831337,0.019664963031779115
ADM,0.8344649561439068,-0.16340080682535854,-0.08559264904062333,0.19860446111922994,-0.06010925173078088,-0.058148485302960067,-0.03578198726166239,0.008792815264011435,-0.13074270071089653,0.01500895396984994,0.07138601555934683,-0.05223439139432596,0.02257352754124156,0.007701732811526741,-0.05634202768307128,0.055412111326740864,-0.0018364100823814926,0.0794560252956783,-0.06052331389263935,-0.024815128182496055,0.04494405417546116,-0.00319958141067364,-0.008870755348700333,0.01143586428515656,0.045820109172755544,-0.05007420707272339,-0.0733819024897514,0.04922061622230218,0.009168720337098753,0.03796043807523333,0.05765272659457895,0.031709153031438946,0.05242456912978246,0.027631168412445287,-0.04867421720893005,-0.005313454580455321,-0.05155787066413445,0.03178190464339913,-0.035275813181800376,0.01914097394186854,0.04314398372705881,0.00311643331412828,-0.06251267982173885,0.010720591932092134,-0.027805568805295326,-0.05574503966232195,0.005083692070029399,-0.008235041314023275,-0.011404282716551062,0.019863928370967534
ADMA,0.8428852714140805,0.4194523029869417,0.028591205509591437,0.048069074724150736,0.009793795530441808,0.03563287488024147,-0.005479545342700442,-0.035837349846543555,0.008125089129085652,-0.005820351248549846,-0.0509579642843209,0.0033367176330493056,-0.03705431714346278,-0.03308241073835778,-0.021006737095394617,-0.00669453719168775,0.006480002161929411,-0.0009697468709087138,-0.02330583949059821,-0.023822874355271695,-0.017722745114827573,-0.01601827465653079,-0.02586440610102407,0.0010447100557798748,0.014249837817270477,-0.03143800226514402,0.0015493159506721923,0.026154564908052853,-0.008071398809118741,0.00843684534162398,-0.0036801407493001906,-0.03182640687637542,-0.00801549315441769,0.014422552623281003,-0.011268804615171006,0.010412146694954763,-0.00469440161262737,0.04960981897189119,0.014202471849877486,0.009207912648907357,-0.0007962879688767865,0.01653580059852862,-0.005246599957807007,0.020602863554420744,-0.0021951516518616183,-0.0237639381545299,-0.01609743460970402,0.014795828618919793,0.02346229741754964,-0.021350983507283032
ADMP,0.825125243278795,0.44892093478589573,0.057807452520911795,0.011440263274347424,0.03832787246618991,0.017296396124277733,0.0028498683073977828,-0.029295781164770454,0.00951336363071505,0.03227180547203092,-0.045717477998912154,-0.04158328513071346,0.003401779409512863,0.04971810682279357,-0.014687110153553649,0.026140604068185594,-0.014631668092161668,-0.01240184058403944,0.0018008058024954641,0.031213403667824696,-0.015134667877881466,-0.04274167692679468,0.03493272254429406,-0.024813498266884833,0.031332111696590254,0.050199945175144534,-0.037110885438220394,0.006027747455932369,0.006704583774158818,-0.014185823439089293,0.0566276482111105,-0.0019238380782139518,-0.02446431500204454,-0.002314527800048577,0.007039681332596624,0.027085408923672248,-0.0021297889429169876,-0.020298560858763855,-0.025641976929230845,-0.0160387070947789,0.025542009355554996,0.016507374802898517,-0.01734669847652212,-0.00622202395849137,0.01683203725163721,-0.030215316345474533,-0.012194281420627383,0.0031779148205949184,0.0007278579080654604,-0.0067612773552377685
ADN,0.8468667351873076,0.008116870771834421,-0.011824389793151866,-0.00643053232171741,0.19453662105681763,-0.13049223796561987,0.0973787832264941,-0.0236516563640313,-0.03550497226711866,-0.014662849032089878,0.007599591140159645,-0.1027177099131743,-0.014692280643975745,-0.000367085267773386,-0.09035128268428592,0.0851273270560401,-0.011776467957208455,0.08318537405230517,-0.0666286743285011,0.047964272223047034,0.07334869834014143,0.030555545147108013,0.04167096457169594,0.03393213579070717,-0.017902415856046242,-0.012658463656535045,0.029710075007809842,-0.01946768555438748,0.025547292070681564,-0.014763442854270748,-0.003931319473811339,0.01663633216961575,0.09700230239290472,0.014409562080443361,0.007223491865641096,-0.0075024305114774715,-0.002405733687205932,0.055702435799456516,-0.03220143695208261,0.028893038067852688,-0.000602325930618115,0.06856607007284617,-0.022023835102937803,0.053806806000595536,-0.006206329556732269,-0.029415376792147778,0.049594078818491434,0.029702602559776206,0.03752318185119556,-0.006837297070395171
ADP,0.829833161125627,-0.13350878564755753,0.029243847750619126,-0.15207519225874577,-0.14010840473291591,0.06426001819664942,-0.0754733271932688,-0.01988132447270082,-0.03476735952242786,-0.1630422544662703,0.03966332331912565,0.03000543355962689,0.11636230908983883,0.020330451183134767,-0.041458712872461397,0.1438811266412957,0.06294401004571853,0.0026417515496119917,-0.014871867013286588,-0.007182689173207566,0.0384544463288339,0.004188355686874711,0.010369792026903147,0.03416085098506003,-0.04265503429619255,-0.0023004461403777596,-0.017356611926081653,0.029650613207806587,-0.016847656353215768,-0.0213061992898639,-0.014097217730208042,-0.07550351673477106,-0.0928022297868346,0.0266092306459981,0.022354156207394584,0.00468995568897735,0.021405069234707263,0.01409380890561214,-0.0024620792951161475,-0.08599604105716092,0.028289724299064754,0.06069638944962977,-0.01682201990164331,0.011503336789414183,-0.05171015018762111,0.019619227711396358,-0.06834019366810169,0.012311086426864199,0.038239682040619866,-0.005409372235547577
ADSK,0.888521862458883,-0.08963604942677798,-0.11814282165249194,-0.15476172221292483,0.013004295890678268,-0.029375440547381882,-0.040124879591700593,0.007682282419811573,-0.0397381342817666,-0.01989881767800527,0.04768599065311795,0.03975265699493113,0.12058257381039235,-0.028659461482167345,0.008893378379737905,0.0014014463585022814,0.008463141585123266,0.002315523293735443,0.015275694211243052,0.015132663316834724,-0.0019975098903684835,0.06683848867758246,-0.042875755316403266,0.04900796115077302,0.035554911543552184,-0.018461080771656122,-0.062226011802265585,-0.06312944982956309,-0.02892666875243132,-0.012708230565057608,-0.019425933689738998,0.06744341211212981,0.014163044956476516,-0.018118944344142702,0.044142035381313505,-0.0057083178442215695,-0.020550200860047524,0.0022211160879802164,-0.005962797017293755,0.03928186323106531,-0.04797087838853551,0.005230918450433612,-0.025498503948861655,0.043495082247299865,-0.015172011181256547,0.006892774836602231,0.0016254602825429764,0.0008672890399965251,0.040254086631248596,0.030699265514590457
ADTN,0.8964170287704073,-0.08218031785154521,-0.07624417072210737,-0.061065473886353784,0.036485037087492934,-0.10865362862289756,-0.010911980254574283,-0.019925868763430738,0.07801902483191932,0.038258928854320855,-0.028227704073796697,0.01806668753487291,-0.022815689222502614,-0.011550976451139951,0.05405712582880682,-0.060018638732782036,-0.0015470571528945138,-0.02005107582362138,0.014160439954284345,-0.020906426864911423,-0.010711559908780935,-0.06726903310479489,-0.0022443367462080905,-0.03366636858869228,0.011687055393828237,-0.032835508737306174,-0.008553581040072134,0.030859611268167067,-0.021000854480703546,0.019458737837142113,0.019267483593410958,0.03381352065302876,-0.021364726965209968,-0.013571556660713288,0.06678967768346601,0.03511316295504959,0.018464450125400236,-0.011704312280394947,-0.03607480218568329,0.009024074418278417,-0.023719492960965684,0.008538526010144196,-0.01799982337286788,0.041264583070772416,0.004719689185830171,-0.02319314719322995,-0.006024241280054464,-0.0005465840035453946,-0.015019719670883615,-0.01684893553146546
ADTX,0.753912082469567,0.4740992096918634,0.041155338673860384,-0.02878391119440788,0.06961596296433789,-0.034517557839935,0.0410163226728684,-0.04272697215234961,0.048005250142823475,0.00992318653445796,0.005828512153640285,-0.05133030833950842,0.03917566101929678,0.055200243059068656,-0.008130107688100099,0.04490356284954712,-0.03245465390676271,0.037706879539269426,-0.04055913267387514,-0.011656851116438466,0.07719918711695874,-0.10172261742720325,0.04295403444582456,0.013567332817239059,-0.03890796079457436,0.028037562882983567,0.06891905979441387,-0.013563849538250503,0.03526228989250073,-0.019270884048689298,-0.035626961316970046,0.029172022931556404,0.02060536857537427,-0.031384606935182975,0.002597761144357068,-0.03253794855208326,0.002139683319826337,-0.012595886609066905,-0.013604388405345218,0.04238846063332717,0.07803274019394646,-0.04669319350879261,-0.026723021963807846,-0.01718600463960925,-0.003761682368567304,-0.03523533559867818,-0.010319294837894856,0.040784562378966355,0.03202489579156384,0.016804204889085066
ADUS,0.8485497588635559,0.005637491532211727,0.08447453445516002,-0.0034331394373160293,0.05338833497759641,0.12487359507877259,-0.024473456954359596,-0.05900092026429013,-0.11220104676898195,-0.20797302826892503,-0.1392692491446221,0.01602895222458696,-0.1019374882501677,-0.0805813805052637,-0.02052258965085979,-0.08812876146816025,-0.02114479284679055,0.01579661314613401,-0.06023875473271393,-0.013279604651784783,-0.036588862760608167,0.020944959112472038,-0.0014708706623881036,-0.021229326451260067,0.01709081658629427,-0.02776504829382062,0.008159460774809627,0.05657261162687513,-0.0996043991343038,0.0409634436135894,0.03913990423998852,-0.023067563448322993,0.021704567119372027,0.06489699145254116,0.02323945150586956,-0.012838442927702207,6.448566908027597e-05,0.0516958700497819,-0.0595020436204338,0.03626277511022337,0.020974515848026253,-0.008719550281405253,-0.03210653555553642,-0.009073899038158952,0.029111301020780505,0.014016504531325493,-0.010477612655756597,0.018939904757929803,-0.003994085174187454,0.028914247280980816
ADV,0.8819698188927565,-0.05544506709818227,0.06254086758441114,-0.14767182500976478,0.10735765169540414,0.05857571558463157,-0.07582850869412387,0.018038601128149374,-0.1326154907294507,0.034557619185355375,-0.07890587083797686,-0.07190727704129954,-0.02139986949125234,0.00898725150359333,-0.09972611875209812,0.040614016187280166,-0.03130900313028025,-0.03862094368851137,-0.0004507993741207808,-0.01646227184089455,0.01985084198642203,-0.036825065238359544,0.018556911323044777,0.014176461803024148,0.006851782653713208,-0.011210515471527724,0.007104314243440351,0.047070533638088864,-0.012491192091168769,0.05037919801896045,-0.00956537857078281,-0.05477421588764448,-0.004997363138731937,-0.0018282488496511803,-0.0005042718893885582,-0.06803849057866872,-0.03974431967720234,-0.006136120825210515,-0.02822901937344656,-0.00280784072229293,0.018474103611209124,-0.006044050682259541,0.0236639906576699,-0.0015549449306066121,0.0219876054281483,0.033386111345433636,-0.013614082631104845,0.026794208108671964,-0.0035234327842191254,-0.025277105212901597
ADVM,0.813415680429442,0.5032957564366198,-0.018674088251015214,-0.0005137227507825793,-0.03681664914243954,0.01986075330457744,0.051367706470157856,0.0055510044210278905,-0.0030859630978586844,-0.004956021513841205,0.02839062682856025,0.015520170275114235,0.02448585307076729,-0.02774437537968649,-0.008175611129978349,0.014887180913715443,0.032609469105433886,-0.02187342483635439,0.018054716412129742,-0.02918624847752165,-0.015175757912204144,0.021505106473865363,-0.0055821126522291155,0.024025199887479948,0.010548899871792253,-0.03327722420902842,0.03013192826383432,-0.0007148076720440348,-0.014056980835682785,0.033151718580072334,-0.051297629886841174,0.013262155605970863,-0.008848707074417312,0.006080593107619845,5.0800389636755086e-05,-0.005996481811160453,-0.003993381378174318,0.009504807769186469,-0.032033460321301464,-0.016853862946001927,0.007886766634499578,0.013659635130104032,0.02552705733493882,0.002038152259014123,-0.028401543195948488,-0.007136097701619874,-0.0021994674866405994,-0.012471569885526553,0.0017049830880058487,-0.007731569216109427
AEE,0.8238195635535361,-0.1435798520367613,0.10622580767160578,0.23448966011176353,0.018569875272781224,-0.03701264468355596,0.1498459104310856,0.015321736775300857,-0.010570499710822396,-0.056358754924567905,-0.039228933903692836,-0.04184507332372851,0.2071794863348454,-0.07188040642254492,0.06321052611073784,-0.04964310295305124,-0.10060681004325296,-0.02905341227566046,-0.042915786163935675,-3.123932730315741e-05,-0.06888580383934886,-0.00479888729305085,-0.05502777560721899,-0.010419102240601925,-0.057482348656348894,-0.027290907132187285,0.02594569119193817,0.04995466047674287,0.013917822888995578,-0.044595545523246016,0.028399274979732013,-0.060528096223519866,-0.04599495924285849,-0.012469019896603106,0.03262543507000618,-0.04662314385340684,0.014921868356574853,0.008957772705829752,-0.022330570554386232,0.011907214821225847,0.009153821823719004,-0.003234809227827945,-0.022309068413176734,0.015776183881293697,0.018059238008552414,0.00043472952908336676,-0.011751648741305876,-0.011133514503123446,0.019399024507373873,-0.0018773851647164099
AEHR,0.7994522721554437,-0.06273394449600099,-0.20127342175987467,-0.06251570641823342,0.12630708291359644,-0.09677188919442536,-0.019182120474063803,-0.16969371798719574,0.2006596986142673,-0.0476150698992581,-0.047757710127622165,-0.006880129633581639,0.042546702098898825,0.015166638276296222,0.04449926886359924,0.05122151581144671,0.024195307295330974,0.050055719870864615,0.02013713045038817,0.02740936164483361,0.01688224436190744,0.07592625223832146,0.035011882394013386,-0.05799610056219837,-0.021927925253352815,-0.006568397769212014,-0.018180929279422803,0.03996882135039894,-0.0612356785985717,-0.03684406273049089,0.03973842649073132,0.02957671915970867,-0.002138463122113311,0.09715730314698721,0.04773890112211178,-0.004334177650609343,-0.02755496786543886,-0.0440948694698525,-0.0637644086932262,-0.03511090421140782,-0.04166929222039477,-0.05936972084849913,-0.031377159597829704,-0.03042315017050346,-0.0679172199024592,0.0690217127808837,-0.026171115081763136,-0.04166010188000419,0.0020744727355701707,0.051276922685508305
AEI,0.8620021398642879,0.026031358130879957,0.135311463004558,-0.06812488594341083,0.15782662775829004,-0.020416777860332573,-0.013686269761819416,-0.027333667786972153,0.020242669120162492,0.1152729616687596,0.036081795915972076,0.017871355458895864,-0.06034857688497708,0.07559853585300165,-0.0105656281851804,0.030649797032766962,-0.06456117533041134,0.12316393759260086,-0.041454838078197116,0.025491423109540133,0.0007144899286169726,-0.0020674693704482087,0.042837694971992725,-0.08008783184279762,-0.03119960485475243,-0.0022674795439248468,-0.062203915613934374,-0.014582204938409248,0.09882501618274107,-0.008400349786194083,0.03265251898219389,0.03309391700146122,-0.05674066403770326,-0.004618911004924243,0.04189238107460833,-0.010536220771283631,-0.030834382783224135,-0.043668937383095144,0.04187185832827747,0.035299771200798975,-0.019372669374054987,-0.022009618694924182,-0.015832008569099307,0.03420541060253403,0.05101048833397621,-0.0047974248803250965,0.031220344219795238,0.015371321217732575,0.030144086772708308,-0.03532201106689819
AEIS,0.8566263365648896,-0.10379947528063165,-0.18873664655514116,-0.008145763920280715,0.0176768455364484,-0.131949329751891,0.0018386494546920448,-0.09834953276794395,0.00806333438349373,0.016484421212166096,0.015013969672274623,0.030660400378523914,-0.005867537383958263,-0.07983971837484578,0.0040597538675302795,-0.024450562161469867,0.044821034817300494,-0.01880926403493998,0.0056986058356915505,0.04343033900312808,0.0054906808844249,0.03530330100573798,-0.04218058202660398,0.015240169515427898,-0.041177586470839245,0.025390583234770687,0.023415149684541916,0.048773116192377196,0.003900443025378214,0.031926129688308894,0.013239042861160028,0.01751564901605032,-0.0364549831589516,0.07316147082813322,-0.012452324028744527,-0.01508045862937881,0.016259284286577722,0.011072865964938935,0.004818680749487032,0.05382481460845112,-0.06923480048888267,0.0002548768802003007,-0.03436908131895354,0.046543789038200105,-0.06032476122969764,0.008792175331140944,-0.02848610476568291,0.0052555069792226536,-0.031096490403223875,-0.07187125455625427
AEP,0.7682059919607966,-0.10560713997375726,0.0652871723797101,0.18222958821979188,-0.03797731468118348,-0.058756882729878536,0.3069833594978121,0.03274529411695459,0.05276414343386352,-0.0393287648239774,-0.05597564293733967,-0.02696623725936082,0.09405934643428351,0.055826282674899926,0.008561599981192256,-0.00994578481218391,-0.2215482253074243,-0.01881958384184321,0.035164936606852305,-0.06061768205433318,0.007540714881060284,0.0040876988996883575,0.023810454918665153,-0.002825503989824325,-0.061415189456657825,-0.026646096293823897,0.03611633937275081,0.07073572584329003,-0.11650912833935864,0.024501933309833683,-0.03536959348736268,-0.00039024883924364034,-0.08138100203133125,-0.016164388703216143,0.013713128939434459,-0.006882597118148673,-0.003692422888593408,-0.11851109124250439,0.02081936492947881,-0.008167352247658547,-0.04479763744237998,-0.015737922526714996,0.02539532263573852,-0.00808916850651697,0.05892154052145948,-0.030749864549689768,0.026962154495164748,0.004845844572027972,-0.003783822553142758,-0.014053233254720184
AERI,0.8511057374906469,0.4335646338264252,-0.004903933994556489,0.027138409093111077,-0.012984689827982942,0.0033763926931807886,-0.010967536850327276,0.006129366251967243,-0.0033189326976872675,0.025672957084554533,-0.008403568597669522,0.0015963310145673318,0.025432725589649232,-0.004719833017219323,0.014189782086358228,-0.006707437032219213,-0.009131139865557518,-0.02639311300796223,0.016931015435136813,0.00976596230280008,-0.007503314892278501,0.0039579724252481255,-0.03363912523755367,-0.00809792368422522,0.00023332423007894112,0.006514810273768035,-0.07487181146721902,0.007414912233680288,-0.005242590395162795,-0.03555045134717088,0.03516600440129667,-0.022887853051934078,0.0025219899188645943,0.008287599262810802,-0.03953175927613457,0.0036065832148956187,-0.011272605289250528,-0.012606905096563741,-0.0059587331429557895,-0.01941705133262957,-0.022191952307112562,0.0013543733074327428,0.01141437384119728,0.01693768369449401,0.01596806416839727,0.013908697001298419,-0.0015988671708792213,0.00047465277253663454,-0.010971436530692115,0.01017153924832572
AES,0.8223641554222917,-0.17256031570228575,0.06812527225261465,0.20453888087770128,0.021764644800063224,-0.05950855995600988,0.09204580508525985,-0.04782779937290216,-0.093360752449875,-0.0026219787397822915,0.027971116954333654,-0.006914578692305342,0.11009549300602497,-0.009324759421760023,-0.0016026894783270076,-0.01259820254667794,-0.13045031539296834,0.008044571886685732,0.1074208782674854,-0.043015093490496946,0.03084008141842442,0.10873216270590598,-0.007202231382839302,-0.02189419083415028,-0.010401336359883915,0.0046510058620196715,0.009655414071578244,0.026222620415525644,-0.007741562164158554,-0.007874111430248359,-0.04430951453634265,0.019471441268874883,0.03639472248420377,-0.0011510940588318076,-0.03487211957313881,0.029664981114753734,-0.04358002592165003,-0.038177685486308385,0.054360259014328005,-0.0026968214728106633,-0.01550129079556138,-0.008071273521070324,-0.03549733674887737,-0.04876074797900053,-0.0050123869192922384,0.026321809568591332,0.026684428468862688,-0.03762545827025812,-0.013010476282301136,0.005702251445920822
AESE,0.8458428814421356,-0.011188843422797079,0.07498471469908677,-0.1643533486422464,0.1738573875220499,0.041071636120940135,0.022527907427563845,0.04392848683688517,-0.023726260694531355,0.10816649502322734,-0.0035177970346796684,-0.11956972828425105,0.014318584239710498,0.11888428090512079,0.08484667695177557,0.04056631730388947,-0.04696069480968606,0.053871529548649724,0.008155623389368575,-0.025931172593070838,-0.011706785270546239,-0.04469482857390752,0.09068959234675043,-0.01905403899311987,-0.03584434865164034,0.06003055716203264,0.007702642871735201,-0.02905108189150904,0.016436133509366558,0.028871791424380337,-0.027017886466871,-0.02730132285802913,0.029302551904109637,-0.05432200302969276,-0.03892096562812878,-0.002614816631036865,-0.03994864392902743,0.02368408129456512,0.006776452422440986,-0.024988097402393765,-0.04323625650467272,-0.03840896869032476,-0.04956582898086381,0.011391698045472135,-0.016026225233340057,0.03961485705915387,-0.016610801061946324,0.029381282186487234,-0.03063353709592791,0.017621850750054215
AEYE,0.807298120135777,-0.02724866392364564,-0.05213753245806978,-0.22428709150793874,0.13120658530334586,-0.0005463130646029782,0.07258828611504206,-0.08739088336578352,-0.030831901904184812,-0.07166161190410938,0.07808366579409745,-0.12439504795152778,-0.013395199209164476,-0.006499761478480966,-0.0028083075806788916,-0.015238311423864864,-0.09588160046638973,0.09639563423256987,-0.0550875998566391,0.08233922157226273,0.06166183157074823,-0.04078173636555015,-0.010974947783355657,0.018705125599444084,0.078907863654975,0.0984353017531412,0.010967361211099032,-0.07230696276986905,-0.031295576536537306,0.013116041113297814,0.047287895342365396,-0.00909959514007695,0.009724108505074729,-0.027855787258699086,0.07591811636278126,0.05366739064265308,-0.03412568905238073,-0.036835502501827204,0.09548302205863402,-0.03504865529196828,-0.017508994985964584,-0.041488182532140865,-0.03947098459349162,-0.02383106035603766,-0.025237441274923708,-0.047088979802102554,-0.038069152780296864,-0.01294086007407501,0.08038297799769482,-0.03394852360343677
AFBI,0.7884812100161198,-0.10620158712221942,0.3480927785151955,0.04860471384301498,0.051004479580028066,-0.03979552655827828,-0.11749904743606428,-0.1477371749386118,0.16727559482268556,0.03070185343024807,-0.015013436918620476,-0.040578615520739714,0.025986798144156987,-0.04886725705363184,0.0157817069005459,-0.08400749497828257,0.03122193158281333,0.10402443324842318,-0.03589420590022452,-0.036074239121377465,-0.02076492871862413,-0.0265880568251798,0.0161185855774656,0.0012848466071025601,0.005546240755345019,0.0035835806626025118,-0.021144040405920952,-0.013306996973496379,0.012247284402429436,0.07976400142471896,-0.01168311719243979,-0.004602821236320111,-0.05400417620123962,-0.01119666325269516,-0.022958639290117974,-0.08351656308761334,0.047816871854434756,0.024574136995014564,-0.0017337747680804282,0.04060878174271551,-0.08508251218476419,0.012193143124774417,0.04048092425263511,0.03615892122566585,-0.012038374533085079,-0.02611257596918107,-0.0032574384370274443,0.005847439685838621,-0.009592223699026774,0.01932281531307933
AFCG,0.8627437650758968,0.00824188550718362,0.28170690996414666,-0.02918971035461171,0.1214789789161656,-0.013123473914651847,-0.028160838274297717,0.0014197656024382988,0.044405554534192246,0.05443090328785655,-0.07213373875460066,0.07246950812319336,-0.069761672129342,0.024448908834318897,-0.05527152255039102,0.03610301281638843,-0.0020133485743717644,0.03631076400250216,0.011224022212857312,0.03754772923653485,-0.016666442809290027,-0.04300296757973764,-0.025690656847912545,0.06767535372279047,-0.010340546439669893,0.03464347128410166,0.007485060628054397,-0.05347972236072574,-0.036935061224424685,-0.025192274451626414,-0.015036751044622227,-0.052472911131963285,0.030177152377683942,0.004743135551495541,0.016773982425399847,-0.03022333112979142,-0.02953274254288986,0.02518481278080811,0.04863571804183781,-0.03209546736911671,-0.041343937666720926,-0.007635527339062299,0.014618347590010294,0.06259431072097617,0.050030429210223826,-0.004596435839964293,-0.03448348803241425,0.0485581180492326,-0.027238750893547485,0.018354319277328793
AFIB,0.8852567646496535,0.3038883920048858,-0.034320879929730604,-0.08318350178129805,0.030375576403055365,-0.010349837973705454,0.01690170592345902,-0.02921007729276447,-0.045999191615537456,0.04945405409506129,-0.09450504517411898,0.01244769490017939,-0.0288518829899581,-0.017433841910199654,0.0031662356061632453,0.016799922681558343,-0.0407239990276574,0.023684736550854325,-0.0156469588514087,0.02696418132300382,-0.009645697312719853,0.0427181864927404,-0.024713612312835212,-0.010800287288783043,-0.008961309823284915,-0.0035667955036835057,-0.018084087021641958,-0.038453204522242164,0.01722139981335888,-0.0027578047048258964,-0.016318030993015806,-0.010014296313267217,-0.05515799718904945,-0.022511101046605565,0.002217862094553609,0.006365736521509673,-0.026494299670551835,-0.015135174797062053,-0.03192613337283573,-0.010431361800434892,-0.0025242183694581992,0.021487898559153843,0.014624014306388817,-0.029406792716519928,0.0006176976855641235,0.004956432349452622,0.028674237500554416,0.03998035633806959,-0.04496150369801221,0.0027055394808444405
AFL,0.8072834148659203,-0.10639301405453963,0.14218674925975067,-0.04811894445604462,-0.23448946065988735,-0.010948940146973996,0.033637905753506656,0.006640359602929059,0.0704598275702999,-0.02147409499669496,-0.0028580939659740797,-0.002250425201661094,-0.12076453315882142,0.07496109802836451,0.11796274627120179,0.11797415112995967,-0.08611456796572257,-0.01915037605041727,0.02944515496200418,0.0088495627844334,0.04356414397322038,-0.028141996329793056,-0.0063146429565848995,0.04816691483839454,-0.016516314516369007,-0.03215084519932423,0.0007051028230759088,0.015675260573960702,-0.03604037594283133,0.02627679923871818,0.040657088246579993,0.0531040996991788,0.05270321548052215,0.013773637889861096,0.05716334687757103,0.014435373147933856,-0.03336046692394877,-0.03551950589567171,-0.0990678597947579,0.04208014334651011,-0.058395860085511,0.030273932816899312,-0.06089768546153701,0.008292483351843778,-0.021347538727311238,0.03475849052700581,0.07403156202301056,-0.07694908547329445,-0.008124447636923191,-0.06591844436796945
AFRM,0.8882936323151406,-0.04823021042634183,0.14762233752464748,-0.20361854825661366,0.041569349177471945,0.01729184404317473,-0.011697873676027808,0.007570482942739607,0.03592982953572592,0.03060843124060688,-0.07716316555042174,-0.06841694359007888,0.03445076019567372,-0.017397539139363167,-0.035534090205784644,-0.022267525084824692,-0.0038693821003265893,0.013603669880770481,-0.010047317332794917,0.004171677726964955,0.005820078152056503,0.0021068574386723677,-0.020867106580326294,0.027371160468424034,-0.002886397799407873,-0.057926190987803286,0.026252974527682105,-0.07678352864856568,0.035694648873933546,-0.0051645008091699435,-0.02289397614481395,-0.00830167936612233,-0.015592175314370545,0.023917863343517393,-0.009108168507514782,-0.045262686176768895,-0.00624557709479307,-0.0022083362755367323,0.011541574486155629,-0.07351845654966564,0.06213736394673189,-0.010024143108820298,-0.023138225128935895,-0.01878510951485668,0.0156908117039016,-0.002672728830351634,-0.026906401249403133,-0.016837832247343216,0.026689263377825095,-0.019484593362106867
AGEN,0.8107989035375093,0.5117951771532014,-0.005624620593119219,0.008361313578737045,-0.00968126316375115,-0.005665354078950155,0.04611429852130895,-0.0004350730926470245,0.006211280857084485,0.013600820337157512,0.030044394409483564,-0.024790276716071376,0.014045577401873847,-0.002144366631327567,-0.029125025827565584,0.021155267291236433,0.0030047252636114137,-0.016115814178607503,0.018901892137868925,-0.025509468551346854,0.009887997166892638,-0.0029726568007651635,0.005080140370072611,-0.004388668134852346,-0.011031891185983321,-0.020825901460250658,0.01960975322997768,0.010545953180215227,0.004865859622900216,0.005614344372334351,-0.04327306280219385,0.02543446114318967,-0.005439770020185352,-0.014542714073024236,0.022533453045926414,-0.015518226237842615,0.020745913681848062,-0.002354408043330123,-0.0039123555096151836,-0.02229717850465808,0.009973457368912406,0.00013562636932327315,-0.007888529804218983,-0.007167265524862852,-0.014308162330094994,0.008324044809125089,-0.00692085881799126,-0.0056255177650279,-0.009461307193561091,0.008113671145970423
AGFS,0.8799543361137261,0.001171964932368252,-0.08215581210313094,-0.04854487239757861,0.11741995794095438,-0.05762611639467292,-0.03263474283746733,-0.05770599149885495,-0.07381323686066149,0.06241083567051964,-0.008608213028366394,-0.07127136236088188,-0.047362109083889534,-0.006957824168957516,-0.05606650402143893,0.041301776535344774,-0.0426181829016092,0.06210640294990448,-0.025501639866056865,-0.020908148204509147,0.03987541090790259,-0.05018229448416757,-0.05715085536699494,0.061741962222804474,0.04315199347834152,-0.044580226957825306,-0.017113800370924023,0.05972434460579864,0.013290020816825752,-0.03896422506786529,-0.012822615235808276,0.00688146065799973,0.045298185695024584,-0.014025572051037447,-0.018058791467571042,-0.045818228847262034,-0.020988252440234587,-0.050591893047522464,0.011268908590091758,-0.02839402668964033,0.0008013551909898055,-0.007952066398285393,0.034496588530075506,-0.00737090696370634,-0.0183660511579374,0.00025755354293738027,0.013956039524795646,-0.03631820027834003,-0.02847883938621885,0.03715322655044863
AGFY,0.8926407363493999,-0.004850103545267534,0.007675632332651827,-0.10798938592573984,0.14776723103892572,-0.03893397038876516,-0.0013830561816654734,0.01913922491236109,0.0075396066502639155,0.004008236252162378,-0.03595346401710543,-0.07003051567444718,0.02480776651080374,0.024598486756396656,-0.05606522229798357,0.06111568231927381,-0.03011951748406922,0.07313309851230364,-0.07834402554793077,0.0009157177197469161,0.009726626705418174,-0.03787255387725848,-0.0039408324681560886,-0.093176090065612,0.001986467328960413,0.02446372986189531,-0.015777980703563507,0.045822686443023425,-0.02888011826452995,-0.02458664467514754,-0.021826543439014544,-0.0015595397861853846,0.008926075518954857,-0.021704291274671196,-0.012985552450190637,0.0008376170303458447,0.035303371143920924,-0.012575038184205946,-0.03054727654356786,-0.03704249128048954,0.02124487136384004,-0.02395536710233068,0.033862938186851196,0.031631999607487304,0.018797821825897478,-0.005813834639269591,-0.03744267729495663,0.009030234425641269,-0.07198719894660018,0.04361807910665311
AGIL,0.8904034493071382,-0.00824939752606102,0.07162957458617379,-0.2230815975615063,0.1113220527939624,-0.03245853049096862,0.01807553111194897,0.018953671582472423,-0.10091553865437414,-0.03149391744123139,-0.06270274598001385,-0.05255630105190353,-0.002090559431732983,-0.004501400004791058,-0.08770232482847033,0.027141769174023667,0.002868247125309525,0.021500240196942685,0.028458474382152186,-0.0028660438640524845,-0.016342901045459112,-0.05130789006181623,-0.004064500768468491,0.014867595969924492,-0.025770080848959008,-0.013983674980809623,-0.0193895743044211,0.017379963671700034,0.05673286424479788,-0.0023592937968546137,-0.005446231688500405,0.005304318719299524,-0.002344106340585483,-0.005010040020952733,0.029200896182871812,-0.05093928461312845,0.019635507895056453,-0.02843245695272095,-0.013406778649997111,-0.02055094581803138,0.0606108762387278,-0.041466973420822964,-0.011375834669700336,0.016265398266483877,0.03515781576635627,0.011435616605830526,-0.00144551581585166,-0.007023275331225277,-0.0162244042112538,-0.04779582297230009
AGIO,0.801716035073497,0.5275829924949497,0.009847490092468845,0.03585675157855877,-0.03179256203107135,0.027376969024757083,0.008421444780725394,0.0014716701842731584,0.01587828404648416,-0.023487219256386416,0.04816823417775832,-0.013795426943303284,0.012661029250600883,-0.021188235698167125,-0.0006993656124726652,-0.004769803018966885,0.027912803461176642,-0.04232019440034735,0.021302134028580375,-0.017826377876607277,-0.017805202246697696,0.001305108712171988,0.0010588623722073136,0.0036083699974970612,0.013594428860099907,-0.00014326277141232802,-0.01611984227679408,0.005805214717378458,-0.007585957600636734,0.015807600974322322,0.013566765112301472,-0.026958059986860603,-0.01632032628699367,0.004567234196876402,-0.006995027006523094,0.019720953132468355,1.6102475418351648e-05,0.004975441321666709,0.002377542943739803,-0.008495777067845699,-0.01527168034423867,0.009322957775919882,-0.005896832568103046,-0.008347566794143585,0.0011634868132896702,0.016788017492946006,0.007497956026084296,-0.020155556270626297,-0.00620944784599497,-0.01762256063551286
AGLE,0.8107861267539288,0.5314604341096834,0.0044610388168049115,-0.005488551297774183,0.0029146022215027806,0.0015591492782425827,0.030441061627568457,-0.006959021241748166,0.009187501873512525,0.00036538509999358175,0.026104037742626277,-0.02730548880790097,0.032295445508685405,-0.010518979920993033,-0.009300277523281414,0.023384652925143426,0.00983484454068307,-0.015240665154032922,0.02498430408795776,-0.005875335030636988,-0.012601023358513905,-0.003126591362111206,-0.0008711091983149517,0.012576231742675333,0.01906904976577864,-0.028860738734770318,-0.014209277807103217,-0.005201630116424017,-6.562666588517122e-05,0.023389841949872935,0.001860732721380025,0.012134598546293358,-0.024006316078626935,-0.0020472847639655418,0.002450393463719824,0.007056922771772138,0.0026820708117864926,-0.009690193446606571,-0.0073034445134110585,0.0038220533828505826,-0.0012521842712825955,-0.01325788949203939,0.0003865746734609877,-0.009091389268650114,-0.00973428738911359,0.0030810670679957673,-0.0052787960656703,0.015003697592539878,-0.005373632764156482,-0.009602471702707066
AGNC,0.7445610886360657,-0.09999698161936524,0.2903886871195557,-0.04249777062658604,-0.012986378677094974,-2.1658239603707455e-05,0.03900612579643498,-0.1577336169714585,0.09359577179924794,0.09263562768639799,0.06035317273726461,0.1690052950976285,-0.010308207931168292,-0.0032512792325180085,0.008990594998960436,0.03080215956275861,-0.07719350640406446,0.01975369438258491,0.08490524516791972,0.07357906898527575,0.07202784047408567,-0.10250793182498406,-0.1129791768591314,0.14019660442487042,0.015036320276384704,0.021303482689009647,0.04077796768687388,-0.02079918184694855,-0.06219492970556515,0.09939105756465637,0.06554264043052388,-0.10210163004460421,0.015641921158616977,-0.03024170951948055,-0.023586792817998137,0.028272282994275557,-0.11676456823619957,-0.02603617525827159,-0.09070557676010245,-0.07294525114025374,0.03602451855460773,0.0363318155243782,0.0958219123195787,0.09512354078292048,0.028973703966401268,-0.013153047706041643,-0.07214281517279099,-0.015582435814553361,-0.001920571740456799,0.0675636831584675
AGRI,0.844183424923269,0.04908497331096354,0.020056406714119363,-0.06677810768491883,0.1279911164282443,-0.11980532952576003,0.0037422783399791424,-0.019492406499166916,0.00032522651945538113,0.03996753587619736,0.06609520531494366,-0.0668059066177849,0.03978852484153114,0.09464785498479483,0.0013376293522043127,0.08321966434902786,-0.021046632533643046,0.13088749035181405,-0.04237559163808992,0.05337178562019671,0.04296198423913793,-0.07347321546769522,0.026252779352453567,-0.08490298929040027,-0.08841302935807596,0.06235368281704596,0.02904745374373687,-0.011211752862621143,0.016110515896048443,-0.0227066113116175,-0.04735132388015256,0.0714752776368061,0.05621291186581015,-0.027699140438841252,-0.02895507124114877,-0.06279415036004433,0.05430566007062207,0.04612906642241631,0.0009724466291902993,0.051603275691835815,0.013681622826452666,0.0157512911261257,0.015130802130291266,0.007567604048729395,-0.013856666560532051,-0.026035902404449807,-0.002034061201852162,-0.010574584303309703,-0.04824326752311741,0.009616684679791515
AGRX,0.8385285422520462,0.4175036769397689,0.03414290461971196,0.002235093897994369,0.04681405733465541,0.05412386332753076,-0.003281571270268562,-0.026132650618237347,0.027263844506063336,-0.006000915876620011,-0.043548526047650984,-0.05141021320441463,-0.01793773461488438,-0.02695757272166479,0.0023107490961430358,-0.01589783881067828,-0.03712361593016296,-0.0015417478072822274,-0.003298754534252943,0.025482351325639287,-0.017302605567160352,-0.012196416679106026,-0.00637313483563242,-0.02421034563620504,0.02556179264867801,0.010881716917456404,-0.03018107229944755,-0.010033878833921959,0.0015764042381620563,-0.056164556902491246,0.084259457896775,-0.06738230583544784,0.004596381768002386,-0.010564200809913764,-0.016401075056675457,0.03766660187792318,-0.023827473165908313,-0.0009467146853316078,0.033153255998100956,0.013505956871232187,-0.004442638090636262,-0.006155264771637392,-0.006537165357182319,-0.011363649338093201,0.028809539184955022,-0.01169939141629903,-0.018195705231074524,0.03555852185166529,-0.03680411139003214,-0.020921125217244964
AGTC,0.8070450922767338,0.5125562266670165,0.01506212725462792,0.01218069720273739,0.022214888869238072,0.025269635923619378,0.02141217157696938,0.014204540928426376,0.048946687985712285,-0.022735860177726577,0.037145228826423994,0.003245338093517528,0.020316847438656752,-0.02200270782420347,-0.04236676226372494,0.013695000690148002,0.03915464838981456,0.009993445474434716,-0.0055532166694629665,-0.0364117160834375,-0.009159228220236394,0.001356729940204935,-0.0041311794815589355,0.04015071428665834,0.029599002975286816,-0.03750194243136547,0.05690490258104064,5.023499674181855e-05,-0.02008112214782374,0.009672331074770672,-0.029243741880342924,-0.005417423556189134,-0.001336307527848461,0.021983740283909568,0.021288872321809583,0.025655902778320677,0.01669147575295808,0.04856074674736994,0.015824098915769087,0.006241911633139294,0.029995443606013524,0.0011319455057685899,-0.011265014303022493,0.013430520959480096,0.019102776190449818,0.006982952100964418,-0.010377391566713485,-0.02128751498163878,0.010093138043053328,0.002617171178273434
AGYS,0.807697928570287,-0.1200801608517865,-0.1275220461219213,-0.14769968083160698,0.050598747101452936,0.07846511921701937,-0.05364942617421022,-0.05922486068743102,0.07108187030493095,-0.06308916790633798,0.0494004379953739,-0.054134089743079636,0.10512304749771303,0.057495855874234045,0.08269268024032252,0.007815025673527373,0.07040651840924461,0.13418122960833934,-0.04799772631219764,-0.04598001091777723,0.02371773760262317,0.09828193808996882,-0.07784781657252166,0.0028000503296343494,-0.007001071086329996,-0.026619422307424933,-0.04752959059785563,0.06406046366646773,-0.04384914590998701,-0.028775442533486507,0.10481686376153179,0.05892574720900734,-0.008607167443494854,-0.061504205057072776,0.007338279297659876,0.0740480171140794,0.09485021291784763,-0.12159735877815486,-0.05336296737145951,-0.03538491808944608,-0.017815974330817476,-0.08509905320144562,-0.011959299607453327,-0.00042517209067134167,-0.05393825669290225,0.018947706112429914,-0.07970878169079836,0.030603582031317616,0.02433326649317223,0.01122005019841232
AHCO,0.8747865258435893,0.06684221253144096,0.09205378690607491,0.006506191023275409,0.11692785984909848,0.07391879519488861,-0.022285508654033306,-0.06070535158686188,-0.0944137151244982,-0.11031187690700073,-0.18453490394782499,0.037652805754227824,-0.07446221403995819,-0.01751733820433655,0.014015261014943433,-0.09501961827294979,-0.03985289442920475,0.006312096782294543,-0.05483292550300548,0.0363370405747453,-0.027067282097944734,0.045903545248207625,0.03861748040749904,-0.019044335904667777,-0.006794479918529443,-0.04017500065593094,0.022036268321466462,0.004279191628328122,0.01086993285228292,0.017989035607758087,0.053157666578632454,0.011555103883100139,0.005736803322864881,0.0006442213109124047,0.009556014004316498,0.020809587619266327,-0.020280916220437546,0.025198997397798364,-0.03886697988988938,0.04610027954429034,0.060722149261902184,-0.03243878291909995,-0.032231811635156184,-0.018729008767563365,0.04163445097309243,0.015237787730994306,0.012537897103177542,-0.03911485829252392,-0.039070624708123156,-0.00373976404348158
AHPI,0.7674261882689961,0.016356936006309886,-0.1263698390040633,0.11666168851186456,0.044390161165388485,0.042363426177373195,-0.10389031666155343,-0.15955969047859217,0.16614410980438205,-0.0976059145758546,-0.17754009556471723,0.006156898193419877,-0.02211288650292687,0.13725677249216112,0.08577581415835046,0.014520851261342437,-0.05611781544909235,0.12792970725918135,0.02575528297834631,-0.02171392592435142,-0.006323071896202511,0.04061972413048489,-0.0567380318412493,0.029834549337293605,0.01801254161880201,-0.009320858483763364,-0.1371221497475088,0.05312228612670725,0.047626634205351195,-0.017949873778054324,-0.09883093738678142,-0.03564524156937032,-0.070878291765563,0.015705399147754096,0.06370651549925324,-0.04064368910515636,-0.06060466777207028,0.06986509356180855,-0.01812950193855236,-0.033130934586783345,0.047630851519229966,-0.03078627611827766,0.04792834717656682,-0.10318642255581813,0.006990703463174085,-0.01902534414990789,-0.1336283629871409,-0.04700762936797905,0.011868212726608629,0.04263017433475472
AIG,0.8921363814386686,-0.074265598279159,0.2281667290559929,-0.046527904150781424,-0.1450891227832409,-0.062259911838299105,-0.0324823540611616,0.03085873496647114,-0.03670667171719999,0.06378678687981425,-0.03699282694210254,0.00905076987779584,-0.015232771077240128,-0.08246171801839282,0.047499921171537354,0.08321029322826513,0.0010833666778323446,-0.021880957270985206,0.022837620172166638,0.016986872437936156,-0.020703680627957237,0.07554170126152608,-0.009339196727256121,0.02162387377320176,0.026771206649895123,-0.011588681686224862,0.02353124767732219,0.024761493833206916,-0.000723758889904399,-0.009510006000202333,-0.031727336487185995,-0.0018804777868390984,0.04235418445490606,-0.008274500624139113,0.03952000964142556,0.029091816583742457,0.03770652559086532,0.013189523798394621,-0.01112156379943535,0.02021693072080913,-0.017257048896733358,-0.01050398955862802,-0.012453783681664748,0.00565881527758575,-0.006442174565151325,0.016183287366187474,-0.007179465633867545,0.007260871320785068,0.00939431465197736,-0.010817575830706482
AIHS,0.8643127613895462,-0.010979457578802344,0.1274221982585824,-0.14207030577091465,0.09756705353909763,-0.01839186927036376,0.009433485308935249,0.008632849202029965,0.0043762589505350795,0.09270732978621785,-0.05078823861624185,-0.07219992775624717,0.011882092080472677,0.03631981100677839,-0.018026642525455595,0.025254074426104906,-0.018049542660060015,0.035665712785503186,0.03815132870927644,0.062255672856001996,0.035960641256205135,0.050166331981321,0.058351644549226526,-0.04246194638296183,-0.0565350333276764,0.027335971564863917,-0.004417578876259139,-0.044093003449714605,-0.033500383488483935,-0.06429762319986826,0.01655193403818863,0.06411213783226344,-0.06874413321713407,0.1044055047204877,-0.07391918552113347,0.013696242616637027,0.04536719686618961,0.0009784435648635048,-0.011615406766187457,0.0014419524742216925,-0.01641323841014579,0.035806759417412216,-0.06840234309917985,0.08532109232507361,0.02923821988863761,-0.038550512015056264,-0.005895759425819656,-0.02525937741995934,0.0022342595408022074,0.016950004784903418
AIKI,0.7073712985586038,0.5187991274755935,0.02425293471429953,0.03385334360055362,0.016370075158514442,-0.011099643391848988,0.030687352588708028,-0.06300159117851743,0.05422865966101244,-0.057453680612868256,0.09138719137983588,-0.04952398613122988,0.01565335428502343,0.05808494398227645,-0.027255568176984015,0.028755011801906018,-0.050209975718765905,0.04983641816624193,-0.001905184140376923,-0.008657338662211574,0.06440185364440798,-0.08142040687229947,0.03382265964796857,-0.028931132362589908,-0.02475304888077394,0.04986486161012594,0.028146058765395634,-0.009260586640857974,0.014299507332935007,-0.010017092120343435,0.13460290643116754,-0.0355091896893545,0.030135006230560677,0.03469278950170753,-0.018242178927825467,0.032417487954912116,-0.03143729015526934,0.001504897968687868,-0.035859099825824865,0.0885403581395687,-0.036004910918209704,0.015858445420461227,-0.07713400275913986,-0.04243664131017796,-0.005028949794570543,-0.0367245790468179,-0.015031003938973539,0.030295346690655495,0.07299469224924497,0.031169086741540914
AIMC,0.8917500130799022,-0.08879061000852864,-0.12220204423827412,0.027586300436838365,0.06054480622833981,-0.08983758301358513,0.005732055894320087,-0.010601484353248723,0.01277549124088996,0.04265876390260581,-0.08048301925424578,0.00867191878571906,-0.07336939537519731,0.042645291391833505,-0.05272861325414686,0.03397624365579063,-0.004226185052906659,-0.010777195571913947,0.02460556692697638,-0.07593266111834014,0.01313260876917762,-0.0933502677628388,-0.024046980230563335,0.028386820963931577,-0.02730289466884857,0.02708292674131161,-0.0037789060147213637,-0.03426242667504806,-0.026072567468855137,0.0030512159162597906,0.00686895777182066,-0.010664791412273625,-0.0350332273700942,-0.027708265916952312,0.013085394303133912,0.01238824343451346,-0.042282451828542685,-0.018833659420048353,0.004840495370609989,0.022568443572397155,-0.025997795218049242,0.03119928664680114,-0.022072248334371436,-0.02326598196905819,0.01613782953429541,0.02385280466886688,0.013322251893249225,-0.00460557886520933,-0.009067652084986756,-0.036815471567613764
AIP,0.8885218673467898,0.029529027064345053,-0.06761017158858845,-0.20354085735141894,0.09612990736974658,-0.12205822734956903,0.05001058455401604,0.02971181707402754,0.005141532767212806,0.0637947810396768,-0.014224507068647056,-0.0036397879387515216,0.0035088513376978843,-0.042176262566902885,0.02101952576759665,0.029201840407331283,0.0022376432132378446,-0.007548852118803909,0.026997772224735393,0.02960147460306632,0.004740977279007831,0.07270793075679659,0.02032478749893374,-0.051634510372738994,-0.015562621703767179,0.014494424150739179,0.04372161964574374,-0.004966941877407049,-0.0163257365073306,0.057957092431778746,0.050207303190191635,-0.0013971752297484456,-0.016134631509934348,-0.02876624940395552,-0.004884574165441147,-0.07154193447819787,0.019345749324311157,0.012717928325530757,-0.018173825172079567,0.02969489146066119,-0.03418396672833706,0.019448410959572143,0.03033649123601582,0.007026523326901726,-0.021008259389114887,-0.02709065457798108,0.04784944285342404,0.011271574195460612,-0.01718424765203673,0.00927199417531448
AIRG,0.8806322401932569,-0.0037403760922829167,-0.1304364190384661,-0.1576348118591509,0.1083902036956935,-0.10030160260805523,0.04703788791115602,-0.05246977864270261,0.08231964580250135,0.0760591692706556,-0.01337955887465417,-0.03151078894041081,-0.019385386731964733,-0.0762535255840859,-6.154388439524416e-05,-0.005172565464552607,0.0018306602050381384,-0.03384408852804665,-0.058022151869477116,0.0017230117820051212,0.04045473746894282,0.02335746033722303,-0.006403074263149369,-0.02140179308692539,-0.025651507571972793,-0.025235485085002514,-0.0161541727632918,0.002509845920562464,0.01954155805285665,0.04746978863678984,0.04590757798457169,-0.012029964959069326,-0.01907246718263163,-0.008053638504949738,0.07379374057227106,0.011293096114353612,-0.0062410675172074595,0.010934750787034967,0.010431049340970156,-0.04709509292253348,-0.024533195125846934,-0.03816560952006447,0.004334437558342545,-0.0011993884822303989,-0.008352535549037457,-0.021236886537576452,-0.016712161084602307,0.017491371220516222,-0.053639076910347826,0.0228268048924545
AIRS,0.8804826552512419,0.09283735555761465,0.04139525355390966,-0.1240859849707794,0.0906674444993233,0.06487089101217595,0.05976209592889973,-0.040565673233700576,-0.08341483395640885,-0.025788326808562616,-0.11644107675662833,-0.009816001522489426,-0.07114079038370895,-0.012682660425321329,-0.04089743566290461,-0.008633857285606568,-0.04276909798906558,0.0231028241158893,-0.02291439006320451,-0.0358621114074649,0.009056709164752813,0.0022036620368287773,0.006226162890203092,0.01854009587589571,-0.012625118877396542,-5.042876968252636e-05,0.0409150232436485,0.029181826108455673,0.04519083095241076,-0.003192265280259169,-0.02173906656587262,-0.028625390621852088,-0.037560539599924184,-0.01764351197780769,-0.021310746964833698,-0.05254464160573277,-0.035453040431392066,-0.013032031261429504,-0.042508562114775224,-0.008662913723069456,0.016967943996520834,-0.004377531880194745,0.03686796939548321,-0.036278832911037964,-0.018789218119369032,-0.04992585070423112,0.05770312986654432,-0.02503785495087276,-0.040030503545896386,-0.05423821777383471
AIRT,0.8154023426873771,-0.1173652838233949,0.05765523638765091,0.03138895455966348,0.08353164201554052,0.0021633020014195856,0.07612893951097609,-0.13862001280900654,-0.049516963147773506,-0.09781214239692125,-0.09327586081011986,0.0005315288152068463,0.0005122008753098237,0.12869757532325113,0.016945885196121502,0.0346504590168155,0.04954833711536906,-0.058403610821364804,0.14684358431732067,0.010658571332099373,0.20512134881286237,0.05213314609201493,0.05973630218209959,0.005008872382072949,0.08139842535617677,-0.06666970654286161,-0.04119296893080136,-0.019208359301669753,-0.042389863035462355,0.011335957229548733,-0.03485051050085105,0.041895861548374054,-0.03663213701515401,0.07330594294395286,0.03542328889507329,-0.0047043058657584465,-0.00144674937945951,0.04799303987669022,-0.018146420476233865,0.024812728114437667,-0.00902225799444327,-0.048428164731642985,0.0023592371147701996,0.04402075445177135,0.046062370460352,-0.05896674660471073,0.009799306759129954,0.0022325812422784954,0.08710106736940322,-0.024514266545661953
AIZ,0.8845057931690076,-0.12302657294381568,0.12440138804389159,-0.07590189691778003,-0.10181419071138866,-0.021823430977866137,-0.03194820461794752,-0.0020177090369788756,-0.001082783118624684,0.03701482930097165,-0.0038542185895358524,0.01588193437667311,-0.05261896710600204,-0.07992630498035838,0.04601673427663059,0.10966777713733165,-0.008440984200399272,-0.0605537841900266,0.010624275154400706,-0.03472876388946616,0.0072711477501291874,0.03819516347291003,0.04646641160273039,-0.04645814753653954,0.026861349197363833,-0.01865987706712577,-0.015542332659515367,-0.03486579311519742,0.047513030629316125,0.01198201193915763,0.04124612725973303,0.017479119988902878,-0.010419414485288712,0.0075787350454830415,-0.006746913403136637,-0.019678888735775706,-0.03564380859111227,0.011068719184147239,0.0372190367297696,-0.014854787191648974,-0.024348931136263414,-0.010043786846802962,-0.0017523034475358586,-0.030469715309676626,-0.029572076946402338,-0.01771573490477241,-0.03605685560475132,0.05421101938695963,0.013508128744797414,0.02108880413893746
AJG,0.8942401926831146,-0.10774020558399046,0.11916507653015311,-0.023278276089547568,-0.020107093846332344,-0.04001312961514094,-0.012707389301189876,0.02652153820682025,-0.04746839465680595,-0.06636676478656896,-0.012742661381890865,0.0038850579165494335,-0.013577628986115847,-0.05378867369222026,0.010275843367599376,0.10233698586557162,0.005321096221072429,-0.05141605346468052,0.05712683539157422,-0.007878587829507564,-0.05573910456404656,-0.014489393926844398,-0.012577850475464787,-0.06079716176255396,-0.006966172701114459,0.049525815644404406,-0.004497690755374139,-0.01710592407456744,0.05348093764990646,-0.08517402442171615,-0.05273645739144244,0.049802972783207985,0.008492049661387143,-0.01778786373846512,-0.008146984194226659,0.00018301359864642116,0.0005774750837184915,-0.01930099466871962,0.0015025939142155537,-0.03613472617884185,-0.0002655220047356391,-0.006374976432206431,-0.009347997454182438,-0.02829322878843505,0.025722485263381875,-0.035417911872208774,0.004693057709408608,0.09236474434735731,0.009057042069528818,0.012333366601686267
AKAM,0.8813280210946898,-0.10456711361451075,-0.05223139923331229,-0.14061564537345603,0.09007169171578264,-0.0014897897541893902,-0.040815644121987765,0.01450165636045667,-0.09170425032517338,-0.08831005045370349,0.06783950531706656,-0.017601549873690142,0.03255797593172887,-0.07618553241369377,0.008967328125508297,-0.08328671666649,0.002686882890652727,0.0007271405625093757,0.005991731130047724,-0.017631808532419448,-0.015534506388898429,0.005480088214467172,-0.012981042590297153,0.007126377588681354,0.016897627615940054,0.019831494209475515,-0.023005252104612125,0.014735788111465009,0.004991806863703355,0.005082001684396451,0.006067803926302998,0.04283065940247957,0.06499770957104858,-0.007280921521979915,-0.0317487029998383,0.014038969601542505,-0.03135106187992506,-0.05706901633955625,-0.024714173975967854,0.018772196075250352,-0.010474740038656491,0.004930987381275863,-0.02156488809417192,-0.004610347291452403,-0.015309435865338838,0.017762379367771624,0.04917258938974698,-0.0030704099632496997,0.001363129320393272,0.026939484975275676
AKBA,0.8307430932197322,0.48080641640898175,0.029221062567640173,0.0076523879954619855,-0.050147280333589485,0.03139585365080273,0.021538274802602148,0.05116686755852968,-0.015503044021872778,0.05154960717663629,-0.03276403662424131,-0.006729739836610082,0.006602275166532565,0.007085433870264058,-0.009549700898024423,0.018702317530271236,0.03795603438730483,-0.0474589621508532,0.015159459306474336,0.0169488088046991,-0.013471335904669823,-0.002473162570786642,0.013244050122026235,0.001676372312309639,0.02560844295826579,0.01601547789823483,-0.05516063247749906,0.025506500202438002,-0.0004336267481324853,0.0053977250576992195,0.018896637376726384,-0.024529378975458142,-0.03162634075382858,-0.009545456454390821,0.007194092124711377,-0.005259133696674999,0.02359199101518231,-0.024449589690071875,0.0035058313266377204,-0.005185479755344998,0.0034511784642221608,0.010291025381370217,0.0022091075642960115,0.013245196887769416,0.010830670225645003,0.012701201920438714,-0.004683943328154605,-0.01832485798408347,-0.012211728524453756,-0.01220466310472977
AKRO,0.7723539505772771,0.3985492234887544,0.09064754375092712,0.07408176788352325,0.050373015693070705,-0.03601342547645167,-0.12998654391214978,0.07075337629732419,0.07198391713859587,-0.08019528637018286,0.03448435136669226,-0.04085504618604903,0.03724987173742376,0.031473461422923635,0.03763352411229812,0.0024284336215696675,0.03735111037005789,-0.026498022063895336,-0.04360370251801619,0.12636758744195678,-0.08056428865603342,0.05539990806259021,-0.010886499742568364,0.05574790550492692,-0.0446895469242617,-0.08531779497256241,0.004966646949084718,0.0005142759649163658,-0.07223261724950283,0.06661513395641276,-0.003427210459037093,0.03505295924612425,-0.0011463767231935614,-0.026378353672870166,0.016611432582222863,-0.02883235134574111,-0.02149435843129958,-0.013957515827258404,0.028965696066553047,0.044328087616854014,0.011143740084752317,-0.005355471943891033,0.018243730556661,-0.056216475948216015,-0.09847618627129211,0.025967723982316525,-0.062481052469044916,0.08546658954818818,0.016675746259217368,-0.04278956701135451
AKTX,0.7464668778188555,0.5400277734255801,0.04478173758334861,0.03957169058422555,0.017061527361233002,-0.015741146493751582,-0.0047618212570726915,-0.033722469378227905,0.03321128749637473,-0.006971830752598535,0.08539457866979656,-0.02580111849823904,0.026358789646934992,0.040243459165426536,-0.03226131023476642,0.043870067026419025,0.016554950273723272,0.0014031692191197793,0.030543049614675508,0.0184797156693264,0.026054715555083638,-0.026950284782071926,0.0007563993363355561,0.013640732935551606,-0.020014165174496588,0.008569960182497146,0.0368862622748096,0.01418892226829761,-0.028547584331739005,0.03095728573160648,0.0004671032904274789,0.038282651492655015,-0.013745805133095859,0.04244704908367616,-0.006749864249132126,-0.0013730785412394467,-0.014339707427796408,-0.01869992049818149,0.026762544400593273,0.05003150593205591,0.010456064291307613,-0.003655682528880616,0.021968102499304896,0.008428021158949753,0.007295871060413867,0.004792508308101465,-0.014165445001580788,-0.036739797324806596,-0.0013768084456130154,0.026607961285876034
AKU,0.8706345165905518,0.06127334477211987,0.07238801440389932,-0.00702060233839501,0.05054151246504036,0.08928720191691428,0.05507767911166742,-0.03797128112672393,-0.12947368678052193,-0.13904332049205362,-0.12909427764891498,0.06455520425202084,-0.09003486039024171,-0.04563571306078684,-0.02959581420732703,-0.03540863832250936,-0.04710715274576346,0.051886447367683546,-0.04373241659554693,0.0245310451100345,-0.010538829402883263,0.06946775117718083,0.027729785122823244,-0.03490951981149209,0.040209539540532004,-0.006759651834701752,0.0385032461469927,0.010228299717493144,-0.05387432545635245,0.03933866812772175,0.06177527571861796,0.028380872926583343,0.014942888598420818,0.01768696873190309,-0.03927409496933724,0.03567487324741209,-0.02584503760580483,0.0556081436064285,-0.024367186294357107,0.0636414008911485,0.023247291892828523,0.03001832675409417,-0.011940318508861247,0.0019576111702548486,-0.046955479713380786,-0.009848833088616553,0.020446654398006546,-0.027188827763709192,-0.05136132285756899,0.04397094550053999
AKUS,0.8081643208802131,0.5326672194792198,0.010262147628696486,-0.003280634543207107,-0.012101048898583724,0.006196594803300411,0.03716376363994424,0.022474518041500347,0.01767940960304761,-0.0036357792179139018,0.0262695091936965,-0.016168737363255668,0.019700185229692215,-0.034187023455624806,-0.019760474386317565,0.013971926815374507,0.029779972174342598,-0.010324390317179417,0.0032946901446376767,-0.00962766459281323,-0.020169491598350252,0.033656038728962605,0.0017506036423860498,0.03090767458819619,-0.003901354083716511,-0.039915600547546934,0.027760777311916132,-0.00851508695872493,-0.012686851242129052,0.03832957061243335,-0.024565700001609826,-0.00905275057429279,-0.01971555239930877,0.023343750126298586,0.01724749753822162,0.0021133238644472875,0.010285966084123478,0.020511526105063748,-0.0011401353113778588,0.002051360771513822,-0.00019395732078253142,0.00340784776580851,-0.012096883872828276,0.0006177688757146847,-0.0026097435557492278,0.014614588477872828,-0.015866168526523762,0.010814560130798725,-0.010392326645321415,0.0027962107995602756
AKYA,0.878512395550785,0.2514498068869016,-0.04631417847929776,-0.138017735439182,0.08240743131698755,-0.05103078310759438,0.02845377252085975,-0.016593954044699922,-0.0029186257890562147,0.03731137894234712,-0.02923190899649328,-0.018852480117350027,-0.01652806755767003,-0.013169779191453006,-0.03589482096616462,0.025264268289355067,-0.028120981446314038,0.06857042066586562,-0.05014353664651542,-0.02423326794891119,0.041615932546151375,0.026614059832300564,-0.05769748855684196,0.008739519535029775,-0.04830856457628434,-0.03242334928885757,0.08504907558625081,-0.03276150214144194,0.04212536989243506,0.00039214553755144476,-0.08479906908852498,0.0002837685455795123,-0.00919708428327461,-0.02325778781534803,0.039640751228557404,-0.020953245612601513,0.04041627958696694,-0.006291774995288974,-0.012505515941836524,-0.04702767956089813,-0.005602995182132367,-0.009744528756311648,0.0013525046467665722,0.0016323613043464527,-0.00721781455146412,-0.015745557267384337,0.03697596912217389,0.01585922253141644,-0.012826392406533788,0.015079646738855597
ALB,0.9032296917027388,-0.09474998894605308,-0.009278604912128369,0.15480675503728286,0.047215366631617864,-0.11026695158471711,0.014015665271719076,0.07900873450717505,-0.034957363884500596,0.04021649929562817,-0.040975412009856535,0.016296391154796655,-0.030876918787490513,0.03139196214704653,-0.03918347470236593,0.04023560207996643,0.02114209563505698,0.03559945443403735,0.005652438626509107,-0.053368064579358006,-0.01991890952306572,0.01745750102680212,0.010980101859910845,0.010443979636324983,0.04574251543051815,0.023861462074676265,-0.041731074101295805,-0.002843311589545572,0.007287591283403705,-0.023644989725009776,-0.03924113399715943,0.052480867130685185,-0.010126349177511042,-0.002705035159902953,-0.021120950882109846,0.003755350890824724,0.008102875561006024,-0.00025142088326554537,0.03032017753669851,0.018066344657399605,0.03281052441781157,0.004206322974871259,0.02692261817298111,-0.02354952510448966,-0.020717241202718777,-0.018316546065131563,-0.022422229776517255,-0.0340095182203886,-0.0037429308967929335,0.011545410825551005
ALBO,0.8034919982912121,0.51909470317433,0.021485041734596245,0.013165569015576622,0.0011623274375003872,0.0014459522934074387,-0.018070150113989283,-0.006598571997772503,0.011168462716299905,0.005927782369518591,0.01131040173284844,-0.035247097201796314,-0.010748799202268778,0.00040974425463706987,-0.00046243939203762267,-0.0045553220992573225,0.0021434043746032813,-0.01372166719505194,0.06521779202628752,-0.028286966636996348,-0.012031380453580098,0.012376672564852208,-0.00944138096569805,0.022332268162372697,0.01299283768381234,-0.022102498068670172,-0.034327739587407424,0.001976899698576526,-0.03063562951367011,-0.01367408490299232,0.04858596981024271,-0.03165515930541018,-0.020295340269691365,0.008068141947625231,0.00018922001084536663,0.01484165302427365,0.001803343481696855,0.007858081982056354,0.04051752795758703,0.011544834738964962,-0.009072130091338473,-0.02119328980719704,0.0014833917836856955,0.026618780425140348,0.01058856515872857,0.010529156576749197,-0.0052488573663265455,0.005181619268777801,-0.00508687940948971,0.001653032355424647
ALCO,0.840332900275784,-0.10960034511598102,0.0347539411964838,0.1071868714531974,0.08930917913789564,0.07592147395801206,0.02681475294394765,-0.11772749994243528,0.014568901771551963,-0.0315035169520238,-0.024882346624527173,0.023251664607221306,0.036348928166770336,0.039002942168585304,0.029640039248312787,0.025342927717522373,0.03991677531848964,0.02728842285333722,0.05179967060553072,0.020538987952347484,-0.06438553859112786,-0.05693672322549799,-0.013620018104848006,-0.04655333233587329,0.01765267043323613,0.061916774613504894,-0.021174289356273177,-0.06062026197541098,-0.03134846871110573,0.024813217609464616,-0.027649991468893666,0.060825694138693806,0.05646362287841555,0.06131534725770687,0.03482006178112232,0.03208389675241282,-0.011626040857429867,0.028272802591012718,-0.014790046700986924,-0.023004083466243924,0.04670165085962663,-0.06834360568088893,-0.11733938482146163,-0.05833369357958271,0.038562508060549575,-0.047268999813997965,-0.007476489740987427,-0.0705565157389416,-0.05888044244641236,-0.012453836162656145
ALDX,0.8179099260346587,0.5109173411809543,0.01927264007948339,0.0033821065302125355,-0.0005653100721302548,0.008943471361513527,0.032661763644277766,-0.020833764067347393,0.009073896691541166,0.015049112893577084,0.013333747242780396,-0.01615919253567561,-0.0008908469319084391,-0.011143170948326559,-0.022834541276635555,0.027850597642741236,0.016672338358225628,-0.03851677186566047,0.03962915921175595,-0.011352202849170979,0.00334944889860663,-0.018644129356684937,0.0026006042114642114,0.010689694421047896,0.0018603349273989362,0.007022203730700309,-0.011514504406700288,-0.01697413009807316,-0.00888883605305345,-0.002124928357810844,0.030717097078925136,-0.014397409972859666,-0.018231333756992613,-0.00782140691303781,-0.0034699207516074937,0.0006572943255305721,-0.03288585772987485,-0.014128651896403192,0.018009634003699284,-0.012848240136391907,-0.006007843902523815,0.011963316807200912,0.00632513920886053,-0.009686085391565442,-0.005525061982023352,-0.0020940630693821495,0.009562768284325732,0.025603742330246183,-0.004532585446217643,-0.0016204862703489416
ALEC,0.8002567622672812,0.5429312052254643,0.005950663678273345,0.0042507151182688396,-0.0023898287924703087,0.014072918633239237,0.04318743867680385,-0.00036506558273024896,0.019277758604642592,0.003956556977212812,0.054936519534041224,-0.02752780289997248,0.016969000823850198,-0.03288933152530038,-0.024663113867749567,0.02973887592285753,0.031749025421172396,-0.02312076423640107,0.008436011946332773,-0.03609674848847345,-0.008835544720474237,-0.007508899551884935,-0.006210422700113493,0.013899884614989248,0.019686051803667826,-0.021301527040684835,0.037116172476845594,0.003432030962014697,0.00660678427642537,0.026805823066884553,-0.0277759462506755,0.01570334821341123,-0.003647445486466697,0.014251027842173908,0.00540194053511049,-0.003950062355750216,0.0011477402646811368,-0.016712262955737314,0.001194393827886591,-0.001741413914722419,0.010213931063492705,-0.017364834948251126,0.004986197638569598,-0.012539368003748415,-0.0018717091986464967,-0.006683187467598309,0.0006816309308604509,-0.006536101779995622,-0.016490498206528335,-0.017929358329364018
ALGM,0.8999546709770574,-0.05535957536930035,-0.10796987416472201,-0.046194151026801425,0.13946612118255625,-0.10629623257068345,0.009310603082425786,0.06981616642577122,0.058022484972152455,0.02902225611695484,-0.09641458998792655,0.01769350762817044,-0.03319558834763586,-0.03899024187962247,-0.10452941892198149,0.03891479216272242,0.00794616118266954,0.007569578685623561,0.04071950723350964,0.005488085674146383,0.03699493135055614,0.06259429204398904,-0.006195569573342257,0.042670348986526184,0.02201692424415301,0.0463241609504906,-0.028914522520087686,0.030313691690613008,0.0016459209686492046,0.021220956110769944,0.014358793850445072,-0.03883737134017641,0.007941877608513611,-0.003531069681327397,0.016997719928332936,-0.08518580923962968,-0.05508910755828797,-0.0530076011020259,-0.007504214784403635,-0.005359607733622901,-0.0028922928966097616,-0.036572338941084095,-0.026333672772012776,-0.0235190900752405,0.016808694986917713,0.015796304089120024,0.038268726757079805,-0.006624933584385133,0.01736563298592052,0.00753130474439455
ALGN,0.8942246459062282,0.035230710483623084,-0.17024305644839888,-0.06611895297240607,-0.04699650181433988,-0.020430029552949334,0.012509443444795596,0.04996712247315826,0.03059385350258491,-0.01993356278659699,-0.015959852249864216,0.021615737464123513,-0.042443322578668605,-0.03552938282085405,0.026616905637961128,-0.0647632781255056,-0.016759977921877504,0.04252277286864795,-0.03104438829789369,0.012509351920375316,-0.023766844012412316,0.014832567922405563,-0.08806942402148918,-0.051579599938092614,0.009258844551436878,-0.047529100510269734,-0.05959282248894952,-0.008570300033847582,0.043322722422507065,-0.01078747369682236,0.015458377030666154,-0.006449926062462564,-0.02954252564193306,0.00019921752305442785,-0.011240599603934065,-0.003206725682363527,-0.05500583068980989,-0.0004470389919255568,-0.021853930468381823,0.01159642987441402,-0.004121804696202748,-0.0022661996425876072,0.039901056252699005,-0.008705916178953499,-0.0026263408996930193,-0.020908484301350193,0.032108119285313,0.018875442005224948,-0.005248344098657427,-0.0016879784119149548
ALGS,0.8234818834986051,0.5014777732703132,0.01942926372981795,-0.02249635199005395,0.007314575734701374,0.01777429944331843,0.027649320983720957,0.021775496666268747,0.019177767056734882,0.009047487413093415,0.018563097461261883,-0.008974403234993203,0.031194573320728954,-0.006161816832310973,-0.007882491513758253,0.04516100532834795,0.028953866785603685,-0.004402994021834665,0.026856270095650277,-0.002165439881021694,-0.00673546037139406,0.011408366698824697,0.010653303341997006,0.0008380157326117738,0.006082065431525238,-0.01746185137191819,0.0131380989362573,-0.01576605830948997,0.016829843238198926,0.027492264114345952,0.009118983386993742,0.009230747339768175,-0.007216423845828732,-0.009736050587792058,0.004811148810412147,-0.024297474466063073,0.006413061647580731,-0.014403702475565399,-0.0011793664078293417,-0.019538890514893575,-0.009489483461778131,-0.005170894286990191,-0.01579322607820422,-0.002181301288875108,-0.01250679964201594,-0.00023279372321839253,0.015302797579683024,0.01150291784223772,-0.016262066939457795,-0.0015556832452093146
ALGT,0.8403577360454003,-0.08252972278449129,0.050136552968392395,0.04581309555415621,0.07807869344320276,0.05820878094235945,0.16891413267003813,-0.002692545642862408,0.009036476826400545,-0.07671705600236597,0.0044285657986844335,-0.07733391365474296,-0.005803322680677949,0.01127601524178194,0.0852349678788663,-0.09062211235030063,0.10431295089869493,-0.022845439960836555,0.05306194144678485,0.05565469200123409,0.17156634419687591,-0.04945637923480938,-0.08227152590389936,-0.09098865805327708,-0.018240300944193825,-0.06779998320463061,0.011263069563923221,0.01697559215916461,0.05819051615839276,-0.029866562154464583,-0.03293811261633596,-0.06466454234491222,-0.04929015101560243,-0.03935596440285642,-0.04257233337306659,-0.013052107376259654,-0.013282446554918396,0.059955890735847846,0.029351906341724493,0.03800254895937292,-0.011478745124116643,-0.027628491526035328,-0.017870473603102302,0.01980310548938702,0.03326027535471863,0.02581669569498353,-0.005537633289982665,-0.03947844562121984,0.030285600940931124,0.014113597173096851
ALIM,0.8376347016624068,0.36009950180818573,0.01413625003627089,0.007706127228028097,0.08001712678315252,-0.023113941599308508,-0.05456191520930165,-0.053714121211018866,0.016458382428620712,-0.004392863079023937,-0.04460935611345425,-0.0064271367415201595,-0.0453268869425751,0.027392266455123514,0.03244886613335624,-0.018640866738283333,-0.0601841945701033,0.025666758759735352,0.042006607691691025,-0.011012742918972999,0.012642036861350963,0.013387383096337734,-0.045304393664563083,0.047707973760562836,0.0007800752201212006,0.0018466020756471601,-0.006758249989953908,-0.007697293595694271,0.0016545915781105848,-0.08131708857978077,0.0012419919358629648,-0.0689265221872313,0.01937338501544056,-0.05993596580535738,0.004277947876877237,0.004569939683233667,0.02470027873821618,0.030031488869455003,0.04704515162092828,-0.008121686161328912,0.0005931782498303325,-0.004374430664075226,-0.01988034499292171,0.03628750093339254,-0.005112459565136519,-0.038183920875004794,0.014206994259189726,0.01175322758840267,0.0016320227654432339,0.018172742901728888
ALK,0.8245149003806307,-0.1461341970014861,0.02085984695265917,0.11412812023059948,0.0375904809343252,0.057510650145455554,0.13303929283676408,0.10703578166083863,0.014081571309963448,-0.10959023420661262,0.0421449238823306,-0.10509841980772003,-0.06332669407809226,0.01154790717342428,0.10676799191055504,-0.08296066876241481,0.11689889012697659,0.01137604396692326,0.06383752183117737,0.05071122909857567,0.16523272896479282,0.013601272200148281,-0.02851412391186931,-0.07294361880719119,0.025494038653095522,-0.04086135913139738,0.05056961552910838,0.006633170486175033,0.07613022686382107,-0.018081950249027052,0.011757582640039864,-0.026764651366366507,-0.0404769620772489,-0.04342336194917892,0.0256156733303999,-0.01572183871154822,-0.06804532881788454,-0.02278406203114383,0.0018808234987884248,-0.047559968232825114,-0.019230244648445402,0.015649128856141996,-0.021411974106366707,0.03345143294905929,0.008317553952002222,-0.0183419531097838,-0.008728716545954944,0.019639223523378668,-0.022270146248857925,-0.022407987868314383
ALKS,0.8540932630618382,0.3608842711038165,-0.007345406699038665,0.0494858438241841,-0.03789990769193391,0.005508294139084768,-0.04849552775665536,-0.026872006343327776,-0.024824409342724847,0.004717884547329734,-0.02663935143674687,0.02003376295986606,-0.0030268681780988176,0.005210340534719215,0.04010536058497939,-0.04332916101705253,-0.006888108934186688,-0.026434807192983894,-0.004951552937108573,0.00601012372445827,-0.03653976579792957,0.003544191072299019,-0.004869167169443538,0.038602847349009595,0.01218226795085116,-0.002404575340606932,-0.0013658583326099799,0.016802721078634248,-0.03503809851892881,-0.03829607899791585,-0.00028854046676374874,0.00517988284810666,0.03703603086112603,-0.0192205710990577,-0.02485294666088415,0.005208227693898906,0.021842648834804072,0.031995962953118934,0.016395309393849682,0.01094701941434788,-0.009789221962979346,0.022592864535207056,0.070317663678729,0.037789305911221684,0.04890693417033826,-0.004806366790842462,0.01580796790575267,-0.0366630546661088,0.01771366779592793,0.01569894124382221
ALKT,0.876345140810651,-0.028612533560292284,0.048816173554044086,-0.2835353882001445,0.08642751101772954,0.0024463847295939506,-0.006891294921726651,-0.020640842074281872,-0.0190960350186222,-0.055827744841470794,-0.030552968465974283,-0.07191769966759747,0.047587506330496146,-0.01897073818768507,-0.07287602023418084,-0.008665269349021312,-0.010512475934192524,0.020783683216421156,-0.04075392877425762,-0.04162868395743964,0.0035093280474813105,-0.00470791668267751,-0.0403811094566927,-0.01044788550595487,-0.01380907026609328,-0.03554455072539597,-0.001326867973605872,0.0033114255522118793,0.06272432028246806,-0.058574326157196065,-0.021105731835158157,0.01285624162051021,0.01131486121296088,-0.020289956841134268,0.005840637475842032,-0.03202516664713519,-0.022353461750670052,0.02579786588850005,0.014649114327641466,-0.051784397588090766,0.016629874498803127,-0.046406760245406256,0.04132455453460268,-0.03508796882356335,0.008616244903987491,-0.007974668209577367,-0.004174727051221414,0.03694654417748114,-0.018836102555806294,-0.03579848067728112
ALL,0.8785150886906646,-0.13318242668014768,0.18591777111294966,0.03311484970910574,-0.11960699837287514,-0.03134528793344694,-0.07017184526010077,0.052095630133042116,0.0659875811699645,0.005870058379030884,0.027596934323933512,-0.032024016336456844,-0.06521118695256811,-0.08581287609397088,0.11151065913515425,0.10212345422261813,-0.0202894052434252,-0.04067358773744162,-0.07734490318495352,-0.03358380933512217,0.02783166922451441,0.032965123818219796,0.01255824803621914,0.0006178426195153088,0.019283086902210932,0.004361097282536988,0.016606841349605383,-0.050072934304163194,0.04671554438138175,0.012010223711970957,0.006990041919162559,-0.00244239091304247,-0.012678648917159632,0.005035402237032653,0.007458742295907386,-0.0033552358680327796,0.021665264933416657,-0.03912087585445675,-0.017488333810280178,0.009313216598345223,0.014152819548103969,0.026881858849517704,-0.02446074672200899,-0.009202067753597892,0.0011702465060185814,0.009144134880185648,-0.00744536646859358,0.016943778831736367,0.003154211371487568,0.011462956591780673
ALLE,0.8372298330926082,-0.062401405961276406,-0.16230815961850822,-0.08866301513924733,-0.13450035846412178,0.032261162136665945,0.15576000621096028,-0.022098388263298584,-0.04456569157960554,0.12256994079497502,0.0351301349903982,0.037376009814193874,-0.02511919029841953,-0.01619180354238371,-0.015152812911928699,0.016839879299549353,0.043352431975966874,0.03461862535896604,-0.09603040885113176,0.02180363193686704,-0.05560268244325751,-0.07440409309098989,0.005849021916986066,0.0026514958714108604,0.03087560888073339,-0.026432434134966994,-0.007969954294799122,0.030721194550402942,-0.037039571008915695,-0.04184217322260206,0.018042573431740077,0.017603039263411856,-0.023824707474961977,-0.0022973285229663937,-0.0003143859988026165,0.007902521940254197,0.01456567425058766,-0.03103772816255142,0.05001731600609865,0.03897368393241429,-0.006759826931747633,-0.04313267604900047,0.042696281833084174,0.03146248175694821,0.039962508174904134,-0.05115162403039592,0.0010140632335944818,-0.04844685729249483,0.026733642001467224,-0.02221882160264469
ALLK,0.8061848127206985,0.5301956912228957,0.019052637217828426,0.03305977903323642,0.007391366084795799,0.012144319768844962,0.01814932644005212,0.009045835396135331,0.03691301966550493,-0.021359187828934232,0.05286391265135085,-0.026081125078122706,0.017439829828669137,-0.023344731411811325,-0.009743560773649773,0.008830534673846152,0.030762202051332416,-0.01704103813785555,0.02752879275171598,-0.025058483512485075,-0.014182331321115755,-0.009401303824639507,-0.0026408756771769144,0.018191939299430776,0.02217576852804782,-0.012416876205620745,0.021725429922368727,0.004957706708212597,-0.00041390778619922885,0.027679223496086786,-0.015730077472820837,0.01220203131625425,0.0013727401095303237,0.013089226580250218,0.0081668739990657,-0.00596035874105431,-0.013592503322643787,0.0027552269174833327,-0.007346823735644575,-0.008212748573386965,0.0011064470675927886,0.0066983126623983424,0.008195269251964697,-0.016892897981832338,-0.01092955176731575,-0.010989954977748606,0.005198044324194232,0.006943562745964455,0.00593419560548133,-0.016360687360007967
ALLO,0.8156564871764558,0.5006076748771873,-0.0056850484172610615,0.019006469401257678,-0.010750351510093495,0.007466295741847073,0.0479819693902456,0.052042827458347256,0.0337878129376887,-0.02254298793834378,0.05056416245274058,0.014715482201716949,-0.0030519012331383802,-0.027725580989374513,-0.04362035646927615,0.014993327499796384,0.007281865921285682,0.0041496127258984754,-0.01837760279793076,-0.035885929355022744,-0.016406804568803085,0.025044425190418242,0.014396466889080984,-0.00901837128750401,0.02386701820360765,-0.05685510315502846,0.041622150054698756,0.00457126742431722,-0.019146508577681347,0.05922666520453293,-0.045475872606939596,0.027057624780776602,-0.0012231211717752062,-0.002922943878060513,0.018861408393219682,-0.010613005642859098,0.0002464320511739033,0.005101592129232548,-0.02503568568229161,-0.013554946334815483,-0.002020170435351761,-0.00036301407161831744,-0.010510888519124328,-0.013304423212555221,-0.021752595005576882,-0.008840884889736786,0.011245070182007526,-0.0069073060872883365,0.012301395550575557,-0.0031607460469007783
ALNY,0.8134738425846845,0.4933962388952358,0.019663803229491416,0.032180639729327436,-0.049923212264134396,0.023969050449918487,0.009322794214239672,0.029816462762188155,0.0029236833680067447,0.004377224725762825,0.02714081941074704,0.0030240973002717214,0.0074839164503850975,-0.008592777075493234,-0.007138488387758823,-0.027665587744899172,0.056480209408480656,-0.04511008436814474,0.01306607858999121,-0.02553860385128368,-0.011854310129343515,0.008184684826364998,0.004199876281488774,0.01959314917482076,-0.01051100992254147,-0.0002176571839564641,-0.038760334618932114,0.005072061292265105,-0.017755051497277834,-0.011027109985883955,-0.019460781668572204,-0.03508198731634519,0.008985167493915983,0.0012236360814167767,0.014117575191132572,-0.014910215527945941,0.011655969537934303,0.000791312780037219,0.002160907102001157,-0.008283310462514747,-0.004551748839961577,-0.004641544325572364,-0.014295300097235886,0.002343786129624837,0.0007598304958516184,0.018596372681383075,0.007418210269233156,-0.02858628720217157,-0.013828163349527455,-0.022860028008501867
AMD,0.8744977130600162,-0.05978532193231083,-0.191267086223852,-0.1162938078031918,0.049796887598109955,-0.06324801593939673,0.017958673617975564,-0.021837731890450376,0.015590280776077495,0.09577478955459118,-0.01110778134932772,0.038175714665310174,0.034923148423684915,-0.028202860853545706,0.04165604755541194,-0.01347110066121236,0.01042837323881027,-0.047125956030249945,0.020395172868318764,-0.04455784994707084,-0.034462134341147733,-0.015724823082086958,0.018176121050706952,-0.06523162387405063,0.02698196207992876,0.05980152661363678,0.021318443661303945,0.06943856152900404,-0.05832032662340893,0.02516391702063486,-0.021915047754996184,0.008542374019066254,0.015534763574683343,-0.051653718302153505,-0.03152804755059359,0.01820887667357727,-0.04046783373215264,0.07095925336763015,0.012820052686459714,-0.025086174617197747,0.007158377741891921,0.03509311382701054,-0.0128204629596714,0.008024166879335763,0.021295604773634125,0.0413243502961253,-0.012417429780781019,0.021064068868127832,-0.0009647971755593885,0.015163994609132408
AME,0.8346465689761858,-0.11632758634171392,-0.17943360758482568,0.11715497465083191,0.010513403371190888,-0.09666261915882739,0.004550127470717367,-0.11863424543716597,-0.06820919041695861,-0.036590591955736794,0.00012943305131485946,-0.00649312510400777,-0.04804211110092818,0.002613145083502663,-0.05998048354082301,0.003538407049802333,0.1102067614720177,-0.032959041035575246,-0.052174683045583044,-0.032239585938750544,0.019067437074119713,-0.05014268039806817,0.026353760905931896,0.07302244724914063,0.002632310552859042,0.05117980617120351,0.020816458171646526,-0.02220415394202937,0.03715451682904156,0.0014251133054414599,0.015299546906319711,-0.02286911515885834,-0.08034514808229754,-0.050634495784546894,0.043783134836489476,0.003029163219913989,-0.02584860453512296,0.030922526017260726,-0.018477276359898986,0.007788742677787607,-0.024974165057547744,0.009470145533274998,0.017321234688713896,-0.025785485236551497,0.013325667255209998,-0.010845126980978151,-0.013091581952461948,-0.051524619936810595,0.04590854398332522,-0.08723379994319717
AMGN,0.8608867359464636,0.33229602281822646,-0.04556003311936844,0.10223032262906412,-0.12694126057198918,-0.015421833761625951,0.005506796278056366,0.09520562798817361,0.029379811712345837,-0.0015479220643095134,-0.00247265540665312,0.059403557845731966,-0.03174420283024861,0.003087589554993175,0.013407203471928081,-0.06399774916140936,-0.01862379209259141,-0.05216614578866091,-0.0017431151201260956,0.010610520624905946,0.007856415150878357,-0.010299407502689144,-0.0098673709931145,-0.008451843700746342,-0.014260477183912986,-0.0013465105938574385,-0.04409541892488781,0.010174745294721926,0.02749139681646946,-0.0225355106970145,-0.011302640682148255,0.012126451209893167,0.025748783876419684,0.019932603945286655,-0.0021104273245655357,-0.037286330154616465,0.019011840062259956,-0.00018778962880698017,-0.004483352892790383,-0.002687896504261122,0.01822794539305627,-0.03250388893978091,0.018764000158052435,-0.027159404975716117,-0.012078170622473955,0.014881653826978543,-0.01211699735014539,-0.019862135119767834,0.023469751910990756,-0.018149693305719465
AMP,0.8299536046215488,-0.08554735932266433,0.19115162716043177,-0.15700184125490296,-0.26159612215681627,-0.0545703775279748,0.05650107408129261,-0.075641864132163,-0.02186285008534671,0.05386270150878186,-0.012106933979545723,-0.01043030081065916,-0.03229406911258918,0.02990710836753092,0.017901627217196316,0.13025395570442583,-0.03316620183627625,-0.05041103238181903,0.013775210943268798,-0.013872675707173852,0.03013603507637065,0.016324776408772106,-0.012453795776091514,-0.006083380731406559,-0.015104462701570226,0.014060099999320654,-0.001188344490287652,0.051721869489502886,0.003621178312411593,-0.023505260025412585,-0.03625520720864928,-0.008510817754090088,0.008397723186856073,0.02894745477161053,-0.013221916063384017,0.038670797952231814,-0.04331054059724675,-0.008886318182961464,-0.03442686995654541,0.025320315714082907,-0.01764240295999449,-0.020862089601473514,0.033585452948200444,0.010473441004534335,-0.042900529899985995,-0.023894415604819058,9.522146070545229e-05,-0.026926563565307617,-0.003053107960209531,-0.03749522048013944
AMT,0.8481624948172395,-0.14193193606173465,0.11384048739945397,0.028954194539846205,0.18427642235199454,0.025484059456491508,0.03421029861287529,-0.014030905451092625,-0.06790100374907919,0.004881581017340462,0.097630910306855,0.20032459546040707,-0.039343456113536096,0.018777568854619713,-0.016382554640186328,-0.02820611027999998,0.014622741602223384,-0.09863055117318509,-0.02626058582036741,-0.03929017334316577,0.04048202643960284,-0.03393302457035047,-0.008162373676153528,0.0479182445405849,-0.038533988071307,-0.05354859913212608,-0.04247002608903313,0.05421634617559359,0.055601701557465015,0.0039057277396900023,0.027990825047603828,0.023283472383834346,0.019605665644357808,0.062011663047831914,-0.020576287455309997,-0.0004061526482427324,0.029975978727842488,0.022921846033966912,-0.007642278967209605,-0.0008774096961841407,-0.026210134990466594,0.0639440907379885,-0.001754277616718686,-0.048177392868623554,-0.04680147725044229,-0.024633620689334463,-0.02860938737746571,0.00998170365729562,-0.04664974198985506,-0.008748339123651491
AMZN,0.8227765775094023,-0.14260368565266693,-0.1576766363410516,-0.08244771715898351,-0.006520789963200767,0.05756867206494444,-0.026028038355778754,0.04131094489732069,0.027034700839962553,-0.013347767642407,0.08147365470763347,-0.07466867155826022,-0.07022498783023803,0.004776835725431542,0.007342382391279445,-0.09565709537197896,-0.1255762971079689,-0.02756562461918687,0.10716181321945356,0.03839403161801743,0.03154712915882029,0.031333645444413326,0.038697073328959254,0.03453746240371104,9.482730629901221e-05,0.0039073284975359775,0.071897900778238,-0.01997631486416752,-0.036819802585220225,-0.019407741017503914,-0.02260166048229003,0.06475457318062333,-0.14935421450490996,0.09244916621870486,-0.03798165361252525,0.0027084102384637896,0.02184508389728286,0.004376621376747357,0.055817106090481856,0.03372117948099705,0.037162407739978705,0.07271976916088171,0.04789679794801368,0.03607335548264457,-0.02339063134480123,-0.10925091571914328,0.019599098350435145,0.004652529770152652,-0.018236160336457318,-0.03386750711874107
ANET,0.8909075975492268,-0.02032547163373183,-0.1573218596721476,-0.21049456181321147,0.03684790276645159,-0.06603024920708714,0.03796944494968289,-0.04987872307421336,0.024581590987465714,0.04348975625907826,-0.003709448677734803,0.006653041701809336,0.023217254322947682,-0.06672966219983252,0.027247229302485684,-0.022782201668209982,-0.032651779094395636,-0.027908239389267935,0.029277598934228447,0.012889588593796075,-0.025587569439327315,0.033788870949625266,-0.04972443708108256,-0.03245992441031913,0.003752829965385244,-0.04202731619362293,-0.027680846739293746,0.0012879719291846415,0.02665488172006999,0.01755249552366716,-0.006171684855342384,0.004001570561804264,0.011327523771642681,-0.03601689698293868,0.05775008914538524,0.0498398374475881,0.03343518640368242,-0.0024066014365003584,-0.004332018757917916,-0.051974926872757815,-0.006833059408360592,-0.004000687273204244,0.019672394217255106,-0.023051155323497212,-0.03842411357916042,-0.05466746273128392,-0.012773143191204858,0.008989256611644132,-0.032759997472932616,-0.01154647646022001
ANSS,0.8782219305300119,-0.0881348170813492,-0.11655963485188225,-0.1327222416616816,0.028618969465582133,-0.08013073170525901,-0.016717105340002564,-0.00010617961442097121,-0.010330721079075011,-0.06587420882440961,0.08486024138980784,0.00265891669364976,0.024392178629470032,-0.09523750403067233,-0.011588328849417242,-0.04261357796663736,0.055233695377470464,-0.016754819398799504,-0.05401406573172477,-0.0011123363873067798,0.034288116390619794,0.032331845729661274,0.01142435938012874,0.05292310624204329,-0.012997992148162302,0.04758809763620465,-0.0651283069638921,-0.033828422063109945,-0.08851771139171356,-0.03132788308659043,-0.009083950196316372,-0.004000704628400637,-0.017662454271613517,-0.0030232378828150787,0.05758132041162954,-0.03463626875012345,0.012481528100614838,0.006281982588715727,-0.031487470823380166,0.03367544498824241,-0.045276409732150164,-0.0312721758526576,-0.01625569823535642,0.0381440678877913,-0.0013521218355138091,-0.03231545966890616,-0.0014851378684167006,-0.05034557284699796,0.009455688998627122,-0.03288438221009317
AON,0.8764940262643027,-0.13068122803766063,0.1112925414259806,-0.0548366267594621,-0.08173290496871512,-0.05875381805136653,-0.07001865576362824,0.01314895769420313,-0.1269378935115187,-0.09138792002816731,0.018371277068794104,-0.006848108188956294,0.009384078490794987,-0.03373758915407091,0.02686115012758248,0.11789580223048324,0.013873386937073103,-0.07734358067465318,0.019365652117367908,-0.010576596406356395,-0.025744286221903855,0.0016326857231756002,0.01465832276141506,-0.05251236514520132,-0.0067970783276679846,0.02173965223019081,0.036718299312531504,0.023211960545799937,0.04148337617730306,-0.09521393049102368,-0.03481965585603145,0.06802217985074145,-0.00015244289673386146,0.022752805333850757,-0.04306326195420259,0.028741832900982246,0.008861413535499834,0.006772029790556746,-0.0018282029655997001,-0.03421113418029086,0.0385134566840423,-0.024435534790691056,0.0061993741644798305,0.00729393940667887,0.00818107153743763,-0.07616074324920016,-0.0193870230832587,0.02914102767191982,-0.0058076876353436975,0.009216291293587028
APD,0.8344329770146124,-0.16528237236123555,-0.09167347492601759,0.193387677712152,0.03165678820043821,-0.09910877234015197,-0.03491289952764536,0.046950105065201954,-0.11611206474465195,-0.08796065906732284,0.03740072950734531,0.007395438258483455,0.0585175372711152,0.036138566096291416,-0.06476374150042576,0.019684973111926678,-0.0016524333138559413,0.07497245864985723,0.08751019530263149,-0.022196922754120364,-0.002096487073016592,0.07025812509562053,0.03139551575258736,0.035279095414747455,0.1104375548054815,0.02656631296357726,-0.009588714724765714,0.032465706676304384,-0.0013452621892303535,0.07639879144426617,-0.022689565253550786,-0.01956784194818232,0.025562166048112747,0.011018682858280995,-0.05485879722535068,-0.03673156515321028,0.025209419853466752,-0.04440634750418422,0.013962926988222673,0.06652000036451246,0.02747793384147957,0.03790196439429896,0.012139217112921237,-0.038526569923646156,0.03528735937055689,-0.035387817921263595,-0.05898019010629355,0.021999044739827694,0.036759238463020955,0.03208782110173255
APH,0.8801253664851251,-0.11483123963208508,-0.11374400317577461,0.06545114977937593,0.02062928826191564,-0.05083500296201765,-0.02181796747841635,-0.03381181834320386,-0.05695639098357885,0.014951823119616894,-0.014949506106259194,0.021935616767014186,-0.017776029786009284,-0.03042243883716617,-0.0261050999200433,-0.02132501882260764,0.06481011869236453,-0.05989820139344025,-0.013417000749548026,0.0586304163107211,-0.02981917492088252,-0.010718514425261257,0.0730961125760905,0.08456176256846999,-0.010242339638742057,0.03715000475891089,0.01226150047359618,0.005615751292329091,0.030609428048769084,-0.05435129584742865,0.014859793442449616,-0.03325764710533904,0.0017373248972937755,0.010418862300054576,0.08829995161311709,0.014806091008143549,-0.0013497597506041746,0.02061455017710575,0.044104803129235315,-0.023497560241693048,-0.023797653515330676,-0.021463552541309265,-0.07448178454216121,-0.049429001778619946,-0.003064536764949365,-0.0013729170223600973,0.026566458240534687,-0.03764727535152632,0.01283558985190477,-0.024139237489431583
APTV,0.8940583563898381,-0.11025470668432615,-0.1054018804414897,0.0944236004056018,0.03226649013742305,-0.11161412352335334,0.023628353181863286,0.10888120690976878,0.014865885598680146,0.0489799348382662,-0.046474211116204235,0.02129866563174478,-0.07556341554910374,-0.013017007528355322,-0.03911725667209105,0.03295135474583938,0.04766684830516571,-0.010168347584752113,0.007593751761116727,-0.04295062286774381,0.014674784956517277,-0.014387155107889824,0.04578625896284273,-0.025835552524716317,-0.029265834422384104,0.0064300059771992294,-0.0020642586592872886,-0.03551315088670397,-0.038788084196852125,-0.023063192338399728,0.028727802409115433,-0.010410043861423274,0.036697733556455635,0.0016067824072169105,0.007477547573097996,-0.018381806805266354,-0.05243285947722161,-0.013881412924747642,-0.015231703473185036,0.019626663028108386,-0.03651561154397702,0.00728379933678084,0.036484538124635424,-0.015258878235222918,0.005748893216192217,0.05111013685589499,-0.026465454124056074,-0.016640984308732454,-0.015357977162818533,0.01814428575947488
ARE,0.8957667549259719,0.05232866879136807,0.16172733363588998,0.08329425488992925,0.04162748974404166,0.008486368635363346,0.0546680145169427,0.043606286384970265,-0.01330780565923538,0.07263650056141227,0.05501634095928758,0.16294978983807518,-0.0282361806632007,0.01400988692954324,-0.08432557656921282,-0.025766908980556148,0.013179547578979114,0.05445450018728231,-0.03472728953375611,0.02564973126008481,0.0042256197490515,0.0580301947000659,-0.015412594072434848,-0.025269655728835803,0.012618538276639543,-0.0015375276300735052,-0.07176298709199944,-0.0189494933021049,0.04118126261332247,-0.03367120372500536,0.006084769807114775,0.016668017758645702,-0.02048058206329598,-0.012921600009686588,0.009239871601820222,0.021241332138647175,0.0019428223697526335,0.0075814316855035025,-0.009846378068796787,-0.004808827536089742,0.013983389558015258,-0.04875215016813722,-0.011091547755109196,-0.047285607306342486,-0.01565541432350269,-0.010530638797814042,-0.00326490738679711,0.0010458229413455077,0.02181089074944233,-0.03264313036280883
ATO,0.7859365791314563,-0.15849639309348107,0.04925736376887309,0.20604873596653558,-0.0032653878205757157,0.034377788972267474,0.08587447857551993,-0.0802184475610036,0.03399408306732481,-0.15685615113950357,-0.040718973313829614,0.0044026746963578885,0.2459014574194747,0.005970031998572495,0.039655233026703054,0.043775802396264,-0.07269591634314994,0.011585677921807178,0.0054593933306977815,0.0025221267681017658,-0.08086741668162216,0.016567805394117528,-0.04091467018542003,0.07848415084659266,-0.001477772397078247,0.04227617385546647,0.04327280815018954,-0.035402840827700253,0.023530317713027195,0.027154724781543054,0.0006831711190486175,-0.01774464025734655,-0.0336759410512087,0.08296566636161044,0.052316755034299056,0.002693518743185943,0.033240566621904694,0.05470722547910851,0.02280791376558348,0.016767616671385425,0.005561108099141042,-0.10082978125649028,-0.05130829712039482,0.0083642035587567,-0.012868564997882723,-0.024462432880706868,0.01902775801440009,0.00615271364162447,-0.058340716479084974,-0.031073012306927966
ATVI,0.8855424264865327,-0.063678493775811,-0.06796088522188969,-0.12769430985298363,0.008383889456241434,0.0329276100775456,-0.01896720714754475,0.10259129255356643,0.00306582998138766,0.04374915082373897,0.056363280429960666,-0.07404931113527177,-0.006019092951376473,0.02520231698270064,0.11183583326443844,-0.05733191086551106,-0.07423466538691519,-0.028739770344327252,0.015051206952821066,-0.031069108913160698,-0.03281432958342607,-0.001271469726230323,0.06872866043733313,-0.0034788034908877093,0.05504681286119407,-0.0054413787841086575,-0.045486277388428774,-0.04074748764636063,-0.03227666948919457,0.011080514159781823,-0.0011467347667748293,-0.026611926125500028,0.02631440264271457,-0.047119566187064796,0.015235131433167893,-0.017030024647058505,-0.013640151594956818,0.05948648374096404,-0.00523581294713686,-0.021435966905157318,-0.0325668210533186,-0.03114951062111972,0.004401938557233698,-0.0028680589676760883,0.03555737545278597,-0.03914035492334815,-0.014342754850621628,0.0029513775490441247,-0.00606009798080615,-0.012581020729533076
AVB,0.8054854215918119,-0.12674108573288273,0.2270252644890311,0.07687462042195481,0.1813969783019,0.09398488236491252,0.04817159203032817,-0.08355854065082034,0.03058051400719059,0.07389571818206356,0.17655998885933,0.19784247900082874,-0.04686293490358742,-0.0029750712017786608,0.0033279950414636904,0.02783904275318188,-0.057230264918217935,0.048952784900065494,-0.002895502221889825,0.005508757311730074,-0.010874422373837374,0.044281301257588286,0.0031014474615921103,-0.050374382301695705,0.037705013765848935,0.0008513074338718932,0.024846803778055798,-0.07076406263836496,-0.04272856434295997,0.015211972418942692,-0.015872376054409734,-0.04944830081589113,-0.044102329981713935,-0.019591346346166882,0.026602177917080794,-0.008133490751564566,-0.014449208735550346,0.049548404832742345,0.01215986560290612,-0.001707111313505743,0.0017989077164277043,-0.051134458517560766,0.03643851507663065,0.026114140582734206,-0.024775272832690945,0.02033445591355081,0.009464594862064963,0.0010570073119714257,0.01999848323533332,-0.011831361024250153
AVGO,0.8931435751609889,-0.08903026474059067,-0.1560993159969042,-0.10051719947921553,0.04266770550813348,-0.10870868702782592,0.015488717448309795,0.050531643530601814,0.0943687704510493,0.020084924787818724,-0.029429979838029523,0.08121780274220163,0.031317721241339254,-0.03118197778940354,0.031551629166156295,-0.02358571075824043,-0.04452131359975759,-0.054761417171793884,0.011736345821015801,0.0029687205397002977,-0.001950114991890199,-0.018865610548636044,-0.023144030373117304,-0.01851919195792377,0.012186503517659195,0.04665445893593426,0.05061047564000363,0.014622579018393879,-0.012571026955875142,0.024236210214715687,0.030850109601398105,0.03207358640423201,0.015635158201151,-0.008601784024574356,-0.014076625530441391,0.031237844652763292,-0.028824451789287917,0.006357191045607029,-0.013222698528205413,-0.00830142566648422,-0.021772931523555375,0.02131343980789509,0.02942677904719902,-0.022324550563919562,0.014143409738841341,-0.024654742634935507,-0.001093918207009773,0.0019470913577180093,-0.016943795035354425,0.02053423588485058
AVY,0.833266449334923,-0.08621615241328481,-0.18689437680842563,-0.0012196680874768232,-0.13173910437976222,-0.02564530782869064,0.041654769665854435,-0.05591273687524083,-0.023979407698164666,0.10419567247946812,-0.04756295317444633,0.05577748242178672,-0.06689826540927685,0.01544447611677272,-0.051555367088314964,0.01618440984797532,0.014114023163437487,0.014892230809039356,0.011260256823260054,0.01959261385672567,-0.06852856029132069,-0.04146200277384407,-0.018950615419500334,0.09443641155395607,0.008254891407619683,-0.0628331382996916,0.05745775790372531,0.004801131807701172,-0.03970475877580704,0.015319759775086867,0.04267035447706169,-0.007377849192340086,0.047079863366340124,-0.07359072720753676,-0.020958498981234724,0.030234069137670388,0.005901815277797679,0.050579880557327685,0.059155490793532065,-0.017558917083995755,0.0035851936575076026,-0.02278587646286136,-0.03575707287960561,0.05952836619688889,-0.029476996003245808,-0.037587808444622554,-0.02134620306176843,0.06300215129561779,0.07785609804195678,0.025300613558843044
AWK,0.8931190725136277,-0.09026681629302967,0.12858964723642854,0.1412112850174878,-0.0019666504267286176,-0.02162901312750234,0.07891204048610227,0.06611410002857507,0.035540319603314274,-0.0642568545867948,-0.08459734116169988,0.016874784387117186,0.017557222943945384,-0.007076955918211952,0.025699713371782826,-0.02508365091554045,-0.010819902208632689,-0.005392302790523468,-0.033051065669150434,-0.007323048061843005,-0.08295145072328908,-0.0758763394022457,0.016008868329023568,-0.01261923323745333,-0.0037872746214225907,-0.013349365463485054,0.017504734780353262,-0.010456768893903342,0.021401621544916316,-0.059480319894695766,0.0186570757895064,0.04683284265248107,-0.04893914416814666,0.0014521296925983002,0.04758889100072266,-0.04110974407718131,0.0040815354441427615,0.010561702347046564,0.018001797462993283,0.003568105934453495,-0.028249917767212585,-0.04681072014694925,0.007085114887774867,0.01290072274892784,-0.01712845152201395,-0.019591032182161034,0.013936398872067676,-0.03289277033198456,-0.014823187343562883,0.053255859036585786
AXP,0.8891890564479188,-0.11775527730080107,0.17307629917548947,-0.08055149691337263,-0.14264355169043716,-0.018113428927007128,-0.04875150471266808,0.07443301084955857,0.009293755012849781,0.033554844111048004,-0.02243858600784744,-0.028315362157031846,0.004149900723851085,-0.00787732559570977,-0.007415868286573802,-0.07807111991947004,0.029392006390181684,0.015924952612789138,0.031080934895237385,-0.01913978038999695,0.03316759487547937,0.011389293575874914,0.01751230753728092,-0.005200003504742367,0.012236389876298461,-0.0158215122967451,0.029819496760375357,-0.0073266007736515065,-0.009981365611906856,-0.00036925655493889447,-0.0026477098650156744,0.002849633831195253,-0.02725817065417837,0.027565688600723844,-0.055690856956405924,-0.03683537368345478,0.029393456437008688,0.012471581461819696,0.04239002263437099,-0.03566629864775295,-0.0060145804264942265,-0.0045371624335746406,-0.036306115851664614,-0.09118685904111676,-0.04103339159445577,0.0005706908801872308,0.0004203163170815713,0.012891065128413818,0.0029012603865770283,-0.007370246117112663
AZO,0.8168571610158124,-0.17800594370045333,-0.0872522047782607,0.11053663748819272,0.02387103264216084,0.21850067672332268,-0.03462766803128317,0.08391606527214096,0.201095519467502,-0.08599252499294266,-0.04611218148301579,-0.022074026403837082,-0.06673336192333298,-0.020969690146877246,-0.10331215706758909,0.04185976729540093,-0.009939437796203338,-0.035870148780796106,0.05496900225706427,0.053217386238862185,0.013806775502598777,0.03939805092996469,0.0614715976255931,0.111236832188273,-0.04713038793486546,-0.011651732154276846,0.006807349159850576,-0.05567328446424042,-0.018997323790308954,-0.09076634542204201,-0.03504908567625418,0.031258416690872017,0.007925441055896636,-0.01657062171052168,-0.029452262566685705,-0.0075580424845142005,0.008048593112399145,-0.008408568605435568,0.05082227670425355,0.02536692000164038,-0.022519497470473722,-0.02570532292633657,-0.02559395220126935,0.0016891337184524297,0.0028353914016284376,0.03520085535283216,-0.03947634622129238,-0.008513871863174564,0.005099047801530415,-0.0004193067800221401
BA,0.8540564906585822,-0.11648686978881098,-0.060153690221233146,0.14138425481244832,-0.0012838309425373632,-0.06500811254530728,-0.005054045990217523,-0.07370374893601285,-0.05854706855646663,-0.05997739153356096,0.02351862424296028,-0.02487762465879094,0.05635109037626301,-0.06090069905941905,0.06511031111455816,-0.062299532870827935,0.10434481510797974,-0.01443989398888938,0.05082436988859758,0.051668690503757435,0.07728786254534253,-0.004720231778275671,0.026554904412831187,-0.09804996315314887,0.08998024965716583,-0.04184474656735323,0.0555746265229407,-0.02217669809503638,-0.038080797616966124,-0.08729435210983695,-0.04120571306943045,-0.039029976495909564,0.01933663788048079,-0.04346849825751617,0.06366037856876931,0.05440551120586485,-0.0046469280529535875,-0.007794299898279471,-0.004133688023092534,0.0010048434464144539,-0.016024558139210457,-0.0307128287102559,0.06356577450513931,0.029782999248102356,0.0356815909729944,-0.006310832621239682,-0.031056049340202074,0.03837273179023334,0.019112559328583516,0.020520796760842796
BAC,0.8821735447232475,-0.1307704776887791,0.2542155090611853,-0.044847109123232205,-0.17342898525680192,-0.04252626010360515,-0.044417617034636245,0.005738887832863511,0.026967309919299694,0.0713873343416596,-0.01620076732840052,-0.004884738624185494,0.0486738357431612,-0.06276015420333216,-0.05839759323409481,-0.08175458821891504,0.056089189351117466,0.020455327357444777,0.01907523593243112,0.029602825266475317,0.0011768636536848833,0.04100005025295901,0.0029033674370603666,0.006371278323352763,-0.003539677453271413,-0.007481548927326772,-0.005520467204351869,0.011144956851815695,0.008346745170216168,-0.008491729167716466,-0.005802451312668537,0.0014652051933833309,0.00488240910741111,-0.02174155479329105,-0.015039735423460838,0.01553821149559532,-0.0069988328877731865,-0.0038430916147169664,-0.01763257866911052,-0.003028102999187948,0.006344498818617374,0.0013641102076774264,-0.017293999120718644,-0.02497169116948449,-0.006973052285189305,-0.0017262485226849406,0.009808308540943436,0.005778349050147971,-0.000143506051358369,0.0062858979709541855
BAX,0.8934030734783587,0.05139827667084898,-0.0974762951793163,0.080134605122874,-0.10155385609055431,-0.01533479029502945,-0.06020098043009059,-0.0587858471628619,-0.10000100182449712,0.033053553075104616,-0.05970914560450382,0.09559911398947617,-0.03121337828900289,-0.02023203959324709,0.02761598402660678,-0.06285516108302322,-0.016347207695234622,-0.015818241762453947,-0.007077551017402379,0.016452502614605864,0.022059523184864076,0.0006682119133701123,-0.029146408592885573,-0.005672123865939106,-0.05358268327003677,0.028907242701698567,-0.0036170580133248927,-0.037869435870283255,0.019154432118794612,-0.05993577132250044,-0.028008599115918378,0.00568437919582452,-0.020286542460748683,-0.018692544965901538,-0.0014244167493820596,-0.0027393176981747335,-0.03621463305861373,-0.02106234902220681,-0.0008796124903373268,0.029393513914314034,-0.005535184742599062,0.02504396172306557,0.007131128694077597,-0.001024588536219883,0.005472638595935617,0.006536510786441941,0.03922629564332644,0.005542115678244449,-0.03079815152509385,-0.0347647274523487
BBWI,0.8815221088274238,-0.11662867414019876,-0.04179502275086443,-0.0013245210590797749,-0.012683198370758215,0.20352089165114215,-0.02256476729858315,0.09528274362955391,0.04223643989752459,0.04895704986117411,-0.011110306388129609,-0.02886651701031713,-0.035388782270417904,-0.014320588657626556,-0.04369038546872258,0.013529453139618178,-0.03879587200635841,-0.04223466385172889,0.057364714086389906,0.03765249314860299,-0.03946344487436132,-0.01704731530858251,0.0034506348775605825,0.011259486129912889,-0.0014891873485187138,0.019842418819267942,0.003898463120604341,0.04159845300043842,-0.03094030710004813,-0.028290852416149453,-0.06499103328941871,0.004853927387715789,-0.012477164249908216,-0.04466021750902884,0.03487014029514759,-0.006420950812770495,0.005971397376252701,0.005919838468878737,-0.04082220393213773,-0.005748047446479484,0.043601803315170745,0.030245921501497745,-0.013484750753935532,0.015424062746221512,0.012436440985155514,-0.04376207597643208,0.04685038619377285,-0.03627318815136081,0.005902804154679156,-0.01722416172673525
BBY,0.8512748317468161,-0.15051003664919738,-0.11470284129680333,-0.007760411118425941,-0.06888816620597897,0.22437074048964065,-0.015580431280592007,-0.004999690421839528,0.017117358625235123,0.03234878707595192,0.05192166601403766,0.013421321948297205,0.07987205166041365,-0.013995083088972382,-0.05803598802126764,0.008531473198705803,-0.014183749560000203,-0.030144953494583945,-0.0067373242740956995,0.06245568228942256,0.08562830354339311,0.02987083466762531,0.029668306597703677,0.028237931483871194,0.077715419753522,0.035122237616691636,-0.012472788686211843,0.0006028840225040555,-0.04132717248374359,0.025739185575749352,-0.04767753407094577,0.024549473783156726,0.008549365934364771,0.012501621709468747,0.0008192259647163805,-0.01806278761440524,0.010136022451021876,-0.005890231771319074,0.01145029058752389,0.033028159305788674,0.015232086062408372,0.043758142759521765,-0.046131808911961614,-0.023420172061631453,-0.029796594603321878,-0.030585069451367963,0.031034170627435232,0.08103671802740078,-0.004277983887362805,0.015440957983338763
BDX,0.8767478789983688,0.06505098461754996,-0.1315715773471855,0.0867765746154027,-0.13403936903735286,-0.0015240475561766975,-0.03626559536612123,0.021891105418505617,-0.019858003903468747,-0.01245468978994998,-0.06130226629549808,0.0844682884726411,-0.05637070543439635,0.04450494019286387,0.03586717040100392,-0.025148124434950583,-0.031150311646476227,0.04532143941855286,-0.01669963619690772,0.028558131186162006,0.018345506635583025,0.027732929379981168,-0.010344527022010367,-0.031679901015642484,-0.042600409787517904,0.052407286184355514,0.004262329589990877,-0.024447017707644424,0.026473713692323084,0.012834709812089909,-0.07655129208514347,-0.02786262254418839,-0.009817937615094209,0.0223081255212342,0.07200192243427667,0.030462898495165452,0.0282664723172626,-0.03853361058294707,-0.04456005554017284,0.01807677324418142,0.03200160931408688,0.016512918051681594,-0.023495563811844297,0.005895153986493599,0.005520753131700908,-0.016683701064763405,-0.024464737738952316,0.0404936471084284,-0.008730773822091874,-0.005806605277760539
BIIB,0.8359048883920723,0.3870519412157302,-0.03273642897382596,0.08501801724316302,-0.09060893758714256,0.011830495114394464,-0.013769917864928514,0.11926631012496693,0.015933435441951645,-0.008657861334201848,0.044411683520038214,0.05134468852596425,-0.054660719311375026,0.009606445099902884,-0.006686405593412532,-0.046708293581798156,-0.012478408166400997,-0.03053554685491952,0.015029188960699255,-0.0684607957594542,-0.0209567982893135,0.013519313315436474,0.01933378122568059,-0.039332152444927625,0.018728945770707106,0.005995441498980099,-0.04318182704934429,0.038777471932765366,0.008970196604905356,-0.001620484959501777,-0.01781516239448005,-0.010507032259709007,0.025832247650198648,-0.02736641271799206,-0.021822357781765292,0.008705446316217154,0.009461308820150983,-0.01786475076646831,0.016515988477159446,0.0118469245712583,-0.004483925546722021,-0.018013828762055702,0.022714612078417167,0.027056476684217057,0.011510177487628143,0.0054672148993357705,0.006488872898505372,-0.044520987085991136,0.008917672324620478,0.006092463063495202
BIO,0.8652576712993197,0.06338167057241305,-0.10883572605345303,0.02909143152173886,0.015013327858711395,-0.028832428470466312,-0.06807613065652862,-0.13313994104824012,-0.07130905632952637,0.01948891259400346,-0.04979855515634993,0.06424765514907883,-0.06213828648696904,0.03662953380853323,0.023280089464346194,-0.01808760882964557,-0.03251506705811434,0.01729333043177538,0.008645746404446564,0.021460712726469877,-0.01352793070147682,0.019962391584819966,-0.033556923690922905,-0.02961721375050994,-0.07830416642714888,-0.012162067851356515,0.03120087420772497,-0.03579097243227622,0.037134960706237244,0.04145916980966206,-0.02365915330144175,0.03552156086307814,-0.03426039440882131,0.010914807201528633,0.02579351952642083,0.07327522500443563,-0.02084767489800215,-0.04407911853749312,-0.04354013749693645,0.07078338332789261,-0.001343844883835276,0.04202636994045039,0.059949903746179936,0.030829798563544154,0.049436896407983,0.03218115831627821,-0.010214012456255242,0.023695890151695688,0.07859284704795544,0.0040552053937783356
BK,0.37093083053612264,-0.1175849408679817,0.16644154374841616,-0.08149439867692133,-0.2387019963482312,-0.13006043007406945,0.029720123155115102,-0.27091194932382145,0.1113781119534981,-0.08238787567354859,0.1321689574087235,-0.10853716378266103,-0.10348036338361906,0.5273478616489015,-0.23296763799300116,-0.1286201195813904,-0.01616136361070137,-0.29486577148570114,-0.17392532414724277,-0.046093147329657184,-0.07735934814243633,0.19511567052466822,-0.172932304156438,-0.08342102748304701,0.08971260453564789,0.03717112628509633,0.059681017272762704,-0.0004448700865505007,0.01803000861379051,-0.019367910866888542,0.06313268825243656,0.024692883148291545,-0.01775453607876772,-0.03139878750562341,0.05148513839654561,-0.07455803009556441,0.0013422002068506286,-0.005163277914813486,0.01854868685926679,-0.003034238003376828,-0.005989954054614658,0.028496634218930134,-0.043957142576817834,0.04243308799958747,0.04519051025502295,0.030161444578671526,-0.01691180421511737,-0.003174210792833197,-0.038245814924744825,0.03660887730953252
BKNG,0.894496008407163,-0.09152466062522521,-0.01768314353643937,-0.1314374655718065,-0.0026835429576018196,0.044505279418027885,-0.0027811363806812183,0.04273711362830977,-0.0986138511223632,0.0596669299211039,0.03315518880866056,-0.02154159625060537,0.018185726309161963,0.007109527635381967,0.08337237164948066,-0.04795200866787768,0.01014863976140666,-0.018626273501112588,0.049524776724852115,-0.02409608096652997,-0.027023709162341227,0.01958518321769244,-0.02137267296315502,-0.03394823711886428,-0.051242362058662894,-0.0016593078213676818,0.009232704466077874,-0.07596696613541118,-0.0015090203697705829,-0.027459841558657164,0.03627583806877672,0.02507356359283382,-0.03283494948937884,0.06071986870123269,-0.016348189953587226,-0.033621859551492175,-0.008592106581193892,0.015539020330962442,-0.003467207317349637,0.004630198102806978,0.026710567147144017,0.027235076836968374,-0.055582451808151384,0.024715939281575377,-0.05274861233207921,0.06552196904657129,-0.006788113489158491,-0.00415649568616413,0.016928052324414467,0.054256565507238445
BMY,0.8582290582157817,0.32941734837042197,-0.030304385496181016,0.09062024173215572,-0.10359004545858895,0.009637810490219478,-0.04086237148639863,0.08846325855901274,-0.0135744347069427,0.02375563745140374,0.023647286774789524,0.05102441660725248,-0.010157712284008717,-0.006631109869754773,0.005162768583023377,-0.05194846429991372,-0.001090766817243198,-0.026553386041114294,-0.0275075193803701,-0.011645681541240188,0.04534797960959842,-0.008309761137597047,-0.004177720551573164,0.024940118631619542,-0.00036483724884200247,0.04211844761715834,-0.00719665267617643,0.014799569312144477,-0.005046686833781704,-0.007476486668422427,-0.027983748071862994,0.015936379413773585,0.05993643585049442,-0.014183381589184982,0.012188581148733864,-0.07880239547519712,0.016092496207348407,-0.007591772414163306,0.006868331237588699,-0.04220453647827441,0.024421542946277387,-0.040776255383826385,0.005544887388326837,0.03142301799219848,-0.009589597395366765,-0.013851467399530762,0.015918781725046485,-0.0436852337061669,0.007696055508006902,-0.033193485176994685
BR,0.8641109300291235,-0.13441168498972556,0.07057856319015625,-0.1488858462204836,-0.0761167560358592,0.014771133486736948,-0.07960929343596744,0.008995856493369477,-0.05920304465234029,-0.1125615846553599,0.0007314623807965244,0.050242204019690005,0.0944862800850845,0.04551369567360034,-0.10321723375058718,0.06959671230525107,0.03937714900111118,-0.024788319639218993,0.015735646916438892,0.011555537035615567,0.030928842104285488,-0.026671403912551978,0.00568039587806714,-0.011442453835798137,-0.05314064520178242,0.05487689977700428,-0.029512554879846477,0.02382167982032767,-0.023725480872876976,0.059477173681735065,-0.04862652051151721,-0.03156637213122683,-0.060551158485514095,-0.009386590522191079,0.03135396786235669,0.05286677889765631,-0.012074811807803969,0.0055548528977468325,-0.005869979941212595,-0.01052485669421991,0.016503282806106117,0.0029342313376231628,-0.01462034665209807,0.032211564967973616,-0.0223298802958141,-0.020999193072362584,0.0017138731784082457,-0.04296894884882878,-0.02479484450985301,-0.04807997012707159
BRO,0.847655498286154,-0.12404069915768728,0.11163167666227404,0.014523640183390495,-0.009622848608139561,0.004063896077308959,-0.05357113664954336,0.03693757132125876,0.013704807404367643,-0.1858453176125159,-0.03915713429464225,-0.037858509145125584,-0.13852866869600458,-0.002468925223285171,0.04179609396993722,0.03195405057762579,0.011174742171069065,-0.07116179144920301,0.013359060437605812,-0.05183544715178405,-0.0213890928727874,-0.0591096311232378,-0.01678090038239989,0.04217304236378511,0.011463109642830035,0.03110789571320641,-0.036169526708281774,-0.030319336795993333,0.05585483678644181,0.05295583912778687,-0.021276318794778523,0.03489083931985486,-0.046336748608294454,0.004077926532100692,-0.03056049271883423,-0.06360270529055237,0.031170102535051467,-0.055925845788207494,-0.012318859945249755,-0.03992891184416614,0.060050009879505144,-0.08373311935105715,-0.030537129293892767,-0.00502654544378108,0.049676533103146264,-0.05083790356308629,0.08209327499214693,0.09330519857730174,0.014014693910539425,0.005373486830370129
BSX,0.8978524393850341,0.13898539055488296,-0.09267967066163654,0.04874991276526416,-0.08984394394626817,-0.02549470628018761,-0.045059574530073504,-0.004759072611644448,-0.06120939422756154,0.0064474956182151415,-0.04206463607609984,0.05555790034618464,-0.02317674863878509,-0.06634957504591281,-0.005652638462765089,-0.048618747933000195,0.0008090262708863472,0.032771290136962554,-0.08716706863254504,0.0443457042187567,0.02129885727348725,0.022406201801614213,-0.04084303325527633,-0.011733522261949837,0.012967448113561458,0.04536982654784953,-0.051217001878021834,-0.006950569743010896,0.004333804943053909,-0.04316299269269649,-0.015837483646641788,0.016192279093978055,0.0037650479164374907,-0.010806020155369155,0.03285547199877406,0.000958662059491292,-0.026141330984380068,-0.05561111349607876,0.010057916233034927,-0.006537656803330134,0.002014458628406007,0.03271080394259422,0.00969620377415004,0.009497186096677178,-0.03703892112405666,0.021429178127426247,0.02829311197603197,0.03847839762458616,0.01272698884960527,0.01793661824044011
BWA,0.8598352254215674,-0.14558515290460378,-0.09826540605397743,0.19038240866892225,0.03468715022556245,-0.1483927966850598,-0.06012474178722195,0.02689942444431303,0.0009027173046329435,-0.01931128030854527,-0.019433161048498987,-0.025855677199632193,-0.034910646824311664,0.02171614652033738,-0.006253979553704409,0.03656919922616898,0.0013196066857784684,-0.011349721927037471,0.01349880229865154,-0.049440843970707124,-0.009390673601870259,-0.019374969809961673,0.0883232291162224,0.0035007983324516177,-0.0393997302690578,0.014385576129967489,0.03051248863123123,-0.03235834407560639,-0.021009281241925394,-0.009846904510813699,0.052637823489968975,0.010730128277637318,-0.012253579151702783,0.0014791108219629158,0.026307954100055746,0.011396211555666096,-0.07983048361873442,0.04431507810509466,-0.05411477485883595,0.001177161849619677,-0.03287924878468158,-0.007255038326434868,0.04638911128325838,-0.04365707985282459,-0.01776470943529532,0.07271689877211206,-0.0061249586502171065,-0.018545389054459925,-0.030465084507667876,0.002135942959447354
BX,0.8837175467897616,-0.013984852028917976,0.2238176430504045,-0.06174196212640855,-0.016310487416223533,-0.03312363875371471,0.03184780311206838,0.06226460976561606,-0.051838148425566624,0.06644042433586957,0.00520573859889754,0.04055837529048878,-0.021586780861734368,-0.02894855345686108,-0.07695037847081829,0.04471941771725854,0.003119138663190212,-0.005881760708182596,0.005618832145998736,0.020953599463420746,-0.03976504459716198,0.058265817693730536,-0.030652877606053997,0.0340802818268899,0.0033015769689446924,-0.008258562766662467,-0.03156565112017423,-0.004527689621574534,0.04403594079371044,-0.034707959486839676,-0.029596994081560756,-0.06282718243717886,0.06275637011368852,0.00266163325525906,0.040397864376593144,0.049275707783957706,-0.003499903447942484,0.035051601691027695,-0.005946085513758843,-0.00958708217420913,-0.014898298117143818,-0.026362313156011362,-0.026943804727033702,0.031246954827158318,0.047622478133080834,0.011565865832722021,-0.02798229879217561,-0.009066561484954636,0.007802615392594347,-0.021099522488426926
BXP,0.8468190880095071,-0.1022117016340589,0.2688983893313084,0.07693756530959288,0.16893860841902014,0.04439834943712293,0.03054574312524136,-0.00019920659409122885,0.0026059887527805866,0.08172952742298416,0.09750597654380116,0.1672603845082882,-0.04591820138930127,0.008948306911911279,-0.005003103373094997,0.013299453147837653,0.028177677820487433,0.03370686875282566,0.017910246999542467,0.0030351539931088127,-0.04728673655540778,0.02629490105619697,-0.006608263808604535,-0.031513124323771,0.02761362737860465,0.009871934168553673,0.016469806287347524,-0.030372619000802376,-0.018476285574904706,-0.03197019805507453,0.017797961940285163,-0.00634535698031583,-0.043279655637258774,-0.0268449807856138,0.03534900941334061,0.0035206732706277587,0.03557345944220601,0.015191902058555364,-0.002822293440385667,-0.03489740538428367,0.020537332319170487,-0.05612209925969824,0.006693197848465657,-0.04731272305406648,0.021381853541933706,0.006436290211257167,0.020268671382809304,-0.0008293388179215037,0.005085439999737146,-0.047477611869897386
CARR,0.895029263027453,-0.10761822864450367,-0.08609927959289293,0.06004393354584124,0.004939331932952306,-0.05865383630317933,0.035638085367938124,-0.024176433251921283,-0.062447921275915724,0.08928194944013661,-0.013918514609753425,0.010236132153988069,0.021857861780397003,-0.0027549947042401508,-0.01712207182153254,0.03849021453484727,-0.021381012598162073,0.005795621107971544,-0.0272739132439001,-0.0024447548186792975,-0.022102074536053392,-0.026562713670069654,-0.0022740248414371746,-0.023843123871770615,0.04015362656862732,-0.06752621702434188,0.07070838117175517,-0.048436582808409866,-0.032319365672164944,-0.013228495949184186,0.01821105367935191,-0.011171462032722393,0.010363903042428797,-0.059336832954045314,0.02357100719602477,-0.007126602966406234,-0.04879756733690469,-0.0016425802851460524,0.03956948838167435,0.012920319965114356,0.018466628880549965,-0.001637417180519056,-0.01014414859001695,-0.001745722275307171,-0.002512579152450141,-0.02325074755881007,0.004001315602802474,0.005717395633382015,-0.0628117730720115,0.009901038055515388
CAT,0.8728735980670824,-0.16425678812848896,0.011264154485376973,0.14203461404665546,-0.046099310017465416,-0.09277261363497166,-0.06582903460888331,-0.05788329080547958,-0.03886691460108907,0.03748574229563871,0.0279613908878248,-0.029034005380876467,0.03556515845157627,-0.04061676659240284,-0.008698333565695937,0.008045403825230097,0.010929004464467193,-0.006496697123261143,-0.0007030545188971113,-0.004970196860909078,0.01986045361022829,0.054902935701023454,0.030766319370354716,0.03326200250961374,-0.010809947044916994,-0.05142756008404368,0.009645829624173426,-0.053386109015755946,-0.018223815246613574,-0.00901542337817182,0.013727838891762632,0.008350007095532994,0.016506389563811428,0.006246265075231614,0.035908324755697905,0.04737826491720345,0.026154860312600187,-0.013093626081363335,-0.009047727476407702,-0.046425642852539035,0.04400802663239498,0.04236173232250461,-0.021684801794665667,0.010595909083781017,0.05124964015389275,0.01791510269890679,-0.037455645865873195,0.032402564150573306,0.0211328212202957,-0.00046092894811664074
CBRE,0.8714457836379512,-0.1505683044151991,0.11252681470023654,-0.038390833395928636,0.06421503521952698,0.0009040658660083095,-0.03323220895672317,-0.04378194142751609,-0.10912478754086118,-0.03270641396901352,0.04507958465405976,0.07180777489765583,-0.04243860573713804,-0.002743535393348964,-0.08401604229086224,0.03680715291786404,0.02724103782036135,-0.02073206700047826,0.03917900920611455,-0.08549578326262708,-0.06310692274352948,-0.031572707264360685,0.08331384962989806,-0.06873170217053774,-0.009240384693672854,-0.038552194440337875,-0.018917359690261776,0.031780490333596104,-0.0023711596340309,-0.035209180311326804,0.008119764844302544,0.036836267189012666,0.029110482842992592,0.01203905846906738,0.03566060620753052,0.016715680637783916,-0.052318544064420956,0.011156301961809313,-0.00019611086748165632,0.051532151332536504,0.009356711576505864,-0.04163991675109578,-0.016070698863674956,0.00975491762226725,0.035598676151038365,-0.035167968087626046,0.0023420528266589703,0.011459969665922698,-0.02236978204493676,-0.0013565861085920415
CCI,0.7660710546018998,-0.08857165919240793,0.08917739922726856,0.0006493054393362644,0.13304278519957552,0.044142544654980284,0.2169437798134037,-0.05593022913038649,0.0067037211200805845,0.025232994111669727,0.16702773361773535,0.2357802270023268,-0.05062992011147849,0.04676084016705512,0.008677454954129372,-0.005088865650996127,-0.05217091160832165,-0.07410408081154739,-0.08780790023969096,0.08164093881010881,0.08205151800566515,-0.12313769423495681,-0.010779760800531614,0.04443868422284914,-0.08149150581008935,-0.05732256268749065,-0.0314829357389571,0.0868132959567113,0.0714676736795644,0.023228879124954502,0.03257017907033911,0.021104118800418292,0.02996956511904563,0.07552200120149909,0.011729178294296663,-0.027252225979408413,0.07476945656765795,-0.009802312130315308,0.060658151994823585,-0.08266515184811321,-0.039548542174839246,0.07368904452472612,-0.03341261012447553,-0.078909599827839,-0.014757255139501749,-0.06068907526666838,-0.05157088415855667,0.06173235643235683,-0.0377885955222392,0.016421877230718
CCL,0.8054546258949107,-0.08058659569459682,0.02362147910848478,0.023518187551350746,-0.0784106069080294,0.0639430337367469,0.22583857344860997,0.08203194988784386,-0.05571020225855332,0.0735923106607152,-0.008454464602617721,-0.022435820052774953,-0.013278141864070503,0.0827259616798828,0.12237069139433703,0.05114488209019365,0.19441889493391257,0.09133477731446958,-0.030400576452042347,-0.03045350290193901,0.012513347315413042,0.06070001975229909,-0.1482247943039391,0.1192853291440013,-0.08351421962983267,0.07660480316140598,-0.0005180734599737804,0.01584626051570235,-0.09796182671649203,0.028143754587066316,0.09681709256792044,0.020758937443970952,0.03269438793968439,-0.0013237420572477102,0.026534246907376467,-0.02113928398084417,0.01096460348251559,-0.004069697498238189,0.04866429984079759,0.014894381687644767,0.06064117294387157,0.0016417492593185003,0.058955017903952904,-0.05130882766599333,-0.011579879490508718,-0.062152846123638285,0.03631958118527306,-0.0053131275075309,-0.06210675667458422,0.003700787163344544
CDAY,0.8586139343285538,-0.12083928554488696,0.027358789268499963,-0.1276859411764941,0.11859115818906076,-0.02155399668348445,-0.08544210854707185,0.05616116253029727,-0.008384278212203257,-0.16677645654886122,-0.014283728489671774,-0.028819354615448267,-0.04436516166613656,0.010837343956244977,-0.08708365341229278,-0.030100971063127275,-0.026279893736855346,0.025039793218852736,0.05306453522212998,-0.06573487428309407,-0.006455006733340485,-0.03476512539184749,-0.03882033495154429,0.09760876437899779,0.014700211386149716,-0.06133950940065199,0.011222493387155794,0.022431026320435928,0.027741920489126128,-0.09766340990885833,0.006864762575458474,-0.03239306475123337,0.03962208150913128,0.00941891641784208,0.0015454193552666901,0.03651456250809208,-0.01632546684428645,-0.02910621870174668,0.026488892273886403,-0.008819234671874244,0.02626185808049489,-0.025794471141083283,0.008111626282692007,0.029907962115118966,-0.042501483942315954,-0.009601958073717724,-0.03987276372929863,0.0045635268721939395,0.014164392417886917,0.02790966080319487
CDNS,0.8707874784160624,-0.08137804707422612,-0.15217693642312843,-0.11620279377611327,0.027464070451599105,-0.07053107975264095,-0.0066342914495962435,0.07202191556258311,0.12202895650424374,-0.056190485266247966,-0.026893598535500454,0.12076575760082928,0.05538685604952595,0.04558305879390334,0.030083098585959096,-0.0011202386327721974,0.003951981777070313,-0.02065083943929438,0.04899453521052876,-0.016571473143064043,-0.006802373292800079,-0.0458486143585334,-0.010760910734224296,0.011049269284496411,-0.009611954681925888,0.017035963086980098,0.03737847462558125,-0.05241501036809699,0.006882628480823773,-0.029122007484642283,0.024512852650202525,0.009717843610767309,0.008807963149988605,-0.03513364204525064,-0.008577969831826014,-0.05658353523925775,0.031238454939717372,0.05104459758777664,-0.011479429386862685,0.11095871540371387,-0.005143343208649961,0.04202130493113303,0.02127385352285504,-0.0041350714178565425,0.021641024356603478,0.021210839543257594,0.03783064362516455,0.015542285688877331,0.015132095552608221,-0.03379565055319514
CDW,0.8622644718778383,-0.12806124854562256,-0.06637560136813714,-0.06376887394197536,0.03180322026676794,0.04710269429826232,-0.07149152223423644,-0.046256995275110575,-0.055161013795036344,-0.018471159323574717,0.01594798289263709,-0.0074775940482875464,-0.016698851407601776,-0.06584232015083903,-0.03755079549178145,-0.06404572590157595,-0.03794626098835711,-0.09206869252312262,-0.007895696720487212,-0.013380881982707208,0.06821258956201379,-0.08359319060428473,-0.0311517247888626,0.015395831078172852,-0.008745979192974315,0.018960360432868695,-0.027888636901020555,0.049231938970074794,-0.08114293371983056,0.020990205767705026,0.03345491243866774,-0.007315015459792944,-0.027769070857772186,-0.07066443609109335,0.04536514579723157,-0.004474082215538867,0.031418160736389034,-0.008600256183070601,0.09920847106382348,-0.02887881805202289,-0.01826376184597703,0.0455674178831026,0.017703974766706966,-0.03756633836246974,-0.05279692293036304,-0.004624484517796145,0.07333007403642221,0.04054542211884456,0.014975823021670966,-0.010655100837310336
CE,0.8715001452344793,-0.060642816392923446,-0.103026727883741,0.1398113801312779,-0.03381814923192459,-0.10632708261882086,0.09475649151942865,0.07769075546793663,-0.01509544850903236,0.0817137710841529,-0.024024174692706193,0.030585718839607475,-0.07214964130501271,0.039880219916676396,-0.045122671218858865,0.07189528857720395,0.0068405694417723,0.004029414439516523,-0.022640702232261323,-0.02917920493724582,-0.04743847978388954,0.013469164100181497,0.01872067112944528,-0.015637030802196587,-0.010827568510318157,0.011409905596163136,-0.04918429075839192,-0.029346126934396016,0.00925529446000839,-0.033007666300562774,-0.03351778823513258,-0.0570447608805896,0.010451313552284892,0.0124236695792001,-0.025517342212924392,-0.006849499013465183,-0.01632115079793488,0.0004299397558743673,0.05638612869559405,0.02206190044902481,-0.04080399864006967,0.007621912958248579,-0.00949788417237766,-0.04259786310943406,-0.06354868190035502,-0.034310430138553095,-0.029733982629774766,-0.02024112300382205,0.0005161499461974473,-0.005962019012109949
CF,0.8756893121211358,-0.12156285861499351,0.0020582237271899637,0.18512435074053726,0.0396949903857741,-0.057717732318811284,0.0564642051966167,0.018924968735508352,-0.07476184384458281,0.08163580344107556,-0.05029480304224987,-0.007819142765036962,0.062338761172368806,-0.0014689842158659128,-0.035316948842444594,0.026773101870211022,0.018198870615347768,-0.023521902064624303,0.05117489692274334,-0.036556099685988115,-0.02508856990053929,0.0298163033973531,-0.08108158156863676,-0.02518301648526795,-0.007586592239948303,-0.004077340333897266,-0.07188648112083583,-0.011774825879341285,0.022027393437447786,0.03680338244890988,-0.06285377394233078,-0.0013501181514536365,0.01891670280267929,-0.023340070705856465,0.007988542811872805,0.040205331581584416,-0.011593810132577154,0.027213056511761504,0.04212102689124314,-0.02634864198520735,0.0138242010082439,0.05573505825936466,-0.026834491481657327,-0.025694702514046555,-0.040541445567502256,0.05264491055038121,-0.01266923263294663,0.02545117421329964,0.0274394421050235,0.02894773774884218
CHD,0.8868239967123417,-0.04284169500404607,-0.1276138355262834,0.07491067666655803,-0.05163578944407426,0.0608224067738101,-0.04862995418733331,-0.03481683444887777,-0.05307994587416691,0.15410817731960533,-0.06079129222690504,-0.01940610050594486,-0.03179726996533455,0.02025029706179876,-0.0243410089530941,-0.003909546516053562,-0.021682127725777257,-0.012784110709159947,-0.01985863649340213,0.02887044788730956,-0.016257975861039577,-0.02770569913183162,-0.06914238681711334,-0.014448916109600023,-0.01255575748079239,-0.03855580262640992,-0.05719792155645677,-0.0002520429936202444,0.027662081420591473,0.007308641719892033,-0.001517324536043661,-0.01569738452444132,-0.005609682791215443,0.0026846740543460543,-0.027959679194521643,-0.048596370373729304,-0.036804983495961986,-0.007547060397933125,0.02291187945171759,-0.01393930521738021,-0.028533365811510832,-0.022204893382405062,0.000973982752317671,-0.06343667824674531,0.03108434568752146,-0.02472191852417174,0.001941703219710799,0.03776350933697958,0.022653052469077832,-0.011391227763573408
CHRW,0.8447137957479808,-0.14902618049324975,-0.058025108620330335,0.03996977860127983,-0.02084298233654877,0.03752398069707701,0.001546976525448922,0.043927898297030414,0.017919684869331744,-0.12243762974926818,0.07951865684186202,-0.09146078443369231,-0.08333915790446804,-0.03839500493050104,0.023874263201441388,0.009997702621655568,0.038638606990311804,-0.009712223169248363,-0.009058715999722957,0.016015794667320674,0.04478588359192333,-0.07731684357965121,-0.06773061173014402,-0.01876087790539802,-0.0022715950632771634,0.011366419746809107,-0.08194196191114671,-0.0021384177254310287,-0.017203234057824514,0.07470117006370414,-0.0005852302041242914,-0.021276352421478503,0.04091957967133042,0.03092943620532507,-0.04919106077686696,0.018171994209696153,0.06600016955793793,-0.037193886611239804,0.014467916218281685,-0.027815784748173707,-0.020467447158531552,0.0003451588318134735,-0.08166685008233689,0.029771304237165667,-0.0028713976019113614,0.017652609673051045,0.01342411151061017,-0.015411232038841852,-0.08470727219784198,0.007158189605812751
CHTR,0.8239346878568595,-0.10845151750293823,0.19166616443774306,0.014510442036646294,0.24138274023892875,-0.041387276270410986,-0.15050893298778023,0.07945710039959479,-0.01374953498715313,-0.009710529270028283,-0.0321315106567545,-0.019670650398581468,0.03311336086599937,0.07396434658835384,0.04202483427388089,-0.0396778681313183,-0.01751915732912028,-0.12634331014285186,-0.08619955961944017,0.08611343000477444,-0.031076474947725502,-0.006610884086726978,0.05211290559167371,0.029156019316416145,-0.026964207505797304,-0.04799276857892042,0.01956344972697895,0.04541541481511264,0.012117734830751365,0.05826316762038925,-0.028917861022331882,0.024485904071502966,-0.016074659677686353,-0.02619792878031746,0.03844304672151384,0.036350341781134686,-0.021576679518771267,-0.09559921938006757,0.023162147337099367,0.07920139790845146,0.05256114691484292,-0.009799793649230233,0.04135801177788695,-0.013862194115126618,0.028351208776675473,0.020368395645691886,-0.03792475098350112,-0.037272882566505544,0.020179082082390505,0.010605433179073644
CINF,0.8500376232532187,-0.11157488257377476,0.2106844072592216,0.03293155665699767,-0.09859719448997341,-0.029996108233933807,-0.053439565865644745,-0.05007082450794993,0.07055923347046394,-0.042829100784411,0.03445075766902896,-0.07064882974991515,-0.05828288991505677,-0.14924443081007518,0.1368958448893566,0.13182397056624529,0.03726319055453179,-0.024865316382860405,-0.041410782889379764,-0.024607629289956898,0.03817781701602957,0.05317073479893183,-0.032219425075589773,-0.03381454240754654,0.01722150640486381,-0.005087699696142218,-0.038833667857180044,-0.005143394104305865,0.025104788020895583,0.013639458573420096,-0.01350747109728822,0.006573267037580179,-0.03553790700203421,0.008730193549738785,0.017628890969733645,-0.008363506815229422,0.0520940025890809,-0.02982705590219348,0.02773116742239296,0.031360157499183444,0.03941842464583788,0.030827824809371674,-0.039275329950967865,-0.03064075884219223,0.041780816170761424,0.04756673449409708,-0.01603511409875905,0.014076358627558027,-0.018259513429609818,-0.009673525665952356
CMA,0.7973494291972807,-0.12026047671275215,0.2826735351039773,-0.09874284318019784,-0.23149820200678367,-0.017346762863694878,0.07435493562380815,-0.12440102132737227,0.11670409405103048,0.07054202740743219,-0.043664780254646034,-0.021047956610873827,0.0036229381304177556,0.03102727605743367,-0.08187757380214812,-0.07630069164721116,0.012363657542737782,0.05095606408256826,0.011043503794025286,-0.007421376205025783,0.029047330066129657,-0.01624309247054749,0.05054819202131888,0.05147178030809344,-8.055670961228285e-06,0.018320149283313533,0.008496005730589777,-0.0022887427861025106,-0.010885195255704767,0.051419645956890435,0.048237184300826325,0.05913332748210715,0.02308886052479101,-0.006441135641554677,-0.0609160276527031,0.0007243127638624995,0.01867155489557041,0.0149545417715129,-0.004012428469349458,0.02831337174349829,-0.02513366231686474,0.003579720636010062,0.01352399542637268,-0.01349812265830267,-0.009680172699033991,-0.02745370442053962,0.002519878392038078,-0.009362133999734448,0.007714897419392646,-0.0020266097893068807
CME,0.8676809519041792,-0.1072956526878817,0.07769863553096276,-0.08832275582247867,-0.07945261845223965,-0.06684675044322853,0.018484886137367797,0.06228096193045273,-0.025413928584105183,-0.006449380044651521,0.029742354421433494,-0.03941235845646722,0.039827633890139186,0.06331092962193799,-0.05164518182028435,0.014279749708675668,-0.04278107834995272,-0.004302682693181805,0.011603859638790869,0.0068338954114120914,0.02242666262994071,-0.026872345889163086,-0.04619013339249942,-0.03190375264802679,-0.03860126295856884,0.02492645640479147,0.01952507689189101,0.037259725565294055,-0.023826207292282905,-0.0020338111597382764,-0.01187862014781283,-0.08050649341332798,-0.007575536099199534,0.030613307437096678,-0.06799499296748168,0.11461590243489181,-0.04617793179998876,0.03404970172891028,-0.004482704672978438,0.011192638022214565,0.06676743414079805,-0.01207746329460267,0.0156543678570273,-0.06916779504508294,0.02088112205049928,0.0190441565609691,0.02268066515149947,-0.08867075084071603,0.007453655230362801,0.005768404556304729
CMG,0.8262398327035287,-0.0922717040504537,-0.06558784334394595,-0.029753119722331665,-0.006684719825951554,0.19168826736779976,0.11890480366968471,-0.06991120834049475,-0.05792284395450871,-0.009322311620188432,0.042252969851554384,-0.08289696557967385,-0.019897354059844424,-0.009987561738420383,0.08037425096821399,-0.05561859525459193,0.05362164306853087,0.06481949125345196,0.01868514853276967,-0.045772648215373746,-0.11842804368502731,0.014301573230670675,-0.036223072983043794,-0.02528491685525144,0.008527984509195369,-0.03919316132825056,0.0808673809833822,-0.01879768354696469,0.004912764772479547,-0.005928787386468858,0.023587541033581336,0.006162815623660296,0.04983669613403005,0.0010742607145711857,0.010642844819409424,0.007398718133531847,-0.045729433963803044,-0.06134686354644943,-0.1168150427443529,-0.06387524628595176,-0.09455924227716586,0.0896192362533332,0.007462523696482181,-0.056235672233757965,-0.030097821781124297,-0.03743526432513419,-0.05171062261685395,-0.05455092456771487,0.0737032062160055,-0.033676749216706284
CPRT,0.8674784084229644,-0.09135357582977958,-0.036454326708618166,-0.0813753556365822,0.04277393017650742,0.05012026266523902,0.04523441874427326,-0.04248222109455454,0.04619565627481922,-0.03858910030231829,-0.04496947656478776,-0.02772470492513692,0.026687686359290485,0.03772260819983203,0.0005207705981167283,0.0738934665198848,0.04632490265373478,-0.03800888411432605,0.0286366324839204,0.002610731829782942,0.0039028234090870517,0.11258100167787079,0.030661431976239877,0.03755537272506752,-0.08731641517311811,-0.010331989945651496,-0.06802024833566803,-0.11524035628793461,0.032480024999076366,0.023343946606833574,-0.0458590394032803,-0.031155501391598686,0.005216111625588468,0.04880012644725283,-0.1296351336929715,0.01384984100959829,0.00931777194544355,-0.01813360751415454,0.04187958973965993,-0.028629328037741937,-0.04213364387548627,0.03217323139630125,0.011299736162662603,0.022789389124401028,-0.03190879036161233,0.0027227992715580423,0.07064198493885587,0.00139294693473647,-0.020012599220349467,-0.020493020653481516
CSCO,0.8733011904122474,-0.12997471149776543,-0.1528338960051209,-0.10320765723380074,-0.01966357703738964,-0.05747888405587976,-0.048563382484560755,0.10527624938721902,0.11372622496501197,-0.03707851067616656,0.030212721540023833,0.08310058576244854,0.048330027478171035,0.01910004647915755,0.027895726286056514,-0.021989996109947025,-0.007895222506285219,0.00023844212077466453,-0.024997600742857097,-0.0074654342634116935,0.05078174941148406,-0.0337755041336759,-0.01034871248991863,-0.03875788829308411,0.03385408864680251,-0.03223598370224802,-0.02654029921061916,0.013992210727218821,0.016723869220086774,0.0018307454362415589,0.02720962704317747,-0.005515607186595935,0.004623363696905123,0.022234365342367352,0.039060720013532585,0.06203834227251269,0.011665001073515867,0.006336058946055166,0.02893238806995238,0.007137760732078661,0.0012676717314218738,0.03200348593969418,0.005533195099172148,-0.0004364980381361129,0.0104030110450213,0.0035477283167870835,-0.00017150999343985992,0.00019479748653348128,-0.014076045269289069,-0.015822473808781563
CSX,0.8198165153781143,-0.16047100322406235,0.021761611615872145,0.2240485955020119,-0.015328725956541566,0.02428266723796995,0.06096252690129814,0.025404030257825873,0.058736400802786935,-0.088713051567977,0.018052996074396817,-0.0789339063375883,-0.02935505525124539,-0.0018732021326433,0.02576716975023939,-0.001183560237245133,0.006820426552516171,-0.04840105721516075,-9.804738006532381e-05,0.04891320128428306,-0.03482770129200461,-0.0062498036168888715,0.08705752746737021,0.03971055348259479,-0.03557221237030159,0.14181588513752036,0.03750132035205842,-0.03442960009018485,0.08511686390178012,0.06747088819723943,0.025775984135140165,0.09473818116739711,-0.049795350559595865,0.007144143008326562,0.005634521555861065,0.06580310214075542,-0.04456875656348848,0.031904878469761526,0.019947288906437148,-0.04117650317163408,-0.04351205116709119,-0.05686827477775172,0.07502921431597549,0.04755373781808906,-0.05594048244743934,-0.0050274550883250245,-0.04237261890930989,0.019418860612974414,-0.06750022292706714,-0.006322182809604197
CTAS,0.8200577851425085,-0.1753201827535363,-0.0823233181120923,0.09917569854946427,0.012953430261595447,0.1095697961743467,-0.04760184944829917,-0.10817298189404935,0.027619629768725534,-0.09564607495562652,-0.030816264492558153,0.07073373164126473,0.07453156237004918,0.08279262759730667,-0.0081658706386839,0.06374775325038033,0.08101892061631154,0.00030778478081806555,0.01139411295674862,0.02241288890906943,-0.07780698500938091,-0.03428777461368895,0.03236933351163285,0.016061443594461985,-0.0035066147487323044,-0.07928849045678488,-0.0326207127401834,-0.04262162089987079,0.059007061346418706,-0.00055395603122227,0.09350370138034522,0.05266932543947508,0.028417939840265062,0.020867222943233003,-0.03333417287292082,0.04095444743469295,0.04330922810301275,0.024882497277212732,0.016721093587776133,-0.05438183835752524,-0.0387668006006637,0.022562167945821325,0.06323086675177546,0.0376913162705983,-0.002180599972298365,-0.002267437212286903,0.10310637510641117,-0.038953387755041695,0.07698051518813609,0.01723522740427691
CTSH,0.762447606140531,-0.08433474450563842,-0.04815721172522685,-0.17107922490957486,-0.1388497341568641,0.039076509623062215,0.11212999275231963,-0.1165303769304565,-0.14333099013632428,-0.0673423441371134,0.05687890613630638,0.001318378819981549,-0.052202491387490245,-0.03281565397585395,-0.0808739573554518,0.009786354617426033,-0.024618369105402056,0.03644235295296535,0.21919816433559652,0.11732054318363391,-0.10021956658584123,-0.029371289278212566,0.01101954023862643,-0.05241624254902465,-0.12588296687167636,-0.010892392536670584,0.03458872749797181,0.047195579815164444,0.013570866648455394,0.01120779811226229,0.0678245230285491,-0.008376186706347603,0.05410523194118914,-0.08125952484541415,0.03583977455861447,-0.06570968276003876,0.1274320907459014,-0.09355524849003295,0.00713771593836395,0.058558233477971594,0.039338188093064434,-0.02472528545767227,0.017390156983735312,-0.04276028406980816,0.03333873662815837,0.15717936417559528,-0.09039060079484725,0.045653058185118514,0.0837163935979216,-0.02365935617171082
CTXS,0.896988257302067,-0.07979715616505752,-0.08601328358154105,-0.1592858349633871,0.026584454746420908,-0.05077093199610476,-0.0201812666387153,0.009880400952401757,-0.03907667599301014,-0.019350039043565775,0.032590146149184804,0.015667431108514464,0.027745978642424517,-0.013461184139702792,0.06396882612171738,-0.05440636055117922,-0.030815655930728537,-0.039370720125480464,-0.013528103138036148,-0.062292929507928106,-0.003978161844049199,-0.05336800047749676,-0.04795041543726684,-0.02292741173708419,-0.02153196096734376,-0.03435543616139923,-0.0389336707984025,-0.062432466426179854,-0.0006223920906507756,-0.012365782216621126,0.007020105455452771,0.0215462952718022,0.017375605976365827,-0.03911811313992978,0.005544163649987855,0.021639922932037772,-0.026535125083270748,0.021613175131135285,-0.015815580798110032,0.002768924023566474,-0.024196257225566616,0.020923168405252462,-0.00043256924516524607,-0.016701972336321206,0.011630532620550022,0.009361663427787168,0.008527961715630675,0.013823575347215995,0.0014396881572403693,-0.0036116688120299435
CZR,0.8730004254437941,-0.10681988505227401,0.10340008913281591,-0.016295279068515134,0.13937585162501745,0.0944254403622265,0.019604292950166986,0.03115076969674506,-0.09475543584180417,0.06307122980809685,-0.02186050458999408,-0.03004213369548685,0.002126754916145776,0.09321679159493075,0.0390344588945681,-0.04260146547116728,0.06727380568885107,-0.0038844796195682055,-0.04834558159134674,-0.12060754208904374,-0.01946556735570595,-0.01745245140576472,0.07836351397145726,0.04389830335615494,0.02423796915968726,0.06019541586755857,-0.005304696970394714,0.07923062955012353,-0.040698599771638415,-0.03846411751984555,-0.05440124478058259,0.01951249352896548,0.03681722982854646,-0.008595209630876123,-0.014175538382478684,0.008349687341397079,-0.0414107856371593,-0.05412166560339398,-0.027938095770136905,0.020995447973548225,-0.0348693197379041,0.058474022857327335,-0.0464624007575829,-0.006898149267982761,-0.003960930169563721,0.011892062813555032,-0.009595357612206173,0.031271363871501166,0.031600302697713585,-0.029239749513001508
DFS,0.8758822013836799,-0.10373271672332456,0.23155361744554848,-0.07706951583978341,-0.12322517437516156,-0.026580513895157826,-0.024784124309461874,0.05402485069241981,0.11455513598493226,0.016715560347861466,-0.04096334359987377,-0.048395405124471685,-0.021265446457225615,-0.014808873045968477,-0.01828372838326426,-0.13166052864965902,0.0026409235413258556,0.033624404095876276,-0.0022059623428125254,-0.03514477726771073,0.021606402381450472,-0.04686847076486328,0.01954045205380352,0.025059301332510033,0.020203550670767952,-0.020269039870451686,0.023357157072714362,-0.029883431886478615,-0.012800511458396963,0.0016067550523823962,0.004047887958303904,-0.018359189196041566,0.0027139899093014883,0.024054195503265034,-0.022410799508547376,-0.018069908476574716,0.03909165563338514,0.019861905458620703,0.03624509512600037,-0.013806109581539446,-0.012851918584124818,-0.01618851568873436,0.0029810705487210215,-0.050657755295809605,-0.04440684256929358,0.014547465135453932,0.00523899976078217,-0.0011843661447073063,0.03065361392523055,-0.02533428258501706
DG,0.8382237038340802,-0.1483935277925846,-0.08864184169183786,0.06501988681023406,-0.006120686889476396,0.28129957469221484,-0.013883756269384364,-0.05248175983487464,0.10239997495244256,0.05217557666528577,-0.02256768763224876,-0.038082450784318905,0.014306449543284909,-0.06645310995086892,-0.04405778101009112,0.024655858443818412,-0.02990279320503233,-0.022884631309018348,-0.004603634517541889,0.0426626496652316,-0.02330855865273348,0.021145547576343047,-0.03634521588087669,-0.010341601614972221,-0.033190951323856854,0.005558428709890963,0.06652970623001342,0.04867918696121839,0.03164374483555722,-0.07133110077466893,-0.023433848964492226,0.05052129887485807,0.031341181413915474,-0.05132916622306729,-0.0202497849783357,0.045461343414043245,0.04823644055133184,0.023824205071483154,0.014889432315366866,0.06305877259416544,0.03151068426678656,0.003493498211344163,-0.01540524341512431,-0.017554601008796935,-0.010268975697756219,-0.006765268048919677,-0.009665200011452392,-0.004000722009497402,0.015876993891256286,0.057319326680044795
DGX,0.8003083489096886,0.15364619647046543,-0.04706359622914199,-0.05995463163790552,-0.1776094175079241,0.05370048201135586,0.12163616950465093,0.08762930991170496,0.004120606980093482,-0.15604008900502203,-0.05900028938547311,0.08936883836909308,-0.18202839279869543,0.004985992635108448,-0.015263845446118765,-0.06600744438266544,-0.05198536082090808,0.11577162737620617,-0.18725399184178193,0.031592986038368444,0.08103946574331046,-0.010367349452593471,0.026997626949294824,-0.050414866119340006,-0.06855998797859256,-0.007456738651271064,0.07259307436956641,-0.010822246548773541,-0.05019203301927362,0.050071136747960966,-0.012970427718185646,-0.06605928581227603,0.005171433616088281,-0.027414128826014215,-0.03010545169291255,0.02434986087980198,0.035426366221723384,0.033331666076412705,0.0604930895765732,0.03703600656216698,0.0014335679853151712,-0.04994609139470126,-0.029163874704217753,0.025313817147970444,-0.011424555671496178,0.03512305434001322,-0.032699024322740335,-0.013407807136589697,0.01787467499764775,-0.00944785288185628
DHI,0.8337760484919231,-0.14261150411598028,0.10508919166327088,0.05628937688709405,0.05357146821459671,0.11382993662324119,-0.04310641553239251,-0.10022715754873521,0.13689527097144993,0.023142091157409186,-0.016656092174954184,0.08998643913534049,0.06435264035539692,-6.494441704357767e-05,0.006262186658475808,0.02400077606674248,0.08204881889906507,0.03165758950947812,0.04899709938067601,-0.09110442564926616,-0.052034035051980634,-0.03758163477830148,-0.020208656855313954,-0.09734711348560492,0.009435460362710209,-0.0008237807020954355,-0.05839674584829908,-0.07220757815837729,0.06226304370875577,-0.012737356282366413,-0.03161909687181681,-0.009027266941551397,0.0566669671809062,0.04870033372786078,0.08751139614781067,-0.008506874798460455,0.001382410784349411,-0.06565295590955901,0.07973043757397646,0.08198528153598747,0.08238825413604248,0.016332649106070973,-0.02797428254008472,0.06806477797896482,-0.014172035953408166,-0.010937478707480738,0.06106088851505903,-0.031696666874318775,-0.012274794418839592,-0.009793725898500086
DIS,0.8224292222484944,-0.14238303520853224,-0.018264920687594777,0.016484090280069134,0.008157819000995123,0.15050557353246546,-0.0689126056193478,0.07941044189535805,-0.00782423146115085,0.060461481211732955,0.056105906462835385,-0.02114503650560256,0.1294159862834637,0.1207468488424927,0.11313334573195208,0.0192862330226736,0.014712572292742221,0.01796187073266002,-0.051454155365358765,-0.04759776702596442,0.04292489154854705,0.11912878390367679,0.037950854215523536,0.045276383799165654,-0.04425866534502039,0.043271542741728786,0.043824058802962994,0.019926031226884924,-0.0005718481177011438,0.07396767560639313,0.06403521513187664,-0.014913883681756359,0.04132929537870083,-0.03976925563498517,0.04934213420416651,0.012625785485276044,0.02558864909931921,0.0781343476657987,-0.010811990240370249,0.03826446923656957,0.07542764163056638,-0.06910125904004719,0.12862934853148797,0.052919544511877636,0.02424660553531184,-0.031045139104963315,0.05562581536054536,0.08700491620103912,-0.003082635382285353,-0.013904688797106875
DISH,0.8647259924169909,-0.054104526146302546,0.01694289147658523,-0.09157098456553853,0.13289431109808436,0.007454018339602124,0.04366432353136871,0.09376258404650625,0.018067312214437505,0.024946093806113668,-0.005707622978861659,-0.04344420200989198,-0.05978071098452996,0.02028420276367743,0.03647336254229708,-0.08548743246820528,-0.11999307630966631,-0.03854688124465564,-0.0034874829329273,0.018925829445627644,0.005406708668873916,0.012663155602916172,0.06267442748244068,0.012413021883561588,0.0641862871212639,-0.006670495203462594,0.06950718357121165,0.046317033880822166,0.07575764454021824,0.04124251480259301,0.014903272242239612,-0.0028079949603032743,0.02883430484607515,0.05480683754985559,0.05454166551353193,0.10529874401695748,0.05719724148382647,0.012128451801856701,0.08758923617308481,0.017392304308105948,0.016808743930209858,-0.03479763787422459,0.024892730060342722,0.012527507597240233,0.006773353618211783,0.0872975405590933,-0.06015256478761438,-0.02608929174630064,-0.018176739956804466,0.01576607042889846
DLTR,0.8354170871855384,-0.10458829676746208,-0.0878008718962496,0.03255527472757047,-0.01338623278716268,0.29394818468391526,0.018511407547060727,-0.015730084887193317,0.045913044715992404,0.06441452784976137,-0.06982376048448741,-0.021595106775109518,0.024696312140275224,-0.011375122845119644,-0.06937365464029302,0.05231939425309864,-0.0022385317513605595,-0.01828707668106962,-0.011556285549238045,0.012059793790091582,0.0056635138352473385,-0.006049384552455892,-0.013367028552989078,-0.03363548687032593,0.0020918424106759668,0.05663751123599884,0.03577111185907847,0.020215083755174352,0.03655921028086346,-0.022352448616942237,-0.01701067791967996,0.001149391655858788,0.004260610952127101,-0.02429647611820578,0.07074475358081163,0.043671462262409755,0.048529955156839444,0.03644208441787444,-0.06591265140112776,0.052597294336194346,-0.00017334272091725292,0.0823565796590657,0.010690717512087347,-0.0302450138014889,-0.012115854894851574,-0.014051826095303543,-0.002280973679541749,0.055236389009211115,-0.0054314231193129635,0.08102047493366013
DOV,0.8797423103698634,-0.14063999196567037,-0.141934016238831,0.09838804702645246,-0.03981966231487461,-0.07158578667676128,-0.036286744642630674,0.0687904056344241,-0.024446406346275797,0.005197363084543166,0.04719918972381762,-0.0292410586268275,-0.04215078897338866,-0.06280192957080169,-0.06858188341366404,-0.022707204125315527,0.022437293623866945,0.01066523808524455,-0.060577566297302037,-0.01664870180247573,0.0007034999971635958,0.0039181764829047646,-0.004727930020048872,0.023399166514685463,-0.03325892776693107,-0.033167792565818276,0.001969576009387592,-0.014774581477073025,0.0204624145617122,-0.034948957231080255,0.023940678734780188,-0.00996439001673471,0.0065870649373077055,0.011642111798826453,-0.01621356220803707,0.012192470931591537,0.08665402405803749,-0.05603332640518588,-0.03837397663455048,-0.025789685862967173,-0.006597861260849509,-0.027687911516399665,-0.05284419134853487,0.026246013211374306,0.0044715234519716665,-0.019969112516469514,-0.06418358374975777,-0.0292477061917333,-0.04099948760378943,-0.05529427500244298
DOW,0.8632569395956985,-0.13129517628834428,-0.03699828446582764,0.218369046431341,-0.012963393098103562,-0.1007337826392696,0.006393470408067222,0.11577560370625162,-0.06019447927680901,0.009355942840035828,0.01375472504037779,-0.04579166272179065,-0.007906081440326972,0.004184476264780066,-0.007486834651011742,0.03124828264474533,0.03941470448072082,0.02632113908965147,-0.07877273606331697,0.006996005763271847,-0.01611385390796971,-0.018635672527017186,0.03562242605926402,-0.006250896774402699,0.03955116975975696,-0.028803236164511893,-0.02291315806135119,0.021340822901102244,0.03363512385820093,-0.02038217830685147,0.020077596974772037,-0.027982684673612642,-0.0012490204793963915,-0.05004618539470701,0.0005535789837403178,-0.03195063977883242,-0.03072115000587275,0.0048950229929378575,0.012273331412928336,-0.005347330285209912,0.02037961602446717,0.049328857627000504,-0.056378809735637594,0.03971370239070207,-0.047456048070760794,-0.010588434130903431,-0.04249618091336202,-0.009844312171358397,0.04717271573712377,-0.007266937812152882
DRE,0.7848273598881749,-0.11730152278249473,0.26439880759353257,0.15021809175482415,0.22045641234406088,-0.021553053019593683,-0.09730916757423878,0.12057273156124726,0.04775845873964901,-0.005685302115844186,0.12658956728188991,0.12328437699376023,-0.032024308859127666,0.07775014625492575,0.006161285185078124,0.026933779730175442,-0.0025163073082704844,0.008147581458094601,-0.05495502542071967,0.11211916194492136,-0.06030626612482926,0.021602937258139165,0.009391276536758529,-0.06420324690153274,0.022968074181237884,-0.05116252587851731,-0.020732938481701553,-0.010127049184391352,-0.05062546973023047,0.03381564208496773,-0.0006214334718798607,0.006211808877157268,-0.09977007203973581,-0.01964429717620913,-0.06204159336843518,-0.008034307223771537,-0.02215119701108565,-0.041567355048256656,-0.01918267813912373,-0.019447639175263053,0.012764195348412347,-0.007697822145637462,-0.0214265644977342,-0.010328093076380286,0.01998940802111195,-0.014402266182104448,0.03365663689550509,-0.03873300717685369,0.020988158534649717,-0.003832653190684456
DRI,0.8496477597127442,-0.13847378468186708,-0.060617898443324436,0.03737140242294549,-0.007874230893294152,0.19399016191509139,0.030906089646101226,0.03906393815721968,0.013268042687849119,-0.02751700160701545,-0.03333026756823245,-0.0005546771293092403,0.09702477409832361,0.0606086176501954,0.02954203441041886,0.05111226356912402,0.07845814961273763,0.08251851917692342,-0.039825510285049256,-0.07517958525552448,-0.04441005570096109,0.002435767613661981,-0.009571353456511625,-0.02382035758300859,0.027573143476536357,-0.04866829150893115,0.04314018234889393,0.017022160266265726,0.055764683832029635,0.018995499833822014,0.047945542353863495,-0.0026999967993056595,-0.0019145554558272588,0.02207546691316043,-0.021792836134555814,0.00039135063990939506,-0.06425728336736351,-0.06614918654021733,0.01064671168353786,-0.0009436571217694366,-0.08091906047643796,0.02171581559735827,-0.03300770166182933,-0.03250613957949009,-0.012321736399765339,0.05669071440130664,-0.0043950169104523505,-0.035815879559887714,0.04621350130350066,-0.040221346062941164
DUK,0.8274337235530023,-0.14813523883076904,0.12077753595576562,0.24475190062886357,-0.0032242626490546497,-0.07011616650175415,0.13872335442729877,0.13113271045782895,0.04625120720231705,-0.05400369545790641,0.0012116817623709225,-0.012715178542013903,0.13711157723660258,-0.01464449591954035,-0.012551039771232536,-0.026082635332056743,-0.1323418845757454,0.012696751695703239,-0.030513866747375256,-0.04138432877810316,-0.016381736527679065,-0.010741709328065474,0.018174695607424567,0.0114153423284385,-0.02000720167524827,-0.029388260579388432,-0.012002159871284956,0.025986918787991517,-0.03606468113907298,-0.013266580722248228,-0.007820709547888946,-0.005958183255558634,-0.04900492512838123,0.018987157142578127,0.008494931658491321,0.011387281750421169,-0.030009293863074285,-0.04885965481925451,-0.038064002263341015,0.003727068004997441,-0.030371098959966508,-0.022337324504804242,0.0030060899838458793,0.04735815467767941,-0.015720035557454142,-0.0009811758962987409,0.012574139229031207,0.024324611515160546,-0.005921017532858739,-0.005984096317057415
DVA,0.8796006908222774,0.08215091649975051,0.06109343113276734,0.003552042056961983,-0.04435676525656306,0.08766808871526063,0.045110129917599134,-0.008351766927298965,-0.12792407691416172,-0.10232194472608602,-0.1105352830014595,0.10959937397682251,-0.08547091396835085,-0.047599901856047,0.05670125249152021,-0.05115917846013123,-0.002874093229155844,0.0008430815507239594,-0.011201210986526211,0.03337626336086064,-0.006036159442817381,0.04845579793376455,0.01975256142701367,-0.0959289957500134,-0.006536924521078972,-0.009808510339718744,0.005798627776468473,-0.024416773332918,-0.06068055083202372,0.04426970292642491,0.041609065843203945,-0.0018346639323576542,-0.030242268377122402,-0.035259863670901254,-0.019430739923455415,-0.019162990528814716,-0.035321227690624034,0.021269393236268974,-0.013692019305816719,0.004913003248182192,0.01296140656924174,0.028403250685313946,-0.045828268756876955,-0.03741628700314063,-0.061046534436379356,-0.025324053326777275,0.03506203397658958,-0.016281763412378275,-0.019662163002279243,0.004148356069920431
DXC,0.888009587266545,-0.12071289551837036,0.004661080920841826,-0.04300774816828827,-0.001228351393087847,-0.020330046751631928,-0.05623221850302299,0.08441850091782328,-0.013441670450780154,-0.09829859780963923,-0.047419062618248346,0.09878465647101177,0.07702676619088046,0.04406148374795071,-0.031936767620235354,0.031994618690088614,-0.01530654627013353,0.010466353997443964,0.11078025176338355,8.674580052897305e-05,-0.005776741264336457,-0.05323260267682655,0.0045712447651939875,0.008426048274750311,0.03269150773721344,-0.014499600383201345,0.044844953174818875,-0.03283176302441398,0.01046231358240845,-0.048282801307742165,0.05979856894527457,0.06493825956788656,-0.03980782612778677,-0.0386561226940595,0.009237234579426937,-0.05406647435026434,-0.00536677224689398,-0.04529163260402367,0.005285106391590436,-0.04795224562932077,-0.0001905971258876854,-0.013817897144263,0.026229708236459405,-0.00767632088294927,-0.02762612834904573,0.03376712899827681,-0.006206224661775796,0.01526866982637086,0.0033363218869014817,0.054694490164875174
ECL,0.8827710956369933,-0.1118697492284669,-0.10456910072772878,0.1659404366742471,-0.04966901907341091,-0.06519654109500977,-0.10507155484231581,0.048839884296560894,-0.04686882870278591,-0.02047737001423414,0.008700759862275064,0.023293643843312173,-0.0664459614690913,-0.008047610600653964,-0.0458840425604238,-0.002210985974449015,0.006517997838561837,0.05326012347784192,0.006122242048088924,0.034573690744968244,0.003501072000484503,0.026148372862801424,-0.012435138005358837,0.016423158898900215,0.04506301404194604,0.011075607145152051,0.011795044156484573,0.011172458556058513,0.01927414539428448,-0.0013754532811535666,0.005566310632833629,0.0042947253831069785,-0.03849101123121278,-0.012512953607391951,0.015480228875397429,0.025855320849266016,0.015900253808246365,-0.015744876771439043,-0.004543504447402083,-0.017978953094139348,-0.033660254865656034,0.04252925398768003,0.010430740357469019,0.04278211644494256,0.0084124437383853,0.0004942294049055827,-0.04873931359016368,-0.002660045418177897,-0.0017345456567048852,0.021972611408539334
ETN,0.66842432553737,-0.09826757723065313,-0.22026135543574754,0.04705633456406404,-0.16906823479723335,-0.04250004386508533,0.15917892370916162,-0.24231394575727302,-0.011756914713455052,-0.027736663050560044,0.10071624267587795,-0.058450763351377784,-0.0717291566485363,0.14053480087016712,0.04200106289327301,0.02437587722309253,0.08580847247846946,0.037002821384144104,-0.06424119685898441,0.14029375740331898,-0.12790891587009212,-0.07129964524785455,0.17041625875260735,0.11387792221383188,0.08982042378803323,-0.15827125395877265,-0.01065378654321227,0.00791176002729198,-0.02428761572755543,-0.04039974748032052,-0.10754213023865482,-0.10929037319070375,0.03954421674548546,-0.03356804764096013,-0.023171231234558536,0.04299074355264721,0.004344327237178813,-0.07739745469198599,-0.10031878533543631,0.010079931852078757,0.01683657454053016,-0.07870392877726053,-0.01807861899004771,0.025740027702516568,-0.10397995452079085,0.06631352444781165,0.17195619482742383,0.11337949060262642,-0.10904459257344633,0.05474387683304834
GLW,0.8544602717150185,-0.09774504635491317,-0.12262539868139334,0.11364170955812768,0.015353448369516472,-0.15035926933529387,-0.099528197898393,0.08805657930146295,0.06505062270403095,-0.050738854133668146,0.05630899007045909,-0.005178763599295896,-0.09838664401622124,-0.008057552102172587,-0.03043716348527871,-0.031823004507770015,-0.039269045855948106,0.065547907102024,-0.030265973327779676,-0.007688093984382261,-0.023539130655450054,0.019708563211126073,0.05239061618534123,0.04436755328503584,0.013699880946830606,0.003995337496518367,0.08686340080508115,0.011474161870945358,0.03372636216206724,-0.03754547097922314,-0.02025714495773696,-0.009705905606207575,0.06944422613036866,-0.015894207676656225,0.012177941753640072,0.04457493175783908,-0.008407503978611104,-0.028827028066771582,0.043916128462267966,-0.028714098739341488,-0.04672951224088693,0.042724332272330946,0.029105673458079108,-0.01994622669829066,-0.03174055820250594,-0.003549480596207684,-0.02388675071136148,-0.024789192137653144,0.02767275664204241,-0.020427029450542266
GM,0.8717757757282861,-0.09070199094115595,-0.048749538730887845,0.07016943571148378,-0.020464773649551612,-0.09781337774825531,0.09252324909347139,0.08800859573405247,0.05671996340215551,0.0825918600945009,0.020756230406245097,-0.009754217332612303,-0.027224956988802403,-0.02112939598354553,-0.05532980065538054,-0.007154820698975906,0.06299751520371133,-0.006043464626799512,-0.006432130770751107,-0.017854703822811298,0.09888689933889933,0.08347270053299008,0.09046521298285462,0.006137702067597627,-0.07061751556630244,-0.007195299702139141,-0.00587683854518355,-0.049336772581730984,-0.08401365992485707,-0.026005140144286988,0.036372959709552524,-0.039233406869230485,0.015612938080992771,0.01515715429561876,0.04686225064751433,-0.030393185217513358,-0.014012712368703785,-0.022192389888263428,-0.02743592672933311,0.032961920924446525,0.01179084019183757,-0.018307342501943498,0.019851975260338307,-0.06753424305272324,-0.011140098653301185,-0.00918753614365254,-0.0016560104777420823,-0.006714305820593645,0.0225409584369893,0.032359911844501064
GOOGL,0.8646427664330361,-0.07864168209376929,-0.09962653116013087,-0.1630887957240078,-0.02041679139495066,0.011473353796267828,0.03569947339283308,0.01681255807945461,-0.0716965808621155,0.030009518221582356,0.10692279216155721,-0.034248375776925695,0.043055866147986746,-0.010357379354209453,0.06643922033439606,-0.08141939504463179,-0.03287373276318206,-0.012500378367187327,0.0036019638960504753,0.04091282279656065,-0.039735768741966965,0.056374009915166966,0.0033624867152191513,0.013810198968824796,0.015768219253958316,-0.02168235260440177,-0.0020035562611610326,-0.0977743900211327,0.02936511918307725,0.023886703135544272,-0.009468466951833353,-0.042349652278401866,-0.03937336753389488,0.023020824241855677,0.004585336755359217,-0.01947932926578192,-0.058156221780894364,0.011271115327072182,0.05039803897900761,0.005287382802366487,0.04272442921150151,0.0836892454170803,-0.023625105352926227,-0.012951818373778082,-0.024304875051650333,-0.008252502943099123,-0.0012658601963503394,0.0020979062766334922,0.014511475913495792,-0.02995281270542607
GS,0.8771305347359311,-0.11513500215473622,0.2609413437490169,-0.029071228667111437,-0.16464005239009377,-0.06538490322975024,-0.0211830327995509,0.0683650750339958,0.061555076032994586,0.03343078316582401,-0.030073907346669315,-0.013811981868609269,0.02868222595600338,-0.058925141177033895,-0.06883835248711205,-0.06878492676227516,0.025937485831609795,0.027197185268881926,0.008270111815792723,0.031475559164410735,-0.017571206213832766,0.019237699860133302,-0.001795044690982319,0.011116414867915985,-0.02661434851976376,-0.004199611469863597,0.018711994351354976,0.01852808339703771,-0.02349882594844929,-0.02385738119740362,0.004590548518261398,-0.021444771587980343,0.052811797472414365,0.009514032163388121,0.0043255143103337395,0.0490620999521801,-0.014480557602123597,0.031558491806056785,0.03457226539658554,0.005425808351952451,0.004186396921565802,0.007975056026108034,0.00818280969601123,0.009170906361441413,0.003303996565180783,-0.009716279411568647,0.004862365833918854,0.018316203984277003,0.006603159699566884,-0.007064167898014342
HD,0.826832867823285,-0.15270579909338738,-0.15469533820797265,-0.023504072127741117,-0.08885485168828318,0.2654320876773085,0.04997032931193538,-0.013093004093961861,0.04925901287263327,0.023231536461248512,0.025261739792062192,0.0016014951389521819,0.07781860987086164,-0.06669206033817683,-0.10617982969202588,0.032487090342573625,-0.009425209352371214,0.009399042182842066,-0.0749881151798529,0.0445919363075072,0.01883065444175541,0.01470412538282396,-0.002106448079558232,0.01673906074039719,0.03549208936071202,-0.030556731298357856,-8.764044262993384e-05,0.03407920721795905,0.03501066209592409,-0.07993207133510254,-0.007341227599210786,0.04545966854974638,-0.04210172373132488,-0.023802475788533967,-0.011535253756308001,-0.012404747145027937,0.026650418016978237,0.00728581504207637,0.021228585665691416,0.06288164315470234,0.034813141836402786,0.0537705451613273,0.034116698445692796,-0.004977668602230107,0.013853689853938173,0.02165596539480072,0.028077253050715952,-0.051832528328227066,-0.04066601311384063,-0.016371199617774283
HSY,0.8488296395322089,-0.1600578471948664,-0.09513792444516928,0.13736833744074825,-0.03082138586977831,0.04746868215472166,-0.1225715589630725,-0.0008591602788282761,-0.06852279794183047,0.08119973823899543,0.06779316178697757,-0.09588337214008603,0.007456675710119635,-0.008195161522262257,-0.0029921581513669615,0.017616307566146662,-0.032766997545246056,-0.026163280198210317,-0.05888057371687464,0.033147719945798765,0.0011507461544541472,-0.05311865159957013,-0.08246783615970071,-0.06734837229017776,-0.0029569633394864515,-0.030661027638762654,0.0476961188430576,0.019056905680776816,0.04244137374891031,0.04990360639634036,0.04128990255621166,-0.012112879275611105,0.013322520282212305,0.05209551383262015,0.0037618260791540984,-0.008147127429844133,-0.047611462667648305,-0.01791846119780569,-0.01685741672109294,-0.021909709495245254,-0.003979295564567855,-0.04125680801112165,0.003774775170909838,0.005991688809577653,0.029583882720490385,-0.004032424156447974,0.024571026332352683,-0.021373249023151922,0.037642594644863615,-0.01293034901924704
JNJ,0.8470533009563892,0.1066021763035876,-0.10407121404335826,0.09534397338395462,-0.15664891940278877,0.03995723073745297,-0.1115059255786191,-0.07430419506191914,-0.04393733545257661,0.0047222087398306216,-0.0029545382349724747,0.06847254017030277,0.04958233576046605,0.06443966693491925,0.08658004520334843,-0.015168513515441689,-0.05324173147390947,0.032336504596057275,-0.041921392084141244,0.03504900198834024,0.01495997847608199,0.04383154749361336,0.054044531517322976,0.01931896578625499,-0.002398325241939095,-0.014871524552225098,-0.019190710516981284,-0.018455543511454193,0.02949676882369597,-0.046092880099865806,0.005282320354255771,0.04035981469666413,0.12626773616265705,0.009034284956234189,-0.003640319280219093,-0.09628034390588264,-0.04918554086933704,0.004256263020544855,-0.003909870930591013,-0.018819492225301236,-0.006843372347413954,-0.0027637510348276356,0.0021234287289846098,-0.007593575175159947,0.0180071683628547,0.014515566474877074,-0.035004682992630834,-0.02977362990589857,-0.051119849130603814,-0.03313894630066705
JPM,0.7868198938684123,-0.09154999316578295,0.21835379932380442,-0.15147958023701785,-0.2942280019614084,-0.026715039611652114,0.14139928041792293,-0.07728028720304586,0.03349253513297172,0.0823381365596097,-0.031402394082976626,0.013087031666366423,0.009492133709831254,0.05470715082939889,-0.08812237469733762,-0.05023165404888122,-0.01934238982966455,0.03556498793108421,0.05882677606795314,0.0381531284566671,0.0008702986440594025,-0.02138396989616328,0.042981551035973495,0.008097220548073122,-0.03251283362721104,-0.04087909956859939,-0.007438443605372821,0.04506449853081143,-0.008493275768936347,-0.007088674126906436,0.013421110022594423,0.022897756831261232,-0.001823600880129814,0.031218311584389133,-0.06265470401248086,0.040206082531555574,-0.033476610808700145,0.01087615226795169,0.0011644682683716143,0.013823658066359438,0.032367667944048856,-0.04839577073074707,0.01932095657479738,-0.03739543239465834,0.020012417809631682,-0.048072646959962266,0.006789670907415063,-0.011017168798045388,0.06126880239075604,-0.02133209011429792
KMX,0.8331646297204568,-0.13121724940981278,-0.001965718370067615,-0.0343676836032444,-0.016378301657863737,0.16114944948618162,-0.02535810758944202,0.06562002459364885,0.22177780663457058,-0.051655744146963216,-0.014103112755293579,-0.031296909316406864,-0.03371117967703742,-0.02253108050913037,-0.05886119998928883,0.026785332521781127,0.004650026614785923,-0.006830671810614394,-0.03188580385032844,-0.0380389255972737,0.04295860644394073,-0.014828214482121488,0.11084465094080069,-0.020679080737184358,-0.03456582655790522,-0.03154695153874764,-0.042961265455684,-0.0751310582098621,-0.07832632440024746,-0.01356785247494336,0.016563764850687286,-0.044919838667075704,0.04125998021752602,0.05220505393403881,0.003834228840100626,-0.030472009857039135,0.022681801903049876,-0.06457998408999925,-0.019243944076770613,-0.05573382325026068,-0.00897348731809754,0.021511243889547244,0.030328835328180637,0.0360068403062833,0.023695751141625337,0.027491019683532073,-0.018346675564459746,-0.005042445351469282,-0.049767102527739394,0.010367781248810841
KO,0.8949213109654605,-0.08471221806948333,-0.07488376339619807,0.043967607895209905,-0.08835712512045216,-0.010515950427649232,-0.020994019099870368,0.1125339386797463,-0.060644040830374314,0.11901778969910322,-0.0026253826936453216,-0.05203378391270126,-0.019668409456933583,0.008351147019353473,0.011023522723947266,0.04325264772267562,-0.03867601473344532,0.009035711414753966,0.0032808153505459927,0.04416147849697394,-0.016502932703032273,-0.007763221660821247,-0.050720571446264885,-0.023951852740581505,0.05237565797603249,-0.05805069644852448,-0.00907456510023509,-0.017599660150699265,-0.021087039233318932,0.0495009969110614,0.0020277012554428915,0.008073184488284904,-0.02545743454776416,0.052584443916011865,-0.02856056441629122,-0.031175662051466706,0.0163106190362587,0.013229592916111884,-0.014721272894838452,-0.01644128591776516,-0.043614382353173,-0.02122917885113843,-0.024589797026741682,-0.03356637830082396,0.04702615952409662,-0.014120760054278689,0.01992629422592425,-0.020110217747633136,-0.028981458857519626,0.02146150602248303
LDOS,0.883722407949671,-0.044913355221525016,-0.0589489638654149,-0.07412884357842428,-0.025964308789060794,0.018310151116132392,0.055077360676939795,-0.030228309991699922,-0.05482405515648988,-0.09400529012736476,-0.06520089464209551,0.07180514629033248,0.06473315955593377,0.005904588603964442,-0.010937586062359738,0.047299982696307585,0.08084849606436174,-0.01122069629273622,-0.014190511423279657,-0.014812817087873058,0.03204225582131954,0.023116115956013667,0.05037068415422979,-0.08679416801384573,0.058469289908183085,-0.019717262192415465,0.0484168845485499,-0.05365674401756925,-0.0442188035285674,-0.021790902743216198,0.010562746858680824,-0.004183827488777364,-0.022294701962191556,-0.011488755378096922,-0.011965166731445386,0.025671953681742486,0.022018146027684676,-0.019093873556536734,0.04043375056700187,-0.013834957980625891,-0.0025116070654142113,-0.004098389656180256,0.06743988772158341,-0.060454747641134815,0.05243373716730009,-0.03867723137602063,0.021768839852824656,0.028721258707570103,-0.014481490967709999,-0.03687198762732026
LEG,0.848815603824537,-0.16181232831912085,-0.09618610829992265,0.15903014655361877,-0.023669641518330075,-0.024654032107324583,-0.07761854635841856,-0.022666557639279713,-0.004219875202771017,0.04516656810109431,-0.02774856176155782,-0.01767962609302523,-0.024394903481088647,-0.05092992963666548,0.013450199468486827,0.00178022260856454,0.12262566537071928,-0.06124896009188659,-0.0053488017729373125,-0.01718754930054576,-0.052848943481691946,-0.05251469244246855,0.003353940189779122,0.017596269116047777,0.0015787297541537384,-0.05378164459673245,0.0036491963971585204,-0.0034563888422502885,0.008815273264339533,0.012665387203922745,0.027034193499192272,-0.034210202224936745,-0.03414140227556974,0.020863019863503203,-0.040557181203471335,-0.06160999340139816,0.024648723966830835,0.06575967730042687,-0.09214086871723014,-0.0015305126546338622,0.049503625321429406,-0.03537135774303068,-0.013163093586725483,0.10213697077401765,-0.026468417127938668,-0.026324343589102475,-0.07806449845788009,0.03143829374519446,0.0032587555791918346,0.04082132103601519
LIN,0.7702430459894968,-0.15658051341693424,-0.1033783070608413,0.21138429789626317,-0.02213254616167407,-0.10772405609599103,0.01663631476971449,-0.10813541034349557,-0.1688071504461718,-0.04744835669197939,0.09203353381666868,-0.06900724425613584,0.02629370802859345,-0.0025933184446267563,-0.06225205028180113,0.023430387436996505,-0.045724349182345435,0.07067782263899126,0.08805675604996206,-0.044748901033829704,0.005146589039193378,0.15143398111656753,0.07488619151259536,0.027426994383795332,0.030523022483528676,-0.03549688572282795,-0.05486906297748532,0.021419013917833803,0.06700061014743637,0.05678812418239768,-0.003703251196426479,-0.037509511215889794,-0.02046625785938172,-0.08739975632301411,-0.07753792214663073,-0.04229831314040665,0.08706617794033014,0.014975885713217882,0.033563701934551424,0.07566524368674818,-0.02359438460560956,0.019286481803048178,0.004340603649741549,-0.05291573752889024,0.027700828755054297,-0.03514587754962748,-0.032426868205991215,-0.012296699407448848,-0.04293397195985194,0.07710529964615544
LKQ,0.8951075317060604,-0.12049705934160841,-0.04568187395106527,0.04344130111493702,0.05510986836857134,0.03096962229100076,0.01321554667952714,-0.00034109668557422016,-0.04234190179594322,0.06555616434586035,-0.05848607982348551,-0.007471059362080355,-0.052294326967544234,-0.04739975753666647,-0.054564662078275004,0.022605518476843334,0.015975635216675027,-0.11722110625349355,0.015890025743552097,-0.06679817895722431,0.031831960845518655,-0.0007688270089142424,0.02489519100598821,0.032266598525109755,-0.10162198551246171,0.018127067464048265,-0.05021027215301355,-0.04625417708289694,-0.02279459061410373,-0.0013409969443920692,0.001539086256685985,-0.016273878926872792,-0.007383307108125701,-0.002119320258138259,-0.042580215239689925,0.016612155851600852,0.006014377595357433,-0.015920612472443214,0.0006364296822727428,0.013608106124126624,-0.011726648416252925,-0.028408376122193473,0.022484411072369703,0.044807016069394134,0.008347401222647393,-0.0076700587582653,0.0023115358005433902,-0.001779675829668271,-0.00027463520560437984,0.010349007790409972
LNT,0.806566241541113,-0.16181474268467555,0.10639916999497163,0.2528956942498033,0.00812387141649441,-0.03779959369063639,0.1583131296084379,0.009269667601361399,0.001908431625524351,-0.020076769915418596,-0.03209709599885428,-0.011658626475119156,0.21870775824651825,-0.07098580818975536,0.012498625624937868,-0.05090399855820757,-0.10314120551190412,0.0095014397109866,-0.058190945794900896,-0.025590890920815706,0.0068861181140813,-0.005347775418467363,-0.04040499009988444,0.04061182487079867,-0.05590376238878265,-0.02401600313170413,-0.011015486795462612,0.07383172970346223,-0.035029877430696715,-0.04490009203915468,-0.0014109500168620764,-0.035835461079191486,-0.019736098655386305,-0.02316788910220651,-0.024820614065231433,-0.03781826452815332,-0.010387723130027471,-0.009732410270360712,0.01725195490495987,0.007175213945192501,-0.030842460726411516,0.006895594329562526,-0.024769140639972237,0.030416455566731577,0.009912359377950168,0.0223508128315932,0.02374412010034338,0.032994497201342655,0.044277437839664764,0.007171121662963956
LRCX,0.8757159202076905,-0.09264289559236862,-0.14606720426706957,-0.030062770461094682,0.04622108076161543,-0.1110673877144479,-0.02059277307100975,0.059743762044502255,0.11362971857285467,-0.0289959289218207,-0.048836046432246476,0.08920917944688087,-0.03995481222519537,0.008675255344338117,0.025703579073681496,-0.019524141955238203,0.009914873433908924,-0.008810030352933809,0.035444796618529034,0.006746374610376514,-0.013085383119438675,-0.014937649502493926,-0.025873677674859832,0.0031923216781641764,0.02547485525772965,0.025796006422661555,0.04779584747913579,-0.008196934163045963,-0.00368326157130659,0.011488009228181818,-0.015577558033400198,0.018350628257441125,0.013821695587766426,0.020262493625907665,-0.08084070104790338,-0.004765057270193773,-0.02946995308779974,0.006915568615404225,-0.033023281495719,-0.016049657951211747,0.04003421122635467,0.03763897684182598,-0.01975612262490818,-0.01938882852151113,-0.03299286758581708,0.024072354704388305,0.005237797786809247,0.0007628064502955923,-0.014374392076162531,-0.0283471836097199
LUMN,0.8953049861043564,-0.10658564061000383,0.01148046746703538,-0.029019508274405022,0.02404679464163886,-0.022896888886765023,0.0039226549235873215,0.02017172334446911,-0.11129227797719424,0.0018810955642617779,0.013956572078959876,0.01705730891583338,0.021396406036317202,0.0035786628016340897,0.05037692808336709,-0.03568068119432831,0.00011220896969365364,-0.08910747347225584,-0.04150142894085135,-0.06061692383767927,-0.004457699808459066,-0.0711656320232821,0.02180451595197544,-0.007508188758641822,-0.008095628137064263,-0.03674446641095504,0.018404203973927405,0.038479807746474595,0.02108436520440348,0.03428417425943113,0.05177831795114843,0.033687735241423974,-0.015200878877936638,0.031169354221128834,0.028025681138144402,0.030960725592055743,0.026613404309954323,-0.003738452653307786,-0.03313084109074327,0.07681019397608868,-0.02571521447442449,-0.02948218795491483,0.054312529926796534,0.034608588849034484,-0.054346319268223496,-0.01806082741284685,0.005816980667813707,0.01346470911816886,0.024863381954817534,0.02943729496178012
LYV,0.8771576098166266,-0.10334074789645663,0.03330670373410738,-0.05385724741527848,0.06082005438368879,0.07514032164314516,-0.038086496102655326,-0.02897698924464138,-0.12031092666355794,0.003837738010320512,0.03784781954136251,-0.05591566586312179,-0.027493348879413047,0.023082275042812204,0.01134071789397928,0.022521283559637853,0.014240493579428706,-0.010684109764495364,0.07933432705832746,-0.0806455836044267,-0.015530758551248566,-0.0010982743732554177,-0.007302606369269176,-0.02713065841691279,-0.049433681820139505,0.024444707812014327,0.05045180893997193,0.01722764447157912,-0.018508472860680983,0.005901173861737746,-0.030376048451291566,-0.017960620310396098,-0.07205550577807648,0.023865782167517197,-0.03766448360274707,-0.013352199612980871,-0.006048806659883808,0.03530945960524941,0.04080488109561691,-0.048491123837260806,-0.010803451671457617,0.006836706647864024,0.05468239874555634,0.055352525149093536,-0.038418520239904025,0.04497615596390568,-0.016281452192242196,0.020422763338530357,-0.04970736253527631,0.0117243824599174
MAR,0.8287076085599194,-0.12326908647194812,0.041396863971929626,0.01642609320402983,-0.015555678578266029,0.1670893002784022,0.03636373537748132,-0.021462590352429325,-0.04558364639120584,0.05048757912331223,0.05585314953776807,-0.0017986661402644944,-0.00305327961445152,0.01724487640699139,0.09069276051617553,-0.053241704533226464,0.10174437889294097,0.06511596333496887,0.03526449633486757,-0.11307473462394055,-0.02239327525442436,-0.013218535758530598,0.0045890153165637215,0.029864805392452773,-0.04425759640884295,-0.043972049768472056,0.06669948286342499,-0.004485155781793411,0.0345453307696022,-0.06175593962771915,0.039401887107680916,-0.05130054778954577,-0.040744553927672136,-0.03852664110189629,0.02310256131507683,0.04395364129417798,-0.03357970520823677,-0.05644880899177412,-0.004500913690450253,-0.005051807237132009,0.08765394016801513,0.09145572469526703,-0.0677025468838105,0.03767429424453801,0.0474731644161812,-0.017888408753885594,-0.016357372105730655,0.05389505306636736,-0.10204690836485185,0.008094110694913061
MAS,0.7987622161711082,-0.14387770524208202,-0.15527121286944545,0.08501077997774542,-0.01060859788902297,0.01616027523064558,-0.13157238912924943,-0.12960616810842687,-0.04513681922886162,0.12720767555501514,0.04448212252477473,-0.09282252131343412,-0.013688858543117785,-0.015582517693343267,0.003248674998889095,0.031779200722238554,-0.06439911548430086,-0.023899770598858158,0.011484655374609689,-0.07901058966862963,0.005501530781127202,-0.09402110648341369,-0.04814620850868852,-0.012955390892061325,0.01202931474761234,-0.09212069544511949,0.07082157450028238,-0.029778715135861625,-0.04606859041145336,0.003961314471463454,0.02103728124331007,0.03039364345132901,-0.00036284632476244697,-0.023196435974002547,-0.10901285314443336,0.02674527763062647,0.03011109505918923,-0.04761540645159342,-0.03680904602430089,0.02495434975361753,0.0051881906922623304,-0.025039302063121497,0.03122854521657422,-0.007709553345442132,0.046234628563736634,0.07117450602765003,-0.07594835415481595,-0.03169148512903231,-0.09717034216772523,-0.09210220982252353
MCHP,0.8815564566046566,-0.06968262100820415,-0.16535220520118152,-0.045645731556968265,0.024521837042126668,-0.06844893055617052,0.00852542557195309,0.0441865148015256,0.13490564747800898,0.002842734022678983,-0.11678447526041684,0.07801408394717282,0.01800899806268955,0.004534506466187463,-0.0064508398443856845,0.020505874743088036,0.024775787758625434,-0.002557031294650171,0.05197417971908527,0.008832429209207673,-0.028375238144218006,-0.004948886503567737,0.002083211673477799,-0.00039276265509920476,0.008687366273452804,0.0008625567112170197,0.0013421494069446255,0.005907605279744595,0.0319753605357232,-0.02363014196937333,0.0316146765705516,0.03108949636357395,-0.001909852160272309,0.004406327770659325,0.013670648439157598,-0.014428368646173752,-0.003914761701215878,-0.02767508532674845,-0.025701131041513708,-0.0378059933818171,0.02796142611535958,-0.008805978523123406,0.06338259329464319,0.03086233360367327,-0.0268982738673387,0.016429737760749682,0.021564977435538795,-0.012560142737011417,0.03168805304926566,0.05947516988135921
MCK,0.8790873381185464,0.016938999948318507,-0.04466683104907924,0.09228534703699093,-0.058699787205497324,0.06616571602030144,-0.13318954785692483,-0.02021790429690583,-0.10624492373250612,-0.030102659264579164,-0.0800502512494565,0.04255294722932233,-0.001840215108383306,0.036109804985449113,0.018396851057109396,-0.03412179794521819,-0.04602378034651007,-0.022765369966438992,-0.04749832305831244,0.020934786785497324,0.023976311374105073,0.053103613947107615,0.044978846861691894,-0.09877140099683539,-0.02213513865222988,0.019364939020172275,-0.004439352742250906,-0.03325709307137259,-0.058683741342648026,0.024603650921813245,0.03450836249413931,-0.007326292557417069,0.03702970677753836,-0.03185403229762958,-0.04943618206527577,0.017728761505821672,0.06211338828193681,-0.0414667706393707,-0.036151573457804675,-0.08677173683121944,-0.007386614173097483,-0.0013137600711470394,-0.027624232132365718,0.047259695016238314,-0.046063692273627006,-0.06940102688236535,-0.022055669348476744,-0.03404007976903881,0.04237643361262764,-0.040039699263217814
MCO,0.886643692751554,-0.14792704734387427,0.04512009938400984,-0.030718970007428882,-0.11276588530648413,-0.06544667848676683,-0.05771940380758541,0.07157151938307714,-0.04638337013117823,-0.09373000286777775,0.061576917247212266,-0.002600878013873863,-0.006530116590366381,0.017606808483575886,-0.033609624203488585,-0.05233248994595971,-0.011555058306054307,0.022970527594612617,0.03968737289972749,0.023223552337880433,-0.025548254015562325,-0.03655888003189181,0.0343922190683649,0.005012446826290941,0.009824264774932959,0.025424526187332416,0.02225563952234985,-0.06384208566720455,-0.003632383054957994,0.00053475151637278,0.02014119299508384,0.051062565571329585,-0.02515375558818353,0.031834825388576245,0.025507257137217614,0.03401214939694729,0.023527786082435328,0.023804078891018224,-0.03305049329262565,-0.024413499740293613,-0.0013541228255281564,-0.03644704940073121,0.01905615592709281,0.0024938468205374016,-0.02060701343608879,0.0006723272935527086,0.052625415225867125,0.016791519782065497,0.015165229359791093,0.0036951291292208156
MDLZ,0.874269331888281,-0.1396930370725405,-0.1080599414317403,0.10159003908452979,-0.09201741148793079,0.0032852791912860325,-0.06267990401433422,0.1376982716090984,-0.07428754620327938,0.04798406644645004,0.06686566922516103,-0.058379250049255926,-0.030511410652671347,-0.02587603242907636,-0.04611075350986653,-0.021080783193054793,-0.036265580138747915,0.06144449160224436,0.048696243704865014,0.06294562445874699,0.008591810319645298,-0.032444777360886384,-0.06156172442870855,-0.00790332082784781,0.0332996159735054,-0.014012854099838278,0.046280197158190824,-0.026997394892973915,0.03528595749406872,0.009311814703004476,0.04022550273990455,-0.03229368344545729,-0.009053596846386177,0.06592162536259083,-0.0024381935174608545,-0.04681832403994275,-0.015096167524023516,-0.04310185428912055,-0.009011402066417375,0.024518833070513158,-0.014387861782186302,-0.03146628494077537,-0.0166101812180167,4.27769692089206e-05,0.019984275788179094,0.015358729002255251,0.0002312219895943008,-0.005888755207485771,-0.040519240474040735,0.013361346160358641
MDT,0.8099289277682546,0.18929986779840946,-0.15229680333179818,-0.03997566453541963,-0.1946212340472222,0.024859727171675023,0.10751823370933883,-0.10650306273172448,-0.055568959638448434,0.014959052193790835,-0.09151575589148286,0.1346459486834072,-0.062011971434773785,0.05161070324458262,0.0536655174746469,-0.020674609396176987,-0.03779591397175513,0.05051884703444876,-0.07869311455253507,0.06692404190318245,-0.022094547538888933,0.04435161933265888,0.02405511666187022,0.07494881490005965,-0.02699411579970103,0.02820265434777959,-0.05295655280346767,-0.008329631273737566,0.003347867878462052,-0.0020095114973485407,-0.08953396336175709,-0.009861436850703894,-0.05949777075735947,-0.044586334213823076,-0.08635216627045718,0.019241669991158786,-0.0028683487737815993,-0.05216649396800412,0.005137569114290246,0.013850510275307919,0.011011902344926024,-0.0038860944166023083,0.029792754177639068,-0.004323615701143733,0.06110928588633264,-0.02585084514141611,-0.013022665162137348,-0.01566979295171527,-0.029881348505317172,0.031701955198918996
MET,0.8863879421217801,-0.1095840792294942,0.2630513207423662,0.005938786106683095,-0.11720332836354128,-0.07858949026270536,-0.09936601392985567,0.051961615552711296,0.00876058936745062,0.04602465808694075,0.0021225368845054003,0.04182024988280825,-0.01643546796764701,-0.03027716607560961,0.04597514370027681,0.061548095612784806,-0.03291466373897001,-0.022219855720266645,0.03305914991857022,-0.015522505301817657,0.010622177603331213,0.03984794392534323,-0.014221026427958548,0.0012730360337234472,0.050974538889229024,0.007264493044905224,0.020571401761968647,0.012741870380151898,0.014686990926352346,-0.007131277097337551,-0.012966151197048437,-0.012810348432727228,-0.002435635800686435,0.005198972448608337,0.046232576631758164,0.007867362193131482,-0.014002614252516884,-0.01373370080825864,-0.017704085068537014,0.026416002422794786,-0.007160353651979149,0.0062014096651482435,-0.01887157160331477,-0.020642522635504937,-0.030507340548194855,-0.009153272131257266,0.01793103661837993,-0.009196954963942391,0.011766964990803546,0.005786315793742948
META,0.873499714227619,-0.051516451571418834,-0.07002234916201484,-0.18356241722531935,0.01691008188700069,0.008881999934891376,0.010287312633084689,0.033743709950063046,-0.07736836899367865,0.03026346067202111,0.045404572452033796,-0.05921464630544654,0.019171457736513648,-0.03349381569787986,0.03988764374136296,-0.0909882129056694,-0.028806871381048847,-0.004266732053080989,0.03846201007395342,0.060472016538042794,-0.08789913165470059,0.03958444799412165,0.0039043448116947463,-0.008963003207312255,0.01834212076327107,0.04103384188447997,0.005885604791503426,-0.057769078912800094,0.08171740382377132,0.06669323699282699,-0.000881681572690131,-0.04517830742163163,-0.02603024202999501,0.03335680016033344,0.024572478165170303,0.011602972183843659,-0.013667509871108199,-0.0479691446535704,0.02763524951218393,0.012590456177048785,0.06099580354331971,0.07912148094794416,0.04295018654375343,-0.023403486556665964,0.022298143831677362,0.04667185191321373,0.040416051232523516,-0.027686180020462064,0.05643068954435165,0.02690759527445497
MGM,0.8798000864355592,-0.10658650011817807,0.10285869721344794,0.02379552280309096,0.06831461708604919,0.07591980630866456,0.06664822687162192,0.08990855773960592,-0.040421670612267216,0.07118242936234004,0.002392211529230856,0.05275969548115788,-0.061202374018673227,0.0804800101886224,0.05977793505426969,-0.01980339686827131,0.065786677769356,0.012598670781230791,0.026236789843895676,-0.056185797997763076,-0.07035248416512643,-0.021920713956923864,0.018965534320225977,-0.029411645503615438,0.013296787491283043,0.07859833768912436,0.008707771222972189,0.03957238912850223,-0.016552191639085674,-0.03388793470670762,-0.05315479588051583,0.017954358023741082,-0.028304227800499338,-0.0008103848472068808,-0.028353985849842764,-0.024783471821709823,0.003366814182471261,-0.029619976431652706,-0.014550800853015034,-0.026390951423395027,-0.0726871310305269,0.004430759203285966,-0.05715145823423739,0.057851540760017084,0.042955896910597036,0.021516423669630424,-0.006730382614323481,0.027204676236547605,0.014896736849537066,-0.05371661749978235
MHK,0.8304384210247054,-0.13873055875720297,-0.18158827355945262,0.11962716286435611,-0.022535910165919444,0.02924296501181769,-0.07775689694066072,-0.09532883225303075,-0.02213933801202485,0.09492048979153397,0.005922801362339435,-0.07497857367428087,0.018500743810873032,0.026851229049441462,0.011930865981837705,0.06724219364352979,-0.04269519135591568,0.03619670631374139,-0.02431543579859851,-0.0861570806089671,0.014815823930386034,-0.03159073251964433,0.03164173819753549,-0.022225736273779755,0.0008941550806287391,-0.046657054355155235,-0.02211631614059287,0.025652616803220257,0.00705721715041201,0.041506704467003934,0.030163305694541058,0.049195375072400044,-0.08382716620675242,0.008181905703407006,0.04066834358221712,-0.023568857288122202,-0.015070347927579837,0.14165632696834707,0.07379799331025698,-0.009339893294737413,0.03823744784714381,-0.02611878192820195,0.03577235851996106,-0.020362724400202353,-0.03489780742477329,0.08336455441108814,0.07424954777274094,-0.04096765327845428,-0.020845158057909683,-0.033985078923739406
MKC,0.8663709165032928,-0.1704624764260963,-0.10182277507055959,0.11034647685165092,-0.054671338150329776,0.05514640335333433,-0.17198184903302202,-0.015031316953779171,-0.050135573203237575,0.07904832338377596,-0.015256692268962414,-0.005999757069462488,0.05748834686565271,-0.007550319416096875,-0.05124753200699728,0.02136233114739133,-0.0017268471648649777,-0.00994822127063042,0.04240354751442137,0.04012811838075895,0.030357687326999866,-0.03976805204438827,-0.07890721443563162,0.01984948391528201,0.04352325932873175,0.0011814883415215845,0.046643906558469936,0.016594000342287432,-0.021994152981334662,0.020675686920811166,0.006832311647822415,-0.006131620209360504,-0.029725686561258808,0.03948230828930761,0.022949507761017122,-0.00856355630710287,0.02875248919476747,-0.00525140094964205,0.019377819087870812,-0.03457372323488885,-0.0008312184836034809,-0.04260912212167734,-0.052426217729335,-0.03082692364603056,-0.004330253135998125,0.00910598723143239,0.030395795534129046,-0.018108589172577613,-0.011177232803526088,0.043790334056010856
MKTX,0.8115969442259656,-0.04845226751805546,0.21617960721256557,-0.05398552381185298,0.12205932564716523,-0.09837083806633576,-0.152654420162868,0.0687150625936001,-0.00731049065446643,-0.09099745207816222,-0.03141514516618871,-0.07068479822461216,0.0490439041317773,0.04606221761869604,0.0209674751709252,0.035096867734263563,0.04675129221183245,-0.06764663284115448,-0.06730374588752257,0.17050719825810373,-0.09227662611487186,0.0032904418451754143,-0.03721806059601985,0.03609302764900682,-0.09424471223815141,-0.04049385555324963,-0.026753826312907673,0.03102016603276065,-0.11711585970422284,0.07321451517650046,-0.0590208039553609,0.007877405110787647,0.005632626626128495,-0.0586468328453293,0.002714874996793598,0.0032822239219854285,-0.03608893905731296,-0.026633645168491312,0.02979679331002929,0.06081307717955217,0.010374686068091596,0.007987669152642443,0.05186455998882298,-0.0635485884325811,-0.045325916392776056,-0.02606302803232028,-0.06852788892028522,0.03260643281744049,-0.00844184933245679,-0.07229397230575674
MMC,0.8780270846252056,-0.1309425708108732,0.08693876138261329,-0.06706957959965203,-0.1717741812510509,-0.05589642378197172,-0.050408013389337265,0.07139647544992765,-0.05143843298803296,-0.10333658301447017,0.026114796843654222,0.009256085942049313,-0.07755725632269386,-0.014685095156428768,0.027688025013012475,0.10872813063375719,-0.005479349008899751,-0.05884671920547007,0.045378611519424086,-0.026886742035035913,-0.05116211505529641,-0.025986686813021152,0.0014999369778352406,-0.05814466171650261,-0.041430398080443014,-0.0052703194866748695,-0.004344143864243279,0.013530064013949298,0.04059184003502172,-0.01845081708578139,0.010830429975446337,0.046783522997040215,-0.02949990389772776,-0.007118245874670501,-0.004062251012889254,-0.010273330563127821,-0.0241329363372122,0.022202612166612706,-0.00692956128263699,-0.016040836066891155,-0.017349013932952715,-0.041093834135313104,0.01040212157876826,6.303768488407941e-05,0.005749924133276645,-0.03520914467586342,-0.011443705750135185,0.055550073114432635,0.008607915534783024,0.0069180616917202875
MNST,0.8674422776847633,-0.07143459057583995,-0.1094397225654075,0.03500686394076142,-0.006456810718761596,0.07136230452843263,-0.03391590499190494,-0.03382621816953771,-0.04404604796102329,0.12384823886559826,-0.015398799337490393,-0.12695426874736668,-0.08264111002381379,-0.016967752515510172,-0.022839936704175532,0.00562193010875252,-0.06733972903756384,0.021198646290360335,0.03176902078934366,0.06130496350396976,-0.03712578444343381,0.03321364503563822,-0.07924241748025213,0.038320425017121997,0.007091625184896696,-0.02956082826203421,-0.04876279834872543,-0.0015289930228342696,0.00431124770185449,0.05274577905928274,-0.0021473293400685245,-0.022294941757987713,0.007518770219451673,0.08093022475673682,0.004008899104511477,0.009739398863849029,0.035065493381729554,0.0348469274864734,0.013017593347624739,-0.022562982118376134,-0.10995455908293861,-0.08509462357269239,0.006589235080826759,-0.05305257642930457,0.030620534633212265,-0.028393095459020787,0.02246071360243942,0.02733865063546683,-0.00333101854865296,-0.003440133627025503
MO,0.8627022868832953,-0.03905913198010787,-0.004755813952074896,0.09431873660593233,-0.05509377079179574,0.03045968397902618,-0.08191453252941842,0.002523821854962338,-0.05287235695642117,0.057385066940747936,-0.035440513324773104,-0.05663603343774103,-0.010835217300808166,0.023359365250722894,0.04251739273242379,-0.01648866181020775,-0.03718248351617079,-0.014987851737728888,-0.019584677373916115,0.11039084945914356,-0.04453895865653083,-0.0823279034073329,0.036065163829943854,-0.01261952525386198,0.063542609639941,0.09273871991180863,0.06826189262362044,-0.03262634300581313,-0.0050283948175182565,-0.07275045699327284,-0.018182021662563465,-0.0880659763023211,-0.0009521961880239653,0.11530231768229607,0.07957457899489365,-0.07210317296470385,0.08483650720544814,0.0005113669059354231,-0.05129013711146019,0.013594741815933953,-0.04794891828167645,0.041941736782799874,0.0679684440483922,-0.08187764055190157,0.019975577791677263,-0.02690390532683775,-0.009340182498080347,0.029100074866475843,0.00020034143717318452,0.005998651797930911
MPC,0.8737701770094475,-0.1165390122284159,0.03459573449908059,0.1774546097057626,0.024807224159302577,-0.005920202069624511,0.14616837915123365,0.14482071031816166,0.021792496494945073,0.022701908256152058,-0.037314027375927344,-0.03931988276573118,-0.012906452914914409,0.015165562931492717,-0.05854327755673834,-0.032916251878788765,-0.019814649230297004,-0.008968231680948981,0.014535735874492185,0.01626818920970555,-0.009074770135439506,0.029012484501232696,-0.025563920369524526,-0.005610845677520973,0.028333617231888524,0.011398598863423199,-0.0201800176016811,-0.06068519381589151,0.038310062214186924,-0.00028459922879319117,-0.04086424863598521,-0.027541197239017108,0.04141814031526607,-0.06277360528009161,-0.018917457975017808,-0.03133259199140809,0.02848640831261274,0.013069289747538213,0.014527103061634647,-0.05090338278178797,0.025516734489173222,0.027234314619798947,0.017036616335642855,-0.030695499952481508,0.0037110724781740604,0.03697830833787936,0.021776058649522832,0.027750921715394162,-0.01211871896281498,-0.016725646005823713
MPWR,0.8580665841623571,-0.045227269849894065,-0.18066641004398754,-0.10460114207700706,0.03856692378543338,-0.14102148735612088,0.045017910631990024,-0.04326421033543373,0.12297511413444841,0.003781446450784019,-0.01863848563745495,0.022341514378573638,-0.0973214083566016,-0.06743680284028904,0.014674121028978263,-0.028122143743478354,-0.036478307376564365,0.030081031240806275,0.09824466248511204,0.0209341806504353,-0.10877471836944005,0.059931030822247204,-0.013956600302444385,0.005303411585041616,0.014865750373933903,0.0039386186340450505,0.0632268329812385,0.03507320156579024,-0.01939644031244865,-0.0007355796215622857,0.03145459582807617,-0.00796727426431428,0.024397568730099992,0.03471304295215475,0.01857413324520089,0.012250533730941718,0.01964884096298914,0.05670260550384866,0.00020467220247960766,-0.016117947165963764,-0.018173816090129812,-0.03994765543319134,-0.01877640172576553,-0.00032229513465065565,-0.02871355807996785,-0.030407608388481017,-0.0010224557024041737,0.01382131046383391,0.014174252257183332,0.0012377511488630764
MRK,0.8427534797652134,0.24998406891331057,-0.046626940706865044,0.13577473373609186,-0.1264447411124842,-0.00028630626978244585,-0.15450193946900606,0.003623248667193242,-0.0918696112806787,0.005727671189370338,0.04814213774105387,0.051292275567062375,0.02984723589882772,-0.005824071547774216,0.06386645768213914,-0.06151391806874654,-0.03299339245709942,-0.007266642919858403,0.009882451698145743,0.029254726461436197,0.06183214241506443,0.03167688368827931,0.0028470776441940357,0.020042631403775293,-0.0382778079127417,0.04371799340374064,0.003419684433023178,0.041648766176273805,0.03234085997592189,-0.03434375380796058,-0.028837678906274335,0.05825577714190354,0.08951256181815549,0.0014690200360014966,0.010069119091205362,-0.059996823080054384,-0.019435486577528853,-0.0012783543529042167,0.006411176743258783,-0.03785883994392961,0.005972183506813387,-0.020994547259931554,-0.009804554377951729,0.04033633069516651,-0.01249550401968519,0.016501006553445413,0.043149387703304065,-0.033590450690528274,0.011945175704969023,-0.01204112965054696
MRNA,0.828700004670952,0.46117957612292787,-0.04043743489949376,0.006401727037618623,-0.0419995417925683,0.005960917145474301,0.03621730574435211,0.05658406622057538,0.007237596773582121,0.007794222677159618,0.07431513682142803,0.014382158614320791,0.039017978640997285,-0.04178098871859009,-0.010414673812798921,-0.019330110992134414,0.06044473190238837,-0.033275751260489414,-0.019668126554918924,-0.02788079097960004,-0.008781899743867625,0.029696998558101304,0.007975531552022238,-0.014564430670297501,-0.012608459094214708,-0.031825999442584615,0.0062803989820260095,0.013408178933297142,-0.00904305076484636,0.055781999563478644,-0.04359351798505164,0.031759603854399056,0.02922446524571346,-0.011453143887727935,0.013714065581341382,-0.038245045170592955,0.01624982453627281,0.011118424150694053,-0.022074241985158276,-0.008395254558204442,0.0006140818590457583,-0.005231293152588563,-0.00435216938662066,0.006439050996640432,-0.0205393962633872,0.0036508355980133817,0.005791364137379683,-0.023002190382116088,0.012271601600280003,-0.01850978369727549
MRO,0.8183567597616677,-0.1084759796757984,0.01420993754905572,0.13254629125412803,-0.08382844118099907,-0.03727032355701197,0.25586334275726336,0.11143569812157385,0.04913081388347735,-0.05642397534729381,-0.007098435610510412,-0.014375082672309195,-0.023180098018708715,0.055704874799289,-0.01754916121781886,-0.02182251636526986,-0.0256488165820291,0.0581912857295639,-0.007135911211685413,0.0024320388008518884,-0.07353447860481324,-0.04929865926771878,-0.052994174046026694,-0.031011798293957345,0.047128256907543804,0.04763456767275806,-0.08164603373293554,-0.10678185946813959,-0.019348462100365598,0.02316267557305413,-0.050739485266111876,0.06068552533956072,0.07175410295572102,0.063099468641045,0.04394406863376767,-0.009543623934488403,0.009394969043680037,0.04900572099564693,-0.013879348927499157,-0.00691061001715351,0.04928927883864009,0.04667322296186076,0.03343352147617212,0.008083517222694465,0.016901888356431433,0.07338770005846335,-0.054680004195436435,0.051147000516266486,-0.02541596886262383,-0.04980183606743999
MSCI,0.8744230573012857,-0.1402944967491382,0.055292305480811314,-0.08625248706966168,-0.004864514502226727,-0.03202686168471658,-0.07165325127496633,0.10206644649788914,-0.071212277058706,-0.09298303822504132,0.06075268665917849,0.028149441092413276,-0.02846986637679826,0.02410592636600913,-0.0705622312581262,-0.0037049828447187527,0.03133930413645299,-0.03343408955388637,0.010335310979071616,-0.04698158542989398,-0.04099724246958065,-0.053157430634225816,-0.015960554419579293,0.00337914686821304,-0.028969958885685074,-0.006362376460346941,-0.0810709175194608,0.03585084364698091,0.009192293533085776,-0.033459056807091395,-0.06319435416488242,-0.017043188175373675,0.04663485059663263,-1.2014205163063212e-05,-0.01729768179643009,0.05959730269428666,-0.015204665502016022,0.064448032385426,-0.046696613834708765,0.06270205743704756,0.019810173814648578,-0.07670985043383867,-0.0038644391368643383,-0.05893659767393107,-0.012887640088019637,-0.034636831197195746,0.004965217810312648,0.003341574414934042,0.03353751341709374,-0.00014242207302960907
MSFT,0.8616779478827937,-0.11001669909474909,-0.1328201162883387,-0.16525779616930103,-0.0885476999468464,-0.03174669658077493,-0.016763882218355928,0.15436845581631164,0.03005876975326501,-0.048037464845249365,0.09481074619755395,-3.415222262593077e-05,0.03497456993892073,0.004663226339248711,0.051529269145750824,-0.06061398840352619,-0.030777356114273142,0.05380630764309057,-0.02996767392078572,0.02624512741074804,0.018810556811215212,-0.017251214998939505,0.014514359281500884,0.015093759857969175,0.03167027651239201,0.0253418958687247,-0.07104900544817348,0.020776990510445577,-0.03105566425941105,0.07387238264637486,-0.018689287800055295,-0.029208315043005736,-0.019896883723930326,-0.01983585440456988,0.0032748049758439144,0.021501647603203482,-0.011920033356467338,-0.00284757287794102,0.0006001771837119663,-0.007159126796965755,0.04105502489880887,0.03042985732302655,-0.026986584927081704,0.021333560994515218,0.0631175907644347,0.0014215530926987685,-0.007381277868968513,0.051365028837713364,-0.009158792319450486,0.011892311083188375
MSI,0.9094394475528048,-0.09345367763970032,0.006857805219533884,0.014912652992845525,0.06882765727857827,-0.10173691094576502,-0.097918740183079,0.1265787182747069,0.01497322350089713,0.00727487128306203,-0.04601119632801766,0.011318999102146695,0.02414397240529118,0.017486857310449994,0.03586505034045117,-0.025840446960821672,0.049570613399732386,-0.06597033973629784,-0.05068554764334075,0.06958337508575352,-0.029714781399976135,-0.007642334173711096,0.01706964055670728,-0.028850758156471496,-0.021279146492676468,-0.045549350149731056,0.0021285538390089925,-0.01663113895308219,0.020447678309037157,-0.007840734457484337,-0.0067537710285855345,0.05333206502642991,-0.01782514704288859,-0.04264928509029845,0.01399768531552674,0.043484179343412616,-0.0009148422891480873,-0.0491354062136953,0.02416153558311118,-0.049762709183459465,0.009752474226278979,0.020142134115600747,0.0023958378454721186,-0.02530601396814311,-0.01362675534833914,0.0047099464139498835,0.010649515003482646,-0.009929231579723313,-0.023464667991124184,0.018281636869442237
MTB,0.8653704721129325,-0.12599027890350892,0.3228747825727211,-0.004947277473710695,-0.09267188475725617,-0.040945516312153867,-0.09106572624960348,-0.06062989030001314,0.0739719894858589,0.054637334629165674,-0.014395466138526526,-0.028840889088174552,0.03490071005188595,-0.027738613200561153,-0.01495748729677873,-0.10852872433864316,0.040728933108011046,0.02625557684693274,0.003131666356445872,-0.013606319779784671,0.003807421809198415,0.0027776679239626674,0.056516052039456845,-0.02324115610266579,-0.015792916227971035,0.026877546925724336,-8.620792908472542e-05,0.001352993921610107,0.04340649195311461,0.01637620512847947,-0.0038566544481090756,0.030352476569969793,-0.00797919510407525,-0.035596900252112346,0.04364408835501475,0.016485982785687466,4.337116402018173e-05,0.025217399424407455,-0.026594959955572053,-0.008623882535756685,-0.014866458367955002,0.000750327661065563,0.021900629958958504,-0.009457962842144623,0.013838242736199246,0.005393217836120552,0.004146298036919561,-0.008206564945854674,-0.023303225389811437,0.0035480156183390343
MTCH,0.8530856275785291,-0.08712108507071017,0.0008797244851979181,-0.14868476260566418,0.13034676711714485,0.05833039990750113,-0.09374441983678272,0.03710000656558942,-0.13228793232584568,0.002040991863016561,0.061936755248769945,-0.08635599204745595,0.012281200298391554,0.03536867717033385,0.055014938891596685,-0.05486913459524666,-0.03841510794692871,-0.038718252612138244,0.01935525445562496,-0.021064197495313193,-0.01788415407912014,-0.03615861208376588,0.004608804841441982,0.051652801398134766,-0.017761240803593592,0.02103543031495118,3.251142829732549e-05,-0.06459678918290934,0.0029889192280850574,0.032673609278602814,-0.009278136545210092,-0.05155981295554617,-0.00913745550930745,0.029604453152697715,-0.022918535970974093,-0.058327459623973316,-0.046982085440936155,0.008792801648151265,-0.016896578567488257,0.015396340877741234,0.0352105510871315,0.006948056460603858,-0.011190788129285555,-0.028745887084709928,-0.07198365469358152,0.06823529494668323,-0.0334007115896219,-0.051127636583432313,-0.016607808973728787,0.08189635937892338
MTD,0.8697408670460005,-0.07977601104515719,-0.1377066416083409,0.04822118480398779,-0.03856859678550678,-0.06590541043967402,-0.023887215232558354,-0.08000212814019142,-0.05466078302878516,0.08007637106649554,-0.007328059014357492,0.03169501178237643,-0.05199018810039971,-0.020940366472061763,-0.04690463213019944,0.0003742603711804687,0.07042813363974591,0.02275006973307601,-0.03328658049944064,-0.028748647394142835,0.020801138752321858,-0.026973948356854325,-0.06315284759173823,0.01301971138980364,-0.054420561197096866,0.029142819877585602,-0.04332536074970852,-0.01578903022091138,-0.003058109589443522,0.0014156643124500923,-0.050226891440260164,0.03202018554136075,-0.04622870368402516,-0.013108416764684935,0.018587996753060054,0.06715106098647985,0.03360112818105201,-0.04047107119647365,0.030420944659340622,0.008429979660716897,-0.041418870675683075,-0.03554475452062462,-0.031084381962656376,0.03778470703687734,0.02102843279537705,0.02809446085902371,-0.027684048320922538,0.008118262872978333,0.012449724666627793,0.020890997115468445
MU,0.8627299718112711,-0.09703604757040883,-0.1808851574559443,-0.025303062181642737,-0.012147010209241705,-0.06858687976751711,0.03372890336080481,0.07416938606201098,0.13070601330872345,0.019392918147611026,-0.04019194664863202,0.07461231387825112,0.002474516128697195,-0.011144360327603211,0.022915252900796934,-0.01945758635431721,0.032677097679860434,-0.009863467499547177,0.007410234895934972,0.0056189052637968155,-0.0061502608191858444,-0.012537786527640832,0.0382916378659379,-0.061119158478676036,0.002197181689744799,0.04962650795720923,0.07051086626653763,0.09806337178711369,-0.012234719084644229,0.03369552137942702,-0.015508871619530585,-0.026635194953939817,0.019497345322299225,0.024993829623051456,-0.07777475927805255,-0.024807373934408898,-0.009016113482132415,0.032374758721466286,0.004667353126898699,-0.050629559094202595,0.03644429611578185,-0.011509895263189848,-0.014059456770278998,-0.005056987548012923,0.058409183574245745,0.03501575548961253,-0.028481241167333242,0.0191176497288463,-8.308312259787355e-05,0.05274617133470207
NCLH,0.855354634413727,-0.11194803732228716,0.08461043511185734,0.08154308949662906,0.036299593171844696,0.06993182822206372,0.05465500692367497,0.16232778644744447,-0.028488536667859866,-0.0050203978891065065,-0.009006894728011423,-0.044763091679216396,-0.0907281343092412,0.08631642724216747,0.07552455905966009,-0.03486722089725015,0.11784796034888269,0.08447754313494922,0.043829963752200315,-0.042503051400082974,0.015997855435087673,0.04484395861531455,-0.09489557616399848,0.12461660109636567,-0.026485430116658833,0.0751025760685026,0.03225316033667828,0.07137887205075405,-0.05943511075681747,-0.02835821855436671,0.08483985434322497,0.03985700727541144,0.039006601159437486,0.01846688919764846,0.022954081074610545,0.024189945496124243,0.03651206130994223,-0.0028111750852468738,0.01060770687271052,0.005664264756554207,0.039864620010572865,-0.037776559025607524,0.07699412220739325,-0.0394336332843041,0.008959359651842108,-0.02111759571052777,0.017027952187036104,-0.0022178870324606036,-0.026014685449673128,0.0458612475830629
NDAQ,0.8668120946491117,-0.05832099850483773,0.06380752283420968,-0.14341009896740398,-0.12636348024051852,-0.04226094677214091,0.12966668307006657,0.07665405314163955,-0.07266032844332336,0.05527748813095656,0.0051632027976499725,-0.01667006303318118,0.025519785573657448,0.02831746158140817,-0.07068370186746625,0.09335165554549724,-0.008554171835450005,0.01460553298756184,-0.057478244489543265,0.01961149485391871,0.004048888179047536,-0.04098128916786913,-0.017166658960376044,-0.056736043921456064,-0.055324377962510635,0.039479363199615765,-0.047712517555873434,0.027162259691298273,0.023232580736671834,-0.020169372790218496,0.02337098173595358,-0.05066571762905935,-0.013125938325286936,-0.012348284033489462,-0.019312636127481367,0.09943682526259429,0.0033933729227551015,0.021816144365647338,0.002050003227695533,0.011097058943967338,0.030535439655575466,-0.012898040849066617,0.0181878363893421,-0.005847002370530519,-0.05634168267553554,-0.0345753738961061,0.023166454081884152,-0.029324492357623796,0.013800943543969142,-0.021548077823837896
NEE,0.8112412518801956,-0.12104129970282894,0.1457984871973671,0.19657250341597443,0.01026401719634862,-0.07863425493467087,0.1589323512716667,0.09087228152415666,0.007319262133462355,-0.009011442016379658,-0.05421333936428136,-0.03032911994406561,0.09161796814068633,0.021753504977082002,-0.00428230487398422,-0.0045603134112422805,-0.1581649003444056,0.0003324401134589298,0.01741208193509414,-0.04797636573554377,-0.0060274295914366826,0.0161616471861472,-0.023244840634896336,0.0002060831261123015,-0.03629763178504154,-0.04632786984576726,-0.005014453157955466,0.0241141840374744,-0.010264820557857015,-0.011580245036053595,-0.020310815840872715,0.014862104552628597,-0.005190309916433478,0.027322040220423678,0.00018202988059176075,0.02457541411646186,-0.0009610207637531557,-0.05385787457466511,0.039172426816938555,-0.02767146773420431,-0.025193601186416135,0.0038548725941677815,0.04318224601748695,0.053509356780431255,-0.0013856722206403455,0.018449472969608596,-0.0009483654545716521,0.0029791293595393398,-0.009485813736552681,0.008881348693049074
NI,0.8631158330005755,-0.14373567568687814,0.0868304320665924,0.16858551033181657,-0.05335264415281508,-0.06256566597281013,0.18037845909137165,0.03418156168429497,0.019487743291230496,-0.04330719399118028,-0.05271292396536747,-0.00975358018827269,0.09227668833538383,-0.029888287256844233,-0.0018476019467821836,-0.01825903067699806,-0.10784323472326476,-0.015238000367810913,-0.008699837272939293,-0.031958526945251024,-0.04133656330690446,-0.030208641811609142,-0.037120654034963,0.0031383603755233327,0.038486429449294784,-0.0372446720956076,0.03666294729735975,-0.022431066966943795,-0.01953854801670689,-0.03608643261050109,0.031975320690107674,-0.008516541964862737,-0.020684981664295103,-0.012052816746860737,-0.002122127420392163,-0.021007851090677952,-0.024517324956257233,-0.011622645286472947,-0.01504564871424131,-0.02490179572860627,-0.011679192457133532,-0.02710484378039044,-0.022426408276615552,-0.02594202782910397,-0.0227812493805268,-0.0013434557738514132,0.0194354445092982,0.04101194456006879,0.0022786424340507697,0.023096206431621562
NLOK,0.8569930921061293,-0.09834692576495806,-0.06839393792056171,-0.20471186565490318,-0.008473134153059851,0.09940081026722973,-0.015740548265734008,0.0064594820069825,0.02320562688710972,-0.009129671149295549,0.0036669348717893735,0.05369522855002057,0.11832983846611762,0.0338593058834042,0.039392422736736335,-0.02489697922417868,0.02154658588645164,-0.024847295697819394,-0.06024249439914435,-0.04662919743089176,-0.004801170999325049,-0.027716262233619362,-0.004591547954654652,0.034447073206682444,0.021893417535041898,-0.023792932647837953,-0.0040411279412227545,-0.044697472150067016,0.0024686474572122707,-0.0543874870405909,0.00999521494824896,-0.02301216328742678,0.012026334969384345,0.009127759304185858,0.004694790525608053,-0.026153189171104183,-0.0746836111868746,0.01681055178585477,0.05525879152913503,-0.004686436357090302,-0.011869866091073837,-0.08112782964888261,-0.030018868877151376,-0.04945022042779266,0.03210255732058763,0.020664902834296017,0.014810045953915657,-0.03345240831317127,-0.00781685813166337,0.03220095182293742
NLSN,0.8653973859297652,-0.07507804694670651,-0.049955517053901555,-0.18500872784284172,-0.08725042538886361,-0.002135059455110051,0.03160402131095158,0.06343665228988132,-0.1280949255345903,0.01889561876769505,0.05696949498074821,-0.007581627128762167,0.0277628342348292,-0.0013215938947585223,0.03239274713363438,0.021687889783009593,0.01896985728607226,-0.0011437364404160327,-0.09895690858054894,-0.021476429340577367,-0.016562209068995436,-0.05282482846973029,0.047009103229222186,-0.04663363365806488,-0.018362884068427652,0.017834585512904125,-0.030763086660361663,0.037770491107373017,-0.05972643013250517,0.018953397134765425,-0.049121148973483325,-0.04115728971264574,-0.0469731738494629,0.016026702882659928,-0.004778356253687862,0.008972925458093908,-0.004493931114664803,0.052234791629735725,-0.018693007186150037,0.01574714595698463,0.022423069990196463,-0.025582960832101802,0.04007207886682358,-0.011214845920694286,-0.015167119450420843,0.06089561549337599,-0.04764321618830886,-0.025280258978687655,0.01608224224526624,0.03540330865984583
NOC,0.869724411938529,-0.10373418550445153,-0.049062272133747954,0.06552331620786828,-0.04118295205553311,-0.041750845292497674,0.056318990756929074,-0.033491997540596403,-0.08749516616810321,-0.08439899838497386,0.04086796273106149,-0.0030821220024319987,0.04197285509939091,-0.04155325449684446,0.04349690145546926,-0.009591241538411422,0.11254496675286006,-0.0012130343024568052,-0.019676569725248744,0.06563782667225099,0.03975554922821708,0.008185675289600708,0.05142140890564876,-0.0353129441634903,0.1327001784084617,-0.002279345856875739,0.09349908296854642,-0.06690382946445059,-0.043990423148444556,-0.05226821174591429,-0.032153671641768966,-0.020089256248990967,-0.03760375056511226,0.02492806881863605,0.02185320198093217,0.013576920811842353,0.005958843860173898,-0.0348541431524479,0.004736806599117651,-0.004349276227961473,-0.01986716495608539,-0.009742874822944232,0.07116089406019899,-0.04027675361624764,0.10119658724976927,-0.01255114405377323,-0.016194025187763243,-0.013577069583022072,-0.03835944837052627,-0.03425469501684856
NOW,0.8803091123016124,-0.07569537110430154,-0.06454331361300158,-0.19992925445226814,0.005187429803367956,-0.02750563883798244,0.009323377926564362,0.005745376899353624,-0.04710170444780659,-0.04561566804451657,0.07291252710755292,-0.0006719649612962409,0.07441098011177197,-0.0374980111911006,0.028132254153313684,-0.02239256909748705,-0.03236740815268762,0.008414288633429488,0.002016080250719924,0.03419302232449252,0.0012402145622663384,-0.012040920309806722,-0.08405603981902711,0.00163608665530113,0.0071185930124955605,-0.04698326457278651,-0.04223754486631326,-0.09560831116926344,-0.0356834657456262,-0.034898082552289204,0.03701719416137809,0.06332110346627766,0.03761962917720608,-0.03091828303147062,0.02039162992918675,-0.011174958001376746,0.019515794513662293,-0.010854063450087876,-0.024368580019715796,0.06428880402879615,-0.008938640905055882,0.005667371320034323,0.01938419881905996,0.0005282313857718884,-0.0329439375654856,-0.032115026948054425,-0.013571844575918422,-0.03725566472801013,0.0025384723503036554,-0.019508332002920865
NSC,0.7785951028569386,-0.18789230819496583,-0.0489294125403437,0.22466110664781813,0.00028141489229906104,0.06417595549326517,0.10356297096872924,-0.08684320633460836,-0.007130626420890675,-0.104000183526009,0.09773214833524975,-0.10455790259726096,0.0621339344032918,-0.07295221765457945,0.026913243132786074,-0.025238686569169656,0.04095737402893415,-0.06006134356863392,-0.040774673223042214,0.052273370798815395,-0.02751597146523868,0.07212916068758428,0.032863732461574875,0.029356171313767776,-0.06317251620759945,0.1123521249143467,0.014581686383726731,-0.005207130023061184,0.09109147577099327,0.10803016731564229,-0.018027251234445537,0.023216373588627576,0.04758632351531546,0.0017734187904321073,-0.05718739767445708,0.04001968431023637,-0.0920806079906019,0.008971086797504375,0.029434318903468527,-0.050501226797055696,-0.02802139950611912,-0.06033165804016499,0.018058675767157605,0.08159264178627766,0.02583769483449135,-0.06355417634939657,-0.042820323937674605,0.006655756508587788,-0.01816211716691947,-0.04428921877575586
NUE,0.848905581411656,-0.17057472492585715,-0.08459916524084865,0.22508056860515527,0.025000593099918658,-0.04032861612019904,0.04903760358853052,-0.041234678614938174,-0.02122865190522906,0.04893871883010018,0.027539600001308662,-0.06565513014861382,0.0033539844345367455,-0.03271331053955322,-0.03056617000997458,0.04909077341269921,0.007163457083239275,0.0060851107907085936,-0.037923530273888166,-0.03594532153611105,-0.007560374333129284,0.015704117610655655,-0.01238935949838985,-0.07089063185608044,-0.007677589451405727,-0.0014023318747169188,-0.0688336465871359,-0.008300145828780784,-0.02203044132382632,0.05732306166167197,0.023737140118443908,-0.025783437940500756,0.0007845308423900238,0.00171261643239048,-0.013475646934359787,-0.029057383591953614,0.018399845213688683,0.08526877825232664,0.01499180734871798,-0.03144218425462152,0.04536809508341182,0.04501584266491603,0.0007888115130158134,0.02543867569321159,-0.07038642439024066,0.061300295205085384,-0.017299846519166884,0.03861655655027494,0.024162389344042738,0.006341013573777345
NVDA,0.8559367683295555,-0.07420713312114201,-0.20020917736455987,-0.13190403178834145,-0.0447508873983129,-0.06578989069326283,0.06895660835905004,0.06359591677902454,0.09726562647058527,0.011555995537156062,0.007084259159752394,0.03401522417157927,-6.825584536439196e-05,-0.00875755174384786,0.05188335510462745,-0.030224874344399955,0.008177931294531034,-0.022024250538186144,-0.014070742478563237,0.01417693613625473,-0.03973525933660053,0.026828005937474798,-0.009830374177086827,0.004011927242139817,0.031617963086630965,0.016121226832660658,0.004169075535098212,-0.03350631625951449,-0.0175046629661542,0.05040879374239495,0.0231424562032276,-0.004796580209090657,0.037582108116535985,-0.03992753490128814,-0.06168729117950246,-0.021549911351464956,0.010512820703838207,0.03661359478074909,-0.04650019194818341,0.004276618679908106,-0.012515843810547394,-0.0019365900882205088,-0.03249029684588549,-0.019326607256724984,0.08441651794765814,-0.0382439139636162,-0.02911316097223555,0.055471257176704675,0.048829291890206565,-0.01740507401292402
NVR,0.7688994997402918,-0.1476532912310292,0.08275952835744431,0.08834440652921742,0.07834129059656249,0.06142879803447204,-0.030174134756583364,-0.21618186372317624,0.10239363340170493,0.016685403027136867,0.05117326796793735,-0.021375774652116115,-0.0330087125904391,-0.004239106476352885,0.013990954098512507,-0.05411637205729856,0.022839480179351616,0.03387876436457192,0.059842035736977356,-0.10127040756541739,-0.060786164501390585,-0.058410997563017104,0.011866874447732443,-0.19016027278306302,0.05535336085049427,-0.008224616109074259,-0.03971385135937103,-0.031985518048727436,-0.07969431114684492,0.08269877869313762,-0.0975267359935026,-0.0788057810858251,0.14210677271054692,0.08126725562183502,0.022072697611614733,-0.005048125058864989,-0.05657004530903694,-0.14648928286635685,0.15098434435402938,0.028314358236174716,0.07362412398026288,-0.003879732490079223,0.08472539096859755,0.01826080745436779,-0.1060850940932011,-0.07647409757246529,0.013772369378247766,-0.005103078432284178,0.025051810233096276,0.02963851583693158
NWL,0.88118850683606,-0.1239450448325756,-0.10777906363404514,0.08714383354363768,-0.05529529894301418,0.04998797498852424,-0.13358526046798908,-0.010571087828841306,-0.03662672833215363,0.12112710220378654,-0.01803562403629644,-0.06519371066761702,-0.0005724561082409898,0.011656670537194016,-0.0039057419440445013,-0.011609055903121312,-0.042125724787112774,-0.023165018081841588,-0.0012864660600709996,0.008009344949866234,0.005538563388391366,-0.04202680050313955,-0.03359192548976963,-0.016013372857360285,0.025825430426548644,-0.04008900701877388,0.025607296105258956,0.011423552149746772,-0.025373066255604867,-0.010943185016242135,0.02298242053396204,0.0734911943839894,-0.010499266672167771,-0.002247599634067456,0.03929326362498091,-0.010465044895160185,-0.0364005316028058,0.053835744988809074,-0.009062700894682052,-0.011202815206994387,-0.0031997241672164943,-0.041290511906917446,-0.03170059737782655,-0.024332535332122936,-0.010982692336581116,-0.0017651657673303644,-0.011848865452422593,0.029910550043090386,-0.005726950305450874,0.022535970983833052
NWSA,0.8771667032092012,-0.1010779105408394,0.010054596184093906,-0.11197473933933617,0.03523379452375201,0.056633245336872154,-0.04818740885571367,0.06515135401570542,-0.04065376472749174,0.05060271018509795,-0.0005505636046562994,0.021074790737427695,0.08661583139069086,0.07689200503393949,0.03989544676579033,0.030366654731903246,-0.024989285141523095,-0.007941857359250406,-0.027319290202221347,-0.03003169309892276,-0.02975030528453246,0.013300336169841038,0.10145175026811734,0.04683467513028977,-0.017433752756014966,-0.01584930134580076,-0.049329688598019214,-0.006044238250150972,0.1064967721799494,0.082480828014503,0.01403258995595736,-0.04949014230937436,-0.031304843201610075,0.010691627869590084,0.07926316658460643,0.027199699016898678,0.0046475507013361925,0.024015990507267593,-0.022536257095734452,0.03217140789230208,0.02702924783464875,-0.0357816300843238,0.007575882595426332,0.04170772833396355,0.012983518518662246,0.033497864021594576,-0.008852650792754652,-0.04279177901875272,0.04298704710792505,-0.002190923274583521
NXPI,0.8945067466472034,-0.08903150637036088,-0.1504972903564393,-0.04010292158870421,0.03138204365261283,-0.12356688673705396,0.03485969405514164,0.06593468886864232,0.03315597332654144,0.06107548021406877,-0.00661329605474361,0.04099306064699632,-0.015771871954333924,-0.06092575827151935,0.0010562257167141102,0.004876986670740389,0.030898526848156596,-0.031710312914749676,-0.04461359286293711,-0.006795658932644083,-0.011234107566730498,0.013117136074040019,0.047122533133605184,-0.011522183544501217,0.04507060356090058,0.07504360731478908,0.010977630155946362,0.0461019071244129,-0.015296159121922222,0.01981471905456348,0.018388281194107126,0.0031976956685076173,-0.023287396338477716,-0.01462361419522446,0.012007345047551979,-0.019260453225743657,-0.012690738935559276,0.0015881356746382678,0.027648166306532336,0.002040693161937254,0.010518469263631867,-0.01159578920925692,-0.007854778804656744,-0.0018809850830838783,-0.0067907575113158895,-0.007759951330739687,0.0022113187541046376,-0.034050634582276015,0.008039778912310851,0.0674943645455336
ODFL,0.8395959537526673,-0.1290612259272532,-0.0156628036813536,0.06126618150669763,0.03150366489894758,0.088875035966126,0.15545602915620713,-0.13604897425867135,0.04431887972210044,-0.054892087645717,-0.016630480679046683,-0.025651286179826396,-0.022264339028756443,-0.08840951218154092,0.022083809998657382,-0.0004871893453229863,0.049546446068161776,-0.06768263358805261,0.010421645261831347,0.029159621625460687,0.012572597841512446,-0.00740239916122097,-0.05184554100910822,-0.00859029188270873,-0.09699010716982819,0.019095473437627308,-0.005313168419721711,-0.019008994313216922,0.048596001944131634,0.06072264453543749,-0.019390240302673768,-0.020308652129271926,0.016441883513606374,-0.006844894080375573,-0.11247924066580235,0.05359376874028392,-0.010002476993295907,-0.04232118609745588,-0.028001211060792314,0.042919320336944296,-0.03146757391476938,-0.02947332925012026,0.009885318176899886,-0.05935230513012541,0.023823021430554113,0.023000453105598218,0.04811623774137108,-0.07323537913480757,-0.005013499602986826,0.0010927293574282454
ORLY,0.8259929267074311,-0.17430053337304732,-0.07405368690884441,0.08761407165981497,0.053241061512375475,0.16284036399676513,-0.01123809309845467,0.06807943708469197,0.17068240880833058,-0.05751036389473031,0.036865461906095326,-0.09325643926290741,-0.16832377345097815,-0.062086512757707366,-0.08313704769200418,0.003174050467906968,-0.028621434813346548,-0.045180870350052166,0.00044861030969323775,-0.008523137456273346,-0.0313177711909259,-0.003166684332103474,0.03540401922615257,0.021417608556466617,-0.05981232101948505,0.06520104736965818,-0.03502253834425201,-0.06807261980452639,-0.060321685228176596,-0.038735803786310315,-0.025588848420270226,0.025419909466391926,-0.0009756323600229156,-0.04793427480592547,-0.022210524649400928,0.021955979306304507,-0.03470569609675432,-0.007190112415637951,-0.039782211045389634,0.04929982623120059,-0.03228725481755943,-0.020154089798267376,0.012525542747639241,-0.011426175834333446,-0.027310623154097713,0.030123706413663784,-0.044878968407063596,-0.040614828890634544,-0.011836211291095756,0.033329497862402385
PAYX,0.8349887848192998,-0.11885286869834363,0.011507469109164998,-0.1591911059707788,-0.020333442062845382,0.08266710487451179,-0.03009367083930854,-0.056456404793392166,-0.030927494189667146,-0.20649417850999455,0.008346383344932743,0.018078105564444374,0.09630815608362539,-0.000803349078585902,-0.04717733568653961,0.08485005118679223,0.04763798463336593,-0.013635455593645917,-0.07397221482094148,-0.005531051309136075,0.016719604239631383,0.0018969432768860355,0.021705023058797675,0.016745839274468467,0.04107532402948785,0.015432567800967866,-0.013742017104848021,0.06884881699315651,-0.062311280248579654,-0.057691403416140014,-0.017898168151171543,-0.01941747284440121,-0.006677170506984939,0.08066675229892445,-0.04081690328826461,-0.013230602589229763,-0.01930864641038779,0.010216452265522114,0.0223427440313183,-0.06211340998479375,-0.06517504078497643,0.050256546413713105,0.07320987118162048,0.011965839773042674,-0.012363423337979884,0.06744756698587924,-0.025166039864501166,0.02018189991145235,0.04505962461600358,-0.005540387778567077
PCAR,0.7580892118031705,-0.19143291063665996,-0.041370536130020716,0.25102750053863454,-0.014457745473265227,-0.11972306334016353,-0.06876650974699489,-0.04468319237287128,0.16777559795720168,-0.03833563052538341,0.06517202881225688,-0.10571550979600203,-0.07557575877683968,0.05045989950318504,-0.014183345886374276,-0.035291391778918185,-0.01285122850976513,0.003259333480419766,0.05656747724994863,-0.05514535101321503,0.07308990192771725,0.04604637391815963,0.12161659150162685,0.008466204676424272,-0.18505000139765376,-0.10184280762347991,-0.059207055617360844,-0.026655535479860878,-0.006811727566124845,-0.048682092540329555,0.06328286436215486,-0.06200485327698538,-0.0012498226096714481,-0.005448096479526604,0.03345945260109396,0.03133501372864313,0.017793073105054794,0.033608164584406026,-0.03588757589969613,-0.093066286953261,0.11024961344158815,0.08733574404595242,0.035144936369170064,-0.06078206942230589,0.0659069942919957,0.012427357102688958,0.08890738561927289,0.04794558798425752,0.026172715861269236,-0.004202097379815944
PENN,0.8697074667621694,-0.07495717202342117,0.03404442412799068,-0.11065590861006623,0.13383190982687304,0.09399807873407719,0.06305434440939059,0.017009997108812763,-0.08145124154878317,0.05717741839210005,0.038814102614681746,0.002696184076876367,-0.013361698061429155,0.04796581366968444,0.02001997977330931,-0.0550556863338683,0.008467851849729263,0.028471448956578806,-0.03670419191899697,-0.10816450499035832,-0.045052380381253115,0.040603326072024964,0.10740535677828002,0.0019594414933196366,0.08861133596253538,0.10236334652922263,0.015323445741645285,0.07756455612870114,-0.04783280504547262,-0.03491320682360363,-0.04401874006046076,0.001325861158603594,-0.012486178073358948,0.010252796975501799,0.016625367748052504,0.02855709538869668,-0.014401733922034587,-0.030643492153439922,-0.0395634612032855,-0.04039125552276249,-0.02496972378777504,0.03196968600795542,-0.013594459380257308,-0.009806802823472875,0.009825074272411822,0.02666999211501726,-0.009071206331093744,0.02215814420240192,0.035145164506366046,-0.04163239011613019
PEP,0.8939531908594867,-0.12020731028223144,-0.04610549148493409,0.09994656161969731,-0.03510350722362099,0.023261773514636867,-0.10214810583695318,0.15720085316403576,-0.02539027725546138,0.081058869290785,0.005491521870304669,-0.03337480412465999,-0.010815191367825909,0.021669395643573907,-0.02100697420123003,0.0035771889934995576,-0.031579790212817156,0.03334669818679293,0.010789374401240358,0.07616078347742335,-0.009947727851603451,0.018825642396186695,-0.027585483450550074,-0.014871162710881222,0.025384682215153154,-0.036216638253501236,0.009803296874307123,-0.016274050466776283,-0.016941501037179438,0.053634204905905994,-0.012643826923251854,0.030684906212407603,-0.01152152780493872,0.01248085497819428,-0.010119317442483677,0.0042164866396183,-0.0170142768119445,-0.014684709219347726,0.0046982466492103995,-0.01811323658054372,-0.0414569404139493,-0.025108533822031487,-0.012188733163657333,0.0038326982344439224,0.026227531509431246,-0.012596394408341881,-0.006296516598257052,0.005447691479140521,-0.031035862881888164,0.029212021035137443
PFE,0.8491582502102188,0.29364605252786014,-0.04232304479733855,0.09978571615370567,-0.14845633344152495,0.029661857284447896,-0.09444594996846649,0.008423450099826637,-0.07129372660591035,0.010188648192597056,0.055855272910124355,0.05750514281092159,0.0413126835130238,-0.04075908892128736,0.01759863683744116,-0.06549196820964369,-0.030370333441503233,-0.018094078355252754,-0.043291855539252105,-0.007020975274906884,0.04566161001811861,-0.0001573190682801999,0.020363903665182106,0.0015947984401155292,-0.0005970519627599077,0.0563637535337361,0.004810871575798979,0.008649081035038662,-0.0040915012663021565,-0.07032033416162821,0.00224379331189852,0.005880624501380979,0.07553247127601595,0.029239209955911383,-0.006298122815378693,-0.05493064763656548,0.010642228103359864,-0.03202426930092756,-0.004846759028573372,0.016949775032039555,0.02386507904267846,-0.0562850916177613,0.044912946912569286,0.04487605397340321,-0.01277553755329061,0.028790749570411823,0.01132915034641703,-0.03249460809415484,-0.025612442358174503,-0.01393727565584067
PFG,0.8397718391191493,-0.12195429668268859,0.22745112316042582,-0.09563215188634486,-0.16558210294165768,-0.06956133924393773,-0.004485436022105306,-0.07057793223648398,-0.004900144326866036,0.06558201302065603,0.005392895221488786,0.018222289649466508,-0.03344297926213314,0.015114080823589024,0.027952388448641306,0.1321810657662825,-0.07822742493208874,-0.010647783946632326,0.0269051445050804,-0.054485568314912185,0.040198790723929796,0.028917864230371616,-0.014539839959567454,-0.030690410985504898,0.025988145090497818,0.009302377666999942,0.013503789205172093,0.009474608241277539,-0.0022519503474605516,-0.022233454015030043,-0.020595272272374787,-0.03386695686915211,0.02371836518817426,-0.042408468805775854,-0.0007133841053944667,0.044794778426231203,-0.0037338193150261677,-0.010640061529138361,-0.006260212455857034,0.027363684245526963,-0.018523387740535403,-0.016710291624343267,0.004242817530058753,0.021134777446919956,-0.05960109330478912,-0.032310936673513736,-0.0216653019636351,0.005839042142137525,0.016713552674078872,-0.023774948368898232
PGR,0.8196420666371186,-0.08358785370513183,0.10679464271170443,-0.07056789513216878,-0.16582153039759517,0.014158516866038095,0.11835147770536057,-0.06803681046242961,0.051504096883652636,-0.01192717572627016,0.012398448133571528,-0.016956578499427714,-0.10332517418003988,-0.06752670751452247,0.16432365385687073,0.13595244244671553,-0.07119191262115386,-0.06671015218732322,-0.1091854073449007,-0.0447719178134984,0.0561583669979213,0.019942600207777897,0.03207495053148751,0.030636203644088717,0.06497148601221636,0.034485199540540176,0.008457504853958405,-0.018576326285678495,0.017467922793708606,0.019302666135110624,0.0016886768672642045,0.05695982068743032,-0.019890349444920147,0.022292348649610903,-0.009126732433677717,-0.027023833044788493,-0.0228758725101225,-0.06264407316028914,0.03432036571856268,0.05133756295388457,0.03937118643636923,0.013118627195608515,-0.020534330979445636,-0.022614190927641147,0.06431593016438834,0.02006352419625759,-0.013523415731008287,0.007759762705951988,0.029466987540045567,0.0645011295966206
PH,0.8365770523150524,-0.15349168210648587,-0.15160390788968126,0.1314947380293804,-0.029515379451910406,-0.06812975910916963,0.019452367534977245,-0.09535806097662515,-0.04743211851079481,-0.00938271547121302,-0.01623587599905612,0.006815227858274785,0.04250182664502489,0.05217661047638179,-0.002275889292314144,0.03980105421136033,0.04218906358483184,0.030198431454892524,0.021919971402550482,-0.013438253502999143,0.018789736872310798,-0.03797316934716446,0.04784740726684775,0.048879782555679936,0.06481174250389855,-0.010726419987322794,0.011263898499831237,-0.05311659170432814,-0.024103662261680515,0.04816022982575459,-0.024835136606988956,-0.01973951151948629,-0.07441968256104214,-0.06299811316729863,0.016726856336741713,0.012553339242106196,0.01333329469588058,0.04160094904028357,0.035377653745371614,0.003535835141674528,0.029117426128243258,0.07099415969258868,-0.06061043907905165,-0.02876629713595635,0.017675143368097588,0.005511356183261682,-0.04275718924364027,-0.06883521660605024,-0.02309649711177151,-0.02333396342651593
PKG,0.8148374253943637,-0.17997025498876576,-0.1012040421403949,0.2374133694282031,0.06822633505165722,-0.008884851876166156,0.006604568059456901,0.04745408028210547,0.02300709689049279,-0.08182817048783142,0.0019370747766389446,-0.09152520949974705,-0.08075357574542395,0.015116225180546939,-0.05985975113453715,-0.028444603755683036,-0.016241087853558468,-0.028962257235059213,0.048483769752291336,-0.006652032583344829,-0.07725709569884176,-0.06927721642099749,-0.06612493702481498,-0.00029933319816241415,0.060065011381115724,0.08185918083404162,-0.0024585025890715858,0.011343876603816923,0.08262107659454045,0.02818975243749665,0.008685392421862864,0.025032706245686622,0.006033021628594968,-0.008618728115484031,-0.0014818287678677444,0.041738411375097165,-0.0023304269266418527,-0.0007236510088784099,-0.025136130619639603,-0.027464973898321428,-5.760799784485741e-05,0.017027711259538607,0.02846533474113469,0.01943999838439363,-0.03401233238391629,-0.009433632133859315,0.0589785383699536,0.04033604194836536,0.10205672240933056,0.011060374520233915
PKI,0.856721123511283,0.02821172457127354,-0.14768860251017893,0.03513144786468317,-0.009762556405707367,-0.05797263399122302,-0.05038553777919596,-0.07430240383609416,-0.02901530879621425,-0.015734402583292676,0.015025559909944126,0.07840769842807083,0.046339639280496045,0.037544807255076966,-0.052230557764843644,0.011938917090878192,0.05325896840979768,-0.003919950711638428,-0.06607086157280977,-0.07773384786790932,0.04421348395351196,-0.04450004340154571,-0.05431995134345827,0.009354328875663866,-0.09568689748861825,0.03657990140176676,0.15957825479708396,-0.0391908387636272,0.005528864674822507,0.07515571164019279,-0.08749789142054348,-0.016708890155138868,0.04040882917216179,0.03092422936625539,-0.005421424373008366,0.016305478437470565,-0.01150994782427368,0.010512424159529573,-0.014335601955494888,-0.0043154147543957135,-0.046195432566987174,0.0073292684927406876,-0.02794570487308791,-0.06516425006572957,0.03343387100363996,-0.03583317165145661,-0.0045366642413480285,0.02031484393018889,0.06336393636156003,0.09497876202811668
PLD,0.8014476845716639,-0.1691536792954264,0.15911242546498,0.07786206874785301,0.12320107526632958,0.030979107907901773,-0.011079390829846521,-0.03204177955745422,-0.03468308318221359,0.035176407226118686,0.22840489748036572,0.20544616526923026,-0.058389416102168426,-0.0032931610062007953,-0.041648837862700676,0.03275242230306928,-0.021805064920667416,0.044642540006823224,-0.0010908611883961947,0.037431913385019805,-0.004731573600248946,0.07542433665618373,-0.043341160188056525,0.017032144168543838,0.015876926853024338,-0.026195840111708557,0.021276092756674327,-0.06177023035328705,-0.08343261186413713,-0.0855321382627793,0.038413752326094674,-0.01880275957579346,-0.0010753732739000443,-0.00838791546136157,-0.016604832327793397,0.010629835691869085,-0.048854225549592435,0.05171723333969597,0.007133279810869593,-0.010525046049948698,0.0012725289322491739,-0.019995040929297988,-0.013438897430255082,0.06888618826739594,0.010381036410701903,0.0737378342074966,0.035215532631152534,-0.013153165183833242,0.015583905901639042,0.05325744482097404
PM,0.8656747536143539,0.016273607151676847,-0.06672126902723347,0.059129179858537835,-0.0808105042948182,-0.03261552287306899,-0.08367961710254082,-0.0008863177726817543,-0.062032196551677514,0.12781424472080238,0.012762338261077321,-0.039150814624841504,0.0009866537343529434,0.0496624447509637,0.04281894975651456,-0.02794522914023552,0.0090146747194059,-0.0022071092308588473,-0.017171419624752722,0.08227199424403707,0.004612750454879357,-0.02120677946564046,-0.007158338453861681,-0.036111777221071485,-0.026739849404283776,0.07663816946584935,-0.004496517151078883,-0.0008522119999029796,-0.020109470041093674,-0.07632822859657942,-0.013954330270379666,-0.13094762827668843,-0.008130125611733024,0.15708303209690874,0.05436083148420941,-0.02710353489335826,0.06531925696635327,0.015769317725996757,-0.006299032168497546,0.0479744837398748,-0.06211163168916172,0.025272916261536903,0.008515076803114667,-0.03608560241577132,-0.030103711049117604,-0.02196599165256921,-0.0034163109781767125,0.035238946202147445,-0.002803915390455926,0.016686642931649932
PNR,0.8845918525065274,-0.1251822194190825,-0.09570638497156506,0.08592550571668925,-0.040139005067289034,-0.01915287625889756,0.013855004363708923,-0.0940005281582558,-0.08525780479551553,0.0647847734760546,-0.03547394171165819,0.02751540058624143,-0.0028644973727002566,-0.03445438024353646,-0.0043997367488920166,0.025298621189584453,0.04833188580981352,-0.028050332077526403,-0.019370631229067056,-0.018255854825275496,-0.07038882613519572,-0.08622960622371328,0.010386042564798487,0.04337905792213637,0.03339655004975934,-0.01545689353703485,0.012455732073729334,-0.017555407345612426,-0.012981998858957374,-0.044766580195033885,-0.018999544025324316,0.027138470199339636,-0.04393818661620749,0.0043854506304905234,-0.009148067661657674,0.018784505468859965,0.0287816113560516,-0.027346531514932222,0.018461999693483618,0.019895350277316298,-0.019645316166729935,0.006093313249372856,0.03328895111771392,0.014930771401228428,0.04529904608369881,-0.01968805188409059,0.0009297616134311629,-0.00031193016067852927,0.02429372133428539,0.054019810645458126
PNW,0.855401640213631,-0.10395645622120248,0.10646917682364886,0.2125470217997769,0.007972523805502705,-0.03644184206746828,0.18081997423450005,0.056148155307920056,-0.02066706506405843,-0.006507079116191523,-0.03871060919368286,-0.020365211758392315,0.15328984785464217,-0.0388251059520899,0.0239248819004701,-0.010640939941659648,-0.04854920284605057,-0.002576174455541742,-0.09064914474966125,0.012596568084135526,-0.027952603257715626,-0.006010321468327681,0.00621613148422647,-0.02011887094167837,-0.046770721155861686,-0.00933924165894979,-0.019828337825351313,0.0018041482297728477,-0.030559079876625064,-0.04906554535749493,0.023788837154474572,-0.027219026619011412,-0.023101562391394673,-0.018062059121567758,0.03587039260474063,-0.022185001181449282,0.03819385639542192,0.014812642962957081,-0.0213336350270237,0.02505844763889999,-0.004852498013104405,0.02715794817222443,-0.036630513649141876,0.04852067171210888,-0.0024678330579174174,0.015189656411183788,-0.009950359836366968,-0.03381702817679118,0.01840497720740472,0.020173615994979098
POOL,0.868718978742652,-0.16701998307898802,-0.02623476088867115,0.07564423126817073,0.01789686725141202,0.1344446985788741,-0.0581200657712737,-0.06833942009853632,0.01897114231371386,0.021270665285138563,0.0076401286104606884,-0.049474215992642324,-0.008301039826923373,-0.09924561411671523,-0.02118752014634325,-0.03144183777568709,0.03247293678476947,-0.048298102720849,-0.05659022750329937,0.01108665474857289,0.005420990501119934,-0.05927927654272002,-0.05650647428273109,-0.012528566172090763,-0.016343958675981762,-0.025292617287009364,-0.04537736058765199,0.02571721949299044,-0.06628157785032245,0.04730954174095461,0.036401261499506385,0.017536721406997923,-0.035910258537200285,0.018122482296425397,0.020223272257581058,-0.005285441989863771,0.052631502091073486,0.0012072714246402151,0.00886722240026391,-0.00816338386624403,0.022543308481213893,0.006361455614356323,0.005832731377784856,0.024238920416898277,0.04536315865328673,-0.01972780061418859,0.06078842478443038,-0.024599615667007295,0.05227396927263007,0.008785305383279986
PPG,0.8077487721194074,-0.17384614487000127,-0.16598299679032605,0.20080995519137743,-0.03978419363546636,-0.052004614688354156,-0.05188565852493924,-0.08264380013048754,-0.052413510151691156,0.031171049589302616,0.034864599071281914,-0.042240724959599636,-0.031705343334760966,-0.03074808567915907,-0.019636291651319242,0.029601018200518175,0.10286816229244289,-0.0004657045705372814,0.009007198429318207,-0.023909478068841004,-0.03550345450026912,-0.005963112089549598,0.07758384772318078,0.017933346945619745,-0.02809404689322019,-0.011067796129672023,0.012148235976130274,-0.07950725536454195,0.02990273310246347,0.04163127572321771,0.12379017519458821,-0.032744205988314935,-0.011913537208190137,-0.05811227614371669,0.029601253594314515,-0.06022742154428108,-0.033079845084038675,-0.03847329355858968,0.03584755178824087,0.028834780685289087,-0.00756286908443447,-0.02837240812570785,0.029880927873363636,0.0011113223907920525,0.0217094505455973,-0.09446389856234708,-0.05563458557051424,-0.05150041297311515,0.008114370285880308,-0.03860409359860952
PRU,0.8859466455179411,-0.1078796615275858,0.2544617418593461,0.011810422362400638,-0.11986631098308721,-0.07797881053256463,-0.1258946865543104,0.09815954503925015,0.023663177912563674,0.007871533097228448,0.0012451835949853674,0.009230439008578381,-0.04076335369149763,-0.022406496525831456,0.06247717566011335,0.07703259605127047,-0.03817193615912353,-0.004763249809800689,0.007127283297819596,-0.025209280934939012,0.01245498326994633,0.026962955786449094,0.0013302070757402753,-0.02236053867898386,0.02195841072015657,-0.01347998139062114,0.028156948827089683,0.015966640151511106,-0.0056625812280406826,0.006796267623570905,-0.016114003915577532,-0.036960136674708745,0.010142380656170876,0.010726878217060445,0.04488311522617139,0.018629454557079664,-0.017267752727891876,0.011966156271865959,-0.02401734479823773,0.023050452674362773,-0.0013514119547816572,0.007488894424005884,-0.0020324585581008095,0.0005134688261903226,-0.011504929469618987,0.0038863058575454913,-0.018693610124921975,-0.01884949770663274,-0.023065740379920763,-0.0016863469691762317
PSA,0.790871655619456,-0.14391217667289818,0.12867608270352385,0.06479486829499471,0.1304015091636392,0.1345738899222358,-0.008783687512264927,-0.030026726209107842,-0.0015425941312722721,-0.02404010426376641,0.2609967762887513,0.08537080664511618,-0.06268439621271846,-0.06508853329595793,0.05999936874716554,0.021174844183704515,-0.012689444975819862,0.0015976014821417839,-0.06124223183706233,0.038536195562607164,-0.09222882665762057,0.07170547719943174,-0.023379382755143268,-0.016923925770466926,-0.05092016885398934,0.06611307685889178,-0.023217562257379268,0.030274585002027156,0.07246553832691156,-0.054293985140980286,-0.03756961872027652,-0.009042790538128934,-0.04243844062347582,-0.04101433857003703,-0.019277493466200786,-0.030198354451721945,0.012232502815019891,0.03810937889175947,-0.06612074757322309,-0.055892592431326694,0.019069973067501935,-0.02891535093983746,0.015149153624257974,-0.03452980056306975,-0.0005484982543740753,-0.02979856486530044,0.013292015243853718,-0.06041558136896361,0.04796523186190714,0.07675624379992255
PTC,0.817801299537716,-0.1376027450105721,-0.06153216447595381,-0.08565866599330707,0.09854260485568321,-0.058478609964308495,-0.13169100895487304,-0.07870736334181486,-0.04646152346962761,-0.09981942066588514,0.08800115209259633,0.04468157398241395,0.11406586609704449,-0.0015860925586588222,0.005427662435543901,-0.03771777788297458,-0.041426518233276796,-0.01763087505654918,0.09178626821207275,-0.04297734510873418,0.0514111140370325,-0.050060477065067104,-0.07451405796020578,0.11945465005658557,-0.002447230027281349,0.10157066076614715,0.00952317412904638,-0.08465841819671067,-0.060714454370809155,-0.04973008434263459,-0.03388031136238378,0.020617843466701945,0.021988597473129853,-0.01081426040070181,0.018960334734999466,0.0006175760828641226,-0.04063767980163674,-0.004600896992109974,0.01685804170051414,0.0673945325471662,0.035414921543262985,0.021307101683418067,-0.0800648820247707,0.0010198256319871929,0.045463568549531784,-0.008299697466613151,0.01533967036291375,0.017322044777281435,-0.06999782743175983,0.015454004627125914
PVH,0.8712432292268066,-0.15748812245183047,-0.03871593080099517,0.08905414189756264,0.01281008106545191,0.08483427083189356,-0.12449890082689187,0.13065166122343036,0.0013082171670023234,0.11805810366078526,-0.010903858032559898,-0.020305528637087972,-0.03683746398499395,0.05006749928059369,-0.010390823293859982,0.03131010345260867,-0.019286973188443045,-0.06467062633537676,0.007858533046723869,-0.03473156091822425,0.03977497676170186,-0.04987108964794221,-0.011309596064981694,-0.044677008061536586,0.0174105676204159,-0.04474761679383006,0.02359186778570584,0.048569278222816356,-0.06994906740781609,0.043194872197446194,-0.015422193225173339,-0.026633257428248663,-0.0015282743304656733,-0.01034430625451509,-0.02021649002869775,-0.006553401899548887,0.010925919274627306,0.01825505030422915,-0.032453413528739046,0.0006026204866987693,0.022357930371896324,0.010117359965404034,-0.028973552193311092,0.058904053696148775,0.019979406609484038,-0.008636350250755261,-0.0025209788338907495,0.028258226731347418,0.0074828310990404205,0.023247420994569442
PWR,0.8939871870192037,-0.1211749979477655,0.032059263437994354,0.05898430099842246,0.06097731733626027,-0.02840335603581703,0.1394351084277029,-0.018986057805226015,-0.08027679427162142,-0.0032880160650397517,-0.05933948863690822,0.02014106822440524,0.015282887228803787,-0.05889992827806942,-0.07975063838146501,0.022806898392414548,0.000720075424206362,-0.06251869817163826,0.02473267612223074,-0.03390724874421737,-0.01261064468812747,0.03786110287161061,0.0033530283830810466,-0.038336213055782054,0.04433890468312448,-0.026435477213393344,-0.04205148380984951,-0.006781355026009506,-0.038170770423817606,-0.012238896755583959,0.03481634383997712,0.06368989970699661,0.04204474456891891,0.0003526732904048273,0.028553945470967176,-0.006987746605691497,-0.00252206559081769,-0.0011111657609923576,0.02064955043252175,-0.007797707666104816,-0.029874070747275033,-0.00020784285006719737,-0.0010247089418699829,-0.0380961567008297,-0.00449248735708459,0.019610793100238787,0.0033696881379152686,0.03570827341237711,-0.015341151458678167,0.013913103643799555
PXD,0.8268571117519598,-0.05889014704112626,0.05352090118223429,0.07668781008810686,-0.0483256093075687,-0.023558992587936842,0.2576316741705202,-0.057145710704862955,-0.03467759324562995,0.04452832658106804,-0.0425150989527642,-0.010873017379277898,0.030193692081425274,0.03580953648589902,-0.0037112972067784213,0.02022321257135602,0.012538647054864375,0.031209873134397496,-0.0040355890248826454,0.08982051435091078,-0.033937436921865224,-0.06801316034234801,-0.04787706538475229,0.01987607411873805,0.0398182572641862,0.05841991757913054,-0.035407298526685484,-0.08093516809477633,-0.005321002573849103,0.052561397021740834,-0.027393511425463264,0.13054120342892755,0.07330688628581528,0.059975981838402366,-0.004451298629244393,0.035293582033553435,1.9227151681794648e-05,0.0678500486032701,-0.059455111964918296,-0.05414848931977528,0.07086039700673388,0.06215328791855235,0.014679601272000702,0.027817116937019864,0.0032224772555055708,0.11144014273964498,-0.02487901191539267,0.017341752485820452,-0.005032495425959618,-0.10526128298267326
PYPL,0.8078436575836797,-0.05736259150115014,-0.015324578819614071,-0.26981652703604614,-0.19943448764783236,0.02011666907373029,0.1328400833620185,-0.0068637807934894355,-0.057169321512698164,0.07902132753452888,0.005779398607543133,-0.022902695277369173,0.018852367723458816,0.061376484867416266,0.013834147135720122,-0.04838058938092946,0.00020376240295436835,0.026695923233499227,-0.019477294693846393,-0.029325459490209784,0.0019200361997579792,-0.004608082367582478,0.008003364081257533,0.04625969697778617,-0.01732405701650292,-0.03556590051021941,-0.0043914795715213435,-0.08893846984719495,-0.02613476440627825,-0.07909604482361629,-0.04310749129280605,0.030349361926650102,-0.05874900660779378,0.08616002058477187,-0.08486883451592576,-0.029581948342973726,0.004058959875572034,-0.0008589279258654096,0.041760401642890715,-0.029547752719674934,0.008269428873921817,0.011142673148518682,0.005067294770163662,0.01487715317546025,-0.06223078580173413,-0.006464279664926268,-0.04993533504406363,-0.05536238409619603,0.04645088900097849,0.03539514296743821
QCOM,0.8682220000517678,-0.048750261704639725,-0.1810488661187407,-0.08729288344925457,-0.0028981058388700006,-0.08120724543347405,0.08419544964093276,0.13613920480860128,0.12760134007093582,0.029362533983628227,-0.019180966256660995,0.07943531185942437,0.02814393433284905,0.024999258240934297,0.009093854309512898,0.014273551528925581,0.026875378990674527,-0.03995007771160834,-0.055207540807601256,0.002342181084124024,0.00833891891312241,0.01687901629473499,0.08587225923709922,-0.03610510847056688,0.03598770719714205,0.04321197952020865,-0.018507369892717257,0.028154023493685874,0.041224966467487356,0.010885133775616868,0.013100022070878256,-0.04493209384331074,0.022105173609359693,0.028791928335680218,-0.0053005965300448946,-0.005203797849279588,0.05475768116749989,-0.0021683911003949705,0.0029540186481064965,-0.03941223458937962,0.04946802112651489,-0.003513957938011564,0.0090415382558964,0.0035976503354733912,0.013425926570348261,-0.016739694021748363,-0.015161790599494513,-0.018148565843048216,-0.021284075744399566,0.021701662947886925
QRVO,0.8668565705990765,-0.08736873767455912,-0.1891865081415121,-0.05642853576754734,0.08112648453395899,-0.08152000628414578,-0.019015993006877185,-0.07175032169135612,0.08591420273147826,0.03590534179784661,-0.09053174967476382,0.1149162127471091,0.0775292096583656,-0.00019822598231670238,0.024061656530688792,0.04872780960631284,0.05597532252885726,-0.0753035341608556,0.010844617971138896,0.012150532482154603,-0.016055726634788194,0.007646872801922647,-0.02418275825558674,0.024257064624817054,0.029512984021022818,-0.003621084716557633,0.01910942667165675,0.043204427083369294,0.04363682803870498,0.013428272536800649,0.028832253002981992,-0.017985971830575175,-0.00032862711981993,0.003637633266596252,-0.08555716758226334,0.00443328752605113,-0.019684472813239515,0.008900379071668577,0.019751199149763254,0.02497439265873099,-0.04562966855828028,0.012247004663023054,0.028219285563681654,0.008253843270231655,-0.011551061288167498,0.01340624070706685,0.027331448035138897,0.02233544212811611,-0.009666475096493364,0.00035019889996696306
RCL,0.8736303256991171,-0.12667300991169148,0.08970403357713516,0.052723417489442946,0.0015795372554819253,0.039137492767096396,0.06858529457579128,0.16038846492728506,-0.03629584452135108,0.03537988031641194,-0.006809004933124287,-0.02344020435096378,-0.07126685750862413,0.07799175501358445,0.08115109208956361,0.010710514264980462,0.12287451717772649,0.06575989488829445,0.023207064480536745,-0.08394232090158497,0.03186432507400229,0.036457586676721714,-0.11044650711720098,0.028701661410366137,-0.029086328246934866,0.0533030257028707,0.04782560737952408,0.011294442947388532,-0.03664691542388597,0.006475666303460557,0.07908511969830372,0.030831455451451044,0.00022115732434508338,6.567288559692188e-05,0.009891833286881297,0.0045552546131792685,0.030976718951368776,-0.019940384145304867,0.03337268625764977,-0.0231386513144088,0.05586471032693602,-0.024043039133115226,0.05063134618014346,-0.05032517569565498,-0.040021259390635285,0.0003608409505200614,0.02141842842467465,0.01201494259009232,-0.044078647086173615,0.005989761358319979
REG,0.774887786758279,-0.1428915130062455,0.2139100772230907,0.09669382445981832,0.20013230406834356,0.13218974416569904,0.02297092950612501,-0.0964416264705107,0.006106417739035485,0.07646950110184268,0.2128729090510496,0.19959908604566892,-0.029177480574844566,-0.04197793817606233,-0.006603779636522278,0.00847094465805412,-0.0842382249724192,0.01172535868928417,0.01839175551367011,0.0449148789138996,0.0459076326435563,-0.0025194145544691175,0.007919999372837414,-0.00339878765749501,0.04915457347012831,-0.01137358366967467,0.04368901368022013,-0.035774892578901187,-0.0328900456282235,-0.024430895032637654,-0.010192209106393449,0.015474838966106274,-0.04959503816209701,-0.018792388935004296,-0.06610669663661632,-0.02540321967873653,0.017706967349182368,0.021326964276546928,-0.03523460257209677,-0.020562885503830303,0.010683950182691623,-0.0691031230049424,0.05043412008500501,-0.05763798305501869,-0.01858780743654875,0.04566436434271476,-0.005574315739358488,0.05737916403545685,0.027614572441990053,-0.10342760800701019
REGN,0.8233674126008659,0.4197395734402478,-0.021550838852460667,0.04267005698085441,-0.027454550265796723,0.008173176337371198,-0.019475184138778297,-0.05502143924087889,0.014391628169878844,0.019565009449996593,-0.0048519160279743645,0.012255931603268494,-0.009943453484964497,0.013874319888545764,0.023313373700245412,-0.0474690112857431,-0.012726299440929801,-0.07110472188749288,0.07336295388426772,-0.03962796468804311,-0.00592385995586602,-0.01141022138911476,-0.008120808817410922,0.008236550651255713,0.014052780575549772,0.0030759851526868847,0.0021123366032265254,0.010662038539108088,0.006457814783377438,-0.00879901371279615,-0.03767453862461078,0.009538290731622715,0.002812173532101143,0.0024194721625644578,0.011937835884248278,-0.019336703650669702,0.013079507055709762,-0.017213951813876468,-0.014447183929296663,0.00011601781612370979,0.024863652417055505,0.0019488226553249885,0.0025364404870963525,-0.03923457861145847,0.0032863438488557354,-0.008689177968186579,-0.008906906488727823,-0.014405496790692935,0.040729491411128936,-0.023025502360976544
RF,0.876240727173885,-0.12714318951015213,0.302329494579486,-0.018318229246873274,-0.10825338133161946,-0.041234428778790994,-0.06375542389499257,-0.03688875035357249,0.0649434176963024,0.059057662440579126,-0.024354971916314125,-0.02068179850931497,0.04004883407138099,-0.06452953196582784,-0.049041695364170655,-0.09171520548439603,0.04160327882314507,0.04273114742840253,-0.015935809807343278,0.01967138918061642,0.005279196529210802,-0.014411625633422399,0.03703940476544464,0.013653839420058413,0.03177176601486927,0.0032668827923347564,0.009827126258137272,0.001304959781818245,0.01856871281784347,0.019572560194054088,0.005979030141375692,0.009632476326660356,0.0077806894691081156,-0.033096344638907094,-0.007552111106086764,0.011906516536877269,-0.003917673271923484,0.007840950118652485,-0.030657753108272207,0.01241436064834669,-0.008912589664651542,0.03620230641049463,0.013054210503203541,0.009022154656251667,0.009892158764283038,-0.00043024515960025017,-0.016921810342818724,-0.003502433732898057,-0.008461893446333116,-0.013635711611112083
RHI,0.7578097187976267,-0.07301930381258667,-0.056645725922424756,-0.16979201782359554,-0.1701419455293064,0.04294550129690316,0.09161987369997393,-0.09292853072389887,-0.12363939933183424,-0.15566880925747312,0.08169242800787335,-0.041622372628151105,-0.06532195926092763,0.01140570338942184,0.0032634676824027185,0.041678465811120745,-0.0008175434604519308,0.08753106679613205,0.11260111185658239,0.09479754639251946,-0.06951533781562798,-0.09063422392261493,0.06690660795737613,-0.028982496399153897,-0.09491152186558649,0.016049596642283923,-0.08095275978565382,0.1201680429212382,-0.04359511841232056,0.059391129572112844,0.007608649271638428,0.06867775829310806,0.018361205944273293,-0.038969001470218714,0.0958686056692678,-0.1530608779023885,-0.06675750141666474,0.05225946279179088,0.02865295232973589,-0.07331863846476697,-0.08035568452735974,0.062084953518044356,0.004160952888201058,0.05117808028700406,0.07855911666300636,0.005832910991112276,0.012567034093710098,-0.00786889704867128,-0.005116129111488061,0.06245576214648576
RJF,0.8628747226977834,-0.13890941036531884,0.2834639899310316,-0.058652800617606,-0.12121829189192196,0.007541363322930277,-0.0623688165669323,-0.016496931168758378,0.0968880059687863,-0.030755860657901393,-0.024929453898665507,0.06580955374605926,0.06439116091954294,-0.0018786717578102683,-0.07555103701704491,-0.01531462045785517,0.03625018032329268,0.04399945626939176,0.052178096251814646,0.0018423682393207026,-0.010786054659219868,-0.030494666726493876,0.02057951040130346,0.002554074278649827,-0.005638643762254919,0.0410039611392445,-0.013791436897626254,0.02565406764046593,0.000646143852703875,0.009779596144496588,-0.004674261603620831,-0.04424334983119383,0.024126393839312546,0.004691233564717987,0.02728969838288704,0.011853872951290853,-0.002629180675027475,-0.014875024730389184,-0.013360446509782086,-0.02439018764642239,0.008159730290632106,0.014626097178466274,-0.015535039227008786,0.012302394149507932,0.0034452597736665917,-0.006780260481626875,0.013832934696728982,0.02460095161431442,-0.04587539389455739,-0.0162080553735583
RL,0.8762596964226289,-0.13620054861157538,-0.08212732966289109,0.013864108605776821,-0.012355114239132438,0.15732755249136232,-0.129017033540231,0.11229846222876777,0.04793858295756945,0.07538245401587411,0.007083147797286167,-0.010261437150129104,0.033993071593222214,0.04543286211392061,-0.03138749239947649,0.03498576313179592,-0.01689911536456708,-0.012134786231839834,0.039110100750381495,0.02177694196826081,0.03015113708499187,0.031735553047293016,-0.009187973244435077,-0.011605578268155115,-0.005586649401000716,-0.041302026548272815,-0.021443236392500287,0.032731906455679007,0.005147255871533397,0.03250986596099126,0.013582518613565523,-0.011467948593865298,0.028169153940925114,0.058783432552461226,0.009732418000059646,0.01592260840196801,0.015408298779922612,-0.007965615735184417,-0.01246929322332735,-0.013515538296424719,0.008886116406886838,-0.040391363005320605,0.02253118425444617,0.04663403452772383,0.018457776910786854,0.013354904655898977,0.016427998585174106,0.004973674351295244,0.049580871999298774,-0.03626943635433372
ROK,0.8445863799487268,-0.17184286174054458,-0.11889948086279835,0.07382115270710911,-0.0584974831701813,-0.06183851605632168,-0.031990567831800085,0.07471819355059132,0.028725027080368427,-0.0792321464315966,0.0035813820493153254,0.06741684022443217,0.04843969584333611,0.049358048566682244,-0.06951218825617651,0.045691769104951596,0.030022629469407907,0.02884247787139018,0.0202723280050867,-0.008908559713262505,-0.0017889131328159787,-0.03896928880273356,0.014571299569809664,0.03214774693146165,0.009334476877994867,0.04662136414268998,0.06412940607105713,-0.002862059605702348,0.045603734871006614,-0.00036653574963995935,0.058073183868601254,-0.09590322081087238,-0.015091960714308527,-0.06138701565995011,0.012150442578560135,0.006711101634334446,0.03893416281011252,-0.021871815612710507,-0.015161710417455699,0.00870356819224545,0.02207735468916955,-0.02754134885872964,-0.08048682127199881,-0.03883664563353258,-0.011215463548466888,0.04579239208112069,0.031817069920644786,-0.03637439103108783,-0.003922277492625292,-0.03618045021178313
ROL,0.8676564389029677,-0.049237731603080384,0.22618570884917671,0.013356855653748964,0.1315093531057628,-0.051556417724698995,-0.08858573610698053,0.015158186639485953,-0.0015594749770869829,0.03810217761978752,-0.12576837186951018,-0.038429898331803346,-0.025755371119562002,0.07413123597827694,0.0020656045249062118,0.011069327270469834,0.09795836941707582,0.00014633849358451883,-0.007271700852519236,0.05699090401546644,-0.028424662840749328,-0.00330637808499258,0.017823814968184578,0.06082299387937024,-0.03132367044377377,-0.06355395405962448,0.009187446868289656,-0.03297399580986179,-0.052893821515689256,-0.009772806515809068,-0.04423473765147155,0.003550592404561119,-0.023284450709782672,-0.03376613868468732,0.01943563698363496,-0.025136380091028088,0.005892003542929732,0.01347656621524454,0.04821612845813033,0.0007917383381687672,-0.05913175942834134,0.017371119298332873,-0.0031674394988292012,0.0454981015395034,0.029856013614287143,-0.013540739313790868,0.0009793352637744526,-0.027209509594059943,-9.554270016906802e-05,-0.02566618506812709
ROST,0.7814137266794665,-0.15566616785427226,-0.10197432463665239,0.030065531731188082,-0.0048259450089850634,0.36350981484062816,-0.04303177218975236,-0.07190388484090482,0.1421256308197542,0.016763715608975514,-0.007710923810456375,-0.021886463437377445,0.06877434062762515,-0.020648493644004333,-0.031426623863924766,0.038310420076859725,-0.012023942614489507,-0.050086526221606954,0.02305369714584532,0.0022089780396006256,-0.015821377970695716,0.01205438704977464,-0.005769451045301401,-0.052422326129467595,-0.02972628521445877,-0.0055389699011981555,0.05282158584816942,0.03247885941358619,0.017919376744023243,0.0012654138821442534,-0.03379551493209482,-0.017192203889991542,0.02929123477678487,-0.03745965970395736,0.041892824029206355,-0.011181156662869887,-0.013231784952453224,0.025149543445819583,0.004883062977482266,0.10264264037141312,-0.004931730344966277,0.019998291868559646,-0.014248173432282494,0.05066602385763013,-0.04357089431413939,-0.021981308882511097,-0.05837088739425235,0.027830954358339235,-0.04803074098984852,-0.03024660965781566
SBAC,0.8210194481894992,-0.12561113624043901,0.16173866304408338,0.0297937821980331,0.21159409597814083,0.033244893005849915,0.06347356204652169,-0.04342112050703404,-0.010671040706421487,0.0007602758654225942,0.09453484839531925,0.1796917377722272,-0.08853524191935025,0.04044656096544553,-0.0031146224871524747,-0.05621737998617432,-0.019152541841008924,-0.05432842380309127,0.028122990484626968,-0.04848320875969049,0.030550753373615243,-0.06223298198790345,0.02573349949881055,0.07445020492102496,-0.07014477738722531,-0.07296991985032261,-0.0688933452805682,0.07130037305479607,0.07032586303793675,0.049311724863020726,0.025221858367275335,-0.013256421798570565,0.030702877734901872,0.08403231956106146,0.04554450062458683,-0.012921783708642007,0.05081259731895917,-0.026850671654090677,0.003509166394395793,0.04277724176275659,-0.042466560802407155,0.04625182052682958,-0.01968936338719783,-0.03237229770493289,0.017125161825412225,-0.0027084726390513344,-0.0482194183012363,-0.015355782219424928,-0.06774518296759989,-0.006928327375039303
SBUX,0.8580545867477137,-0.16580715395095616,-0.11498168215222808,0.02490309253220804,-0.08574541252721352,0.14960089740072957,-0.05941061501500339,0.14098360486149947,0.05000089998160545,0.025489103885565353,0.02964502846079296,0.013287506129133759,0.016518754844840125,0.08355377692996148,-0.02835254759277643,0.05374595204983613,-0.04447666769429461,0.05577689445582209,0.04566536553080717,-0.021048101441237838,0.030879286027585325,-0.011078087400769335,-0.031211688261675214,-0.005284874462445586,0.05223726420424004,-0.06480376256265145,0.027798853687700582,-0.009999682716810487,0.030814391558700648,0.031177660141178072,0.02729028819257318,-0.041764508450548785,0.014095560783219855,0.016156184873619365,-0.05754354295453165,0.016377734893401316,0.005487530620589035,-0.011313498011421643,-0.07282089207673971,0.006713486111927033,-0.00895398484267122,0.02720337039999201,0.0012650035471926137,0.011179169265141798,-0.0124466998805811,-0.03744256935024523,0.005082202457154281,-0.031310453689569154,-0.0072253664649182345,0.0007843635893551241
SCHW,0.8534261550960429,-0.1440761002351224,0.2669186829523845,-0.07560555495874027,-0.10404049405418422,-0.03835274122647395,-0.10386011288921577,-0.03906542977046566,0.02725865379136708,-0.04431837160521945,0.0186696182955954,-0.04297520305176259,0.08579699659577893,-0.07117215296664325,-0.08049512873517575,-0.07299717603451775,0.031038122339047822,0.010423513079336026,-0.03717690675051439,0.013579174666417023,0.007725617435319574,-0.04272871132715126,0.006820447158239434,-0.017630644327381668,-0.02067827707933625,0.04404535877679311,0.015004653001420783,0.062164259844137565,0.02084907695843186,-0.020415863511856612,0.014221910325099889,-0.03329830897769024,0.002517823205485199,-0.006064428061489411,-0.0215388911998917,0.017859112342706047,-0.043496176504306,0.008707261736384673,0.021543059266453123,-0.04723874514477459,0.009149535048011345,0.009568904159055492,0.0008202086132378588,-0.015912475669502407,-0.04806116231653957,-0.014868282097817395,0.025021895886517327,-0.004528300526711909,-0.0070243493520857495,-0.025475279262880856
SIVB,0.8726708947865345,-0.12367634211685234,0.27915880563204876,-0.06135336487763735,-0.07103133914620532,-0.04632002461939071,-0.10751825822896315,-0.04551655966673584,0.012971015735858446,0.01491883920365953,0.002329706216963296,-0.019250016761656923,0.04238897966740622,-0.05340433225227548,-0.06524594953436423,-0.08825954937520816,0.04490642089660126,0.036282570583088314,0.026958472960742955,0.014142599174063585,0.015306400631917988,0.025491029440399833,0.013745928921532324,-0.025827320835510724,0.00642399768305745,-0.004320592585412838,-0.0013619336013378685,0.02435641684513432,0.002704163605953062,-0.01058907982903999,0.000686035501972083,0.00705448726293387,-0.005940120766957597,-0.02546243547214421,-0.019694525019494365,-0.0077808474583753945,-0.004171601607499286,0.0383275309972393,0.026093023114751614,-0.023547292669008794,-0.014750253337019318,0.020128082991793715,-0.03237278880378631,-0.02795004781036443,-0.006306631001007852,0.00689945159188172,0.02987949082998103,0.010361907671406404,-0.011764483532016418,0.01805486433562178
SNPS,0.8652779979620908,-0.09717793820192651,-0.1620257315283842,-0.1542022623033805,-0.007473289259063335,-0.07740875411207766,-0.0015475409372486865,0.0518841041782387,0.14255393916636008,-0.08269341352374715,0.0031699254593129463,0.0906927156386394,0.05806250825796839,0.03444362053053763,0.025814236048470437,-0.022950702099238697,0.016051873102247278,-0.001221545666817032,-0.004895209825789983,-0.019250179462658213,-0.026844283826573095,-0.016502380538471285,-0.00394242209662926,-0.022714427617410955,-0.0037530753566598985,-0.01681876696622323,0.0004738023542641763,-0.02956651293063814,0.04594182360520375,-0.004110366091756741,0.03975934670932704,-0.009736337445491265,0.03348712929401163,-0.010986353671823906,-0.015284285793177373,-0.05979023923571277,0.01579638477218743,0.03891925155061017,-0.03325016067568376,0.0876415458271624,-0.033765411804437,0.014264718434059217,0.04829174116832775,-0.00037195710591180126,0.008743424032819557,-0.03331961605304212,0.037895801725075985,0.015096409624273856,0.006495080471091368,-0.035687870170966605
STX,0.8864006602709705,-0.05713450265516129,0.09904000685918775,0.010955471538320232,0.13139915774400415,-0.07450884087088355,-0.1414729972597424,0.06454477385268838,0.021225154200677977,0.06699867579815576,-0.1060037457030214,0.010208833851663207,0.059617534186524976,0.057989128559304125,0.041100223054034615,0.023343616736256418,0.029029583198115303,-0.04543397028970139,0.01806839523650374,0.12647641625879105,-0.05062333776483597,-0.005107468788247563,-0.006323563269910139,0.014478659958586916,-0.02114136727950025,-0.04005385235722419,0.043155073911055775,0.01041620977799515,-0.04158724688169502,0.020410956296591,-0.0546552627268859,0.06033388301872918,0.00773224156208375,-0.03450008564433149,-0.04960482008927999,0.017951051377313985,-0.024481853411400148,-0.03212792731461073,0.021319234361214107,0.0009605169719783761,-0.004473445536488921,0.03787420078902733,-0.008397154059986383,-0.028905150208178684,0.029048847128869845,-0.0004809419152635232,0.02067120913962663,-0.039645736074447234,-0.023103903332353744,0.01644049843953713
SWKS,0.8510389595832263,-0.06819949041497085,-0.22434184637725732,-0.08768630939291638,0.035309272301404855,-0.06807735678004306,0.050069511904142924,-0.10745241207561507,0.12094755701340079,0.06527133662687451,-0.08146862223588497,0.0818468617752717,0.07108438584008019,-0.013277688085137216,-0.008107761849393404,0.0463924852851451,0.04706562453838393,-0.040752498414123456,0.004488999154150315,0.006388828510320674,0.01978814099213213,0.022750153537084265,0.01677978290192027,0.0032112980537607767,-0.008607985137946686,0.04274372459274275,0.023484838893120988,0.06146339109877748,0.07525166913813393,-0.012807438921676214,0.039445162422458414,-0.019038109131177667,0.025649406873801187,0.03200835523275818,-0.028941030131936284,-0.004284118777560753,-0.028927796765001096,-0.016394269977867415,0.03062925457828559,-0.004581684402343289,-0.024752367822928736,-0.02971095978340793,-0.0019162511932734095,-0.025613723309635857,-0.0032223555705104814,0.017872405898860504,-0.0029697958818179215,0.019345215021706795,-0.0091007182927797,-0.029295949670261216
TECH,0.8560849786092894,0.09494869385352864,-0.17013546122588066,0.0143386388862605,-0.04705690421864721,0.022371168394118873,-0.10952855349092214,0.004585591157794448,-0.0050747414915659796,-0.09061957848906366,-0.05649369572062958,0.11262722199145014,-0.04467537889852279,0.07381695546076894,-0.0668806279567421,0.03034210756857646,-0.009474891530029146,0.12455576556900698,-0.005661890858820812,-0.016419465581467865,0.03573707626178266,0.04640299773534759,-0.013977865118476268,0.037294346552581105,0.006451289214782275,0.014612937932152396,0.04319360820263859,-0.013977240776204661,0.011805284694977724,0.1106802594414411,-0.06854965038171094,-0.043065675251111,-0.027838881582112673,0.041037305130528605,0.040694472424632935,0.03684998512483369,0.006707557772750647,-0.009847354437210864,0.022238153405219337,-0.018684869975699903,-0.030492849185088152,0.007593783754210347,0.0007889910107907502,0.001556467185582319,0.012954251649994827,0.03773181657648332,0.052536901107249394,0.005044352625480011,0.017633686794858456,0.04729781069215826
TMUS,0.8809010779145487,-0.0872453427109125,0.07110743793694446,-0.06264695325661984,0.11559397770001169,0.03472393653467378,0.058521844544415946,0.008869583648051745,-0.07228517531137871,0.010913895222771865,-0.054563210794919985,-0.005497929284163924,0.01480971383684811,-0.010724399475863724,-0.004025765371819133,-0.07511088068934267,-0.032373353201250975,-0.09392952925194493,-0.02464358015196343,0.011289610989758222,0.048636434440166965,-0.005773834664438976,0.07875631915858614,0.045812332369222254,0.05446958443558106,-0.02991459063523045,0.010894234011714996,0.04650097363233846,0.05293905377981623,0.02444627945380545,0.03507402563342387,0.036267937068106215,0.024276541224945807,0.062327629336430775,0.010669733321642273,0.03079933484329641,0.03252487598682979,-0.028286527723483744,-0.01966173262262022,0.015096717030746318,0.004077576495136291,0.028535566957159413,-0.031069287742599743,-0.03357621921237402,-0.03484240619486158,-0.0116235024048081,-7.870464673976046e-05,0.048218556998380985,-0.029192520572147464,0.030843129690392726
TRMB,0.8678683175707063,-0.1407217132386441,-0.15816201182977127,-0.06931684869667624,-0.01492456001250592,-0.07344507926094979,0.02815686481800879,0.11206868904430614,0.002467304351082064,-0.08762478065721233,0.10210348759431176,0.035286787145016686,-0.009364075262964735,-0.041714915247527844,-0.03454443731424756,-0.051399601507297894,0.006825438415423702,0.042627870820698924,-0.006418217225665667,-0.01692709412357864,0.02639561273340096,-0.016718653720089863,-0.012185092667849323,0.04572381598782978,0.07754063664810884,0.001340502003935731,-0.09003018860047181,0.00751520324627978,0.009667498595943326,0.05321330985946352,-0.03634083970550467,0.01851719413071658,-0.0033175078322493353,-0.038097216191346206,-0.0008994303522455761,0.022053381495983945,-0.004301460875607256,0.019223465252145223,0.023976468527245925,0.05670957141964298,-0.007702607155145609,0.013648838162727023,-0.011098224090073173,0.03579229586468621,0.0456022067004252,-0.0005555337239324131,0.012268041360881207,0.00932403519847429,-0.044496773259646634,0.02270213791034818
TROW,0.8396314487418043,-0.12616184905131103,0.13044265597959986,-0.061715248076016804,-0.051320537643840806,-0.037038328348160884,-0.11403193650839602,-0.01661000095690524,-0.06957780457774453,-0.0836168093830646,0.10262272244378635,-0.051220429601514905,0.04583412464990443,-0.07363682921005417,-0.05066763039891317,0.03826601806480705,0.007824663249575339,-0.04709196892296349,0.061578401783645736,0.04752111583095354,-0.02098168037171632,0.054573525413125386,-0.061397170834437666,-0.04473943447208738,-0.0521139994604635,0.05148409565401194,0.03388313008441617,0.07094848570673838,-0.029227723677811245,0.004985581518615498,-0.018755266373900063,-0.09904839852227315,0.03415287434970689,0.010783796362019147,0.03594714214190235,0.03756342211328348,-0.0645724981824725,0.01626143929578402,-0.031710524021791066,-0.01805672709373923,-0.05661835392840935,0.018531646200279927,0.020216157488380758,0.004251828200016332,0.04843412908172665,-0.004931601466195579,0.06353322120221054,-0.035233570149009456,-0.08371796101244647,-0.013230212826881823
TSCO,0.855121833180162,-0.1641289681112459,-0.12251796939971266,0.03206083270262815,-0.010019368207475175,0.22709732417376133,-0.0013118715569106218,0.10476436593161724,0.14001115848051846,-0.03235526893444048,-0.03534000504228672,-0.01788803896781809,-0.03080535794337357,0.011151496418874477,-0.08857753707350535,0.038874064870129704,-0.04559147251434543,0.0013966256557646295,-0.0108131043410941,0.02583656928881179,0.018386234346447223,-0.04373998899961014,-0.016625599462510795,0.005663279856001427,0.06236779603659165,0.025130629627216607,-0.010500532321365098,0.023759452328603197,0.034657097056795934,-0.003033557196690366,-0.015765694232540792,0.06481623132375205,-0.03488182941141192,-0.02453900069278872,-0.023555716277642885,0.011194298835615225,-0.010824289604352257,0.010246759946685953,0.028832077719190476,0.03303119771266151,-0.032161213190623796,0.008274222393889655,0.04425991712221547,-0.01971335132860808,-0.02847133735736393,0.025536729249833752,0.02216213230182982,0.014994993590081784,0.020084939992058327,0.013925678310291935
TSLA,0.869038343676268,-0.09022073619778112,-0.09248801323512032,-0.017869349217571585,0.06791095883385798,-0.042269711222354914,0.08263378026357983,-0.021943144137589448,0.08357273388656185,0.058282798615779896,0.04424359407406018,-0.05030697400153517,-0.0007608113818795849,-0.06489618226459555,-0.04319050993999298,-0.01859197172491908,-0.0013229907368537317,-0.054420356841688056,-0.021166667485026085,-0.03460562984203718,0.013336334130385876,0.11024593981971352,0.012478175257944398,-0.04451611471711149,-0.07836254967658628,-0.04775468780000856,-0.03924261110007508,-0.07191257732530183,-0.045278430329168576,-0.033924845690491985,-0.010027932232003434,0.03638834789391466,0.0673379400757984,0.04278570300333387,0.013362130988944593,-0.027977452261896456,-0.06815950473670727,-0.01741775199239862,-0.0894804547939255,-0.007249037881805542,0.010043356121307372,0.032625132057437445,0.004452093947934205,-0.0010158373132950476,0.04237857709786933,-0.06749847151185964,-0.014665256330481108,0.024923864120275304,0.013839777543390826,0.04576941590778368
TTWO,0.8606005809142252,-0.07089073694658846,-0.08985139144429372,-0.16709726705365263,0.020762398675371992,0.06835515199124842,-0.0317754917401414,-0.013385621979769185,0.032196513013859854,0.08072554068301165,0.0331793567802586,-0.04712873401286936,0.044990096863793426,0.030215681482723772,0.0983296773334001,-0.03810415284528723,-0.05972546562038853,-0.03598111599314419,0.04137927839613598,-0.05436873757165324,-0.021316623664216713,0.03126737781817363,0.010497024038896182,0.030340340804042472,0.022477002651091166,-0.019065294741685248,-0.06671918614417152,-0.0037135311614779416,-0.03643677331170279,0.03770446979889818,-0.026069636138650244,-0.028858668405107212,0.04982620462101284,-0.04649909966892223,-0.03502040310726512,-0.006692416655317914,0.029594338415981934,0.04710344908081478,-0.02527697555766869,-0.023048676023816606,-0.037867333308210335,-0.1129648406778477,-0.0876082288677376,-0.023242124508081496,0.037731657400815806,-0.009556427416761208,0.005270263481500278,0.029776826054078366,0.031102176041226864,-0.035662064366276315
TXN,0.7807752591703689,-0.1472614933948623,-0.21742936845983227,0.01873075630361137,-0.023898012238256616,-0.12165976204450445,0.01706728442430575,-0.08822484765692233,0.13531384571304067,-0.025878553255975295,0.08330363326813475,0.00641883485129481,-0.05887912892254297,-0.05380983205372972,0.016321984067882624,-0.012897392781130886,-0.006177144495499852,0.007560749989510478,0.030799834202467364,0.03797019097224566,-0.0416694843608098,-0.005801701430331551,0.0055865020298922685,0.04630984029168757,0.016039630477445027,0.07738317858615881,0.035183179435203965,0.10719127817527632,-0.0008622836695028045,-0.03500857586760106,-0.001341474026057171,-0.002896346278322063,-0.1084146442512336,0.019644009679659933,-0.0805603808263787,-0.10965214675839012,-0.04495004458425704,-0.07100123390917436,0.0022560241278412633,0.012347241504460356,0.1661676844644844,-0.038179926400747126,-0.08149828161634282,0.07985734135711567,-0.061371889879577264,-0.0341316204642774,-0.02785335240699619,0.019600853712784503,0.040746398115888,-0.04132110430944877
UAL,0.884165368416737,-0.0951639585443029,0.05682408818865393,0.06293496881322921,-0.01787856790156403,0.010306096939109938,0.1549429274269147,0.1355918615571904,0.011768396410704027,-0.019026352592380055,-0.01914024240183663,-0.019738222375844515,-0.06639905863691153,0.04541948433344489,0.03199540493258643,-0.055506979456937645,0.08429507570122702,-0.03266333776025333,0.06327018353693,0.06850078974552135,0.12142665431073556,-0.04143223149101996,-0.006427209141409993,-0.028814543616383453,0.029727038680514545,-0.015565419432973978,-0.03756602487222547,0.014181324269905128,0.02103305809235965,-0.033061359855114304,-0.02667831894187835,0.013935311900961863,0.017155105352105935,-0.031474895719999486,0.07457663823700048,0.01286896474178848,-0.04196744239222663,0.03635154743736374,-0.013868961236565863,-0.016638525717050517,-0.026628028258136774,-0.022450319900705454,-0.007115318978773656,0.024623909012123104,-0.032417255209063675,0.016165737592719446,0.011920499002490982,-0.03817613690728298,0.01562860062861668,0.014186830713254966
ULTA,0.8321555676382083,-0.08401410220188586,-0.11064271322226672,-0.044887945346319555,0.015106307866227688,0.30373295260798505,-0.03087534189662776,0.040432131231719334,0.1268245995719779,0.05556416206196107,-0.007917557059874273,-0.0485155140849399,0.011140269987215306,0.007851210740814546,-0.00938270957471869,0.05074153795559293,0.012042169868120744,0.0628141671033085,-0.05709428726436158,0.006314658812610124,-0.0035315913895021373,0.03782433108784428,-0.060951534712290145,0.025462194852516117,0.023496346321835497,-0.04061089812848184,-0.004002774242176118,0.04945049031169392,0.03169411224155439,-0.030740333958610762,-0.04847310352089214,-0.040962913307049126,0.0036559130361376014,-0.03981526310223171,0.028329437171966766,-0.039642811082567606,-0.04959673336440223,0.013477199200547468,-0.02890309853937625,-0.01453548312306369,-0.05294106538727746,0.05640014258711623,0.0061439523027356354,0.0015762285658888885,0.03233801355288558,-0.05678232675353426,-0.013284606111869435,0.00572305860316066,0.011524230239927024,-0.061152447812105895
VRSK,0.8774033343069101,-0.09611257613089917,0.025017107322606227,-0.10278378905597695,0.01400337923019935,-0.02644614071959794,-0.011289327445637737,-0.028431055239735308,-0.07802389082393468,-0.07711433943845196,0.009784338266467199,-0.07177866260693436,-0.045590368432749655,-0.0728031131395778,-0.02398707401504444,0.04523756938353599,-0.011350048142207766,-0.003345390702538311,-0.10993596163640167,-0.08406235156202733,-0.010772731759532183,0.018672374701053956,-0.022930957830844874,0.02013150706646895,0.008510081531159954,-0.03869660891107925,-0.014044445437386815,-0.05651131888172598,0.036505168234781296,-0.022044550637502575,-0.003080385569489554,-0.016132740964171867,0.021564581314167733,0.020334864928053635,-0.04287483658610801,0.0638152126613283,0.031860099767856705,0.06115945491323771,0.04115198219137363,0.026659372230053137,-0.009365268185942879,0.011438064297870379,0.027221358358274595,0.0069218729626604365,0.007539840829458273,0.018163315765311407,-0.0252866788008866,0.028064695185346086,0.003302032384729539,-0.028392909821341773
VRSN,0.8368576416184851,-0.057149604911203855,-0.08202944822340365,-0.1524357373173532,0.0037879435247883874,0.0003642070869249842,0.07983782466803566,0.02992262147543227,0.03805906532234568,-0.08867620078806174,0.05801826381020468,-0.06370127744675129,-0.03576575596410922,0.02755385078444224,0.09244647682992173,-0.08030279226419591,-0.0197980465462947,-0.02903664493820225,0.050464315561752404,0.011600879746102646,-0.1258708838285802,-0.06332923777318959,0.01671895584489761,-0.0030703943620157275,-0.04223477826256519,-0.025313740516059682,0.010092247865741335,-0.021372294759416967,0.015018068464880225,-0.02153106279191205,-0.021695446082326885,-0.10028099860863547,-0.003921901902093726,0.021283095733113593,-0.02951406196280928,-0.006897778191997113,0.06473126351472148,0.05703202913107138,0.03514856538749786,-0.003939372108098719,-0.021177607487977042,0.010445871115202645,0.01356517750173366,0.013142825085593135,-0.015030194246697836,-0.05788231142698388,0.035599696119180575,-0.07449101168052719,3.4131513731781036e-05,0.03615972590496195
VRTX,0.8183871514646041,0.4606747397467319,-0.04695779674899607,0.058368861506335745,-0.08182571051825069,0.00840770259662982,-0.01846131622650566,0.08182183332732525,0.048175952089654264,-0.04005391686306495,0.057604661224661166,0.03494976546650435,-0.03485019007514431,0.0012531152813439177,-0.004871135972179367,-0.03467607229080834,-0.0038962561560177502,-0.030624335355309146,0.04802468829094116,-0.05410226229160221,-0.003374246634198986,-0.031390695150391446,0.0033831914912921023,0.0021028565436936814,0.010173847359415312,-0.012603852902883862,-0.000996899482299142,0.013938782939866298,0.008097614465665079,0.018669814105101996,-0.014044229231944354,0.027356917850712256,-3.421275354289978e-05,-0.0022771001116272628,-0.02364264920268653,0.004242857801318366,-0.0011238147150485142,-0.008194364560215326,-0.012936400560747458,0.001049755173926749,-0.007262340963246693,0.01085051244555656,0.013913444600183856,0.018187714990901185,0.007480083194031286,-0.005637291553442237,0.006005989236935566,-0.029750539113245093,0.013681548471837593,-0.014267598999216166
VTRS,0.8984479900215175,0.1789003029641067,-0.0477513496234168,0.057476365568458046,-0.016323642217945068,0.004591990928643154,-0.08657907006688739,-0.015879284367525608,-0.12090196672330664,0.038740883912865426,-0.08387822325207075,0.037736807317890884,-0.01999373561557079,-0.010701385811354843,-0.015447522701089539,-0.037117889024543715,-0.04748560004944738,-0.017397387636445376,-0.003780159994290099,-0.013955913866542708,0.02740629182141572,0.005329681054767376,0.003127121280303109,0.036660707347065696,0.050188261108016496,0.025240606574009405,-0.04843528441025379,0.03724812389388951,0.0028528001346973084,-0.05167063406602322,0.021593705254142382,0.04035694055939986,0.04984047604652053,0.00013846663374793023,-0.008817866802814763,-0.03701041550239496,-0.013250282974021456,-0.03216430800941849,0.012810104797580213,-0.03102993267352456,0.03206063474728244,-0.01606993777070768,0.04406319328441126,0.03375138291403702,-0.007557416612004502,-0.011086734273430335,0.01301153059950778,-0.02725093767699593,-0.01611850026001553,-0.01749545766253045
WBA,0.8751891438517653,-0.04595184830093478,-0.031102250909353545,0.05830210280503349,-0.05424391980992257,0.15904922271426808,-0.10880074073360885,0.10400933330169515,-0.021746184723056387,-0.06052743423660842,-0.07138719446392075,0.04809317747481736,-0.0012854751058301538,0.08187633394111418,-0.04355921160878155,0.016004394498699222,-0.07915718482000557,0.025763464603619935,0.024931986994192933,0.04798099114101482,0.05327221961942595,0.020788293723538548,0.06855698306100005,-0.02818005749228706,0.03569192410080274,0.028795738156800154,-0.01469131024624399,0.0024992177597261923,0.007938514654293762,0.04976572045761925,0.031839065963329444,0.010799693395491161,0.01786389166635368,-0.04292238451117157,0.009952074457452031,-0.023080938460685412,0.03218906002239196,-0.04339818829285375,0.01724662002344772,-0.040462784839373836,-0.027407864550518565,0.028247134079196837,-0.009209297722055813,0.0203789848850661,-0.06101779635539309,-0.02838629601949154,-0.0033409454440623716,-0.032338401393199635,-0.0017944591312827477,-0.05475949392058396
WDC,0.8757539261761529,-0.09915214019045132,-0.14544349349993455,-0.09300694088872287,-0.008019689684121104,-0.023103373327799034,-0.003358199736809638,-0.008501421180849284,0.02961396032460916,0.0756849927614371,-0.02760018023504821,0.07457466110666987,0.061141004651402105,-0.015046003646312565,0.032335001706712385,-0.0182888014161521,0.021588678315595845,-0.05251617632816495,0.0037282363069508014,0.008656569625406176,0.018327905174804787,0.02578500314032654,0.02807016007180011,-0.048144943037447915,-0.0028663653398395706,-0.0032079093455200346,0.030697662571236288,0.06969425133755229,-0.06221161797875387,0.042316928887726216,0.03543438511071307,-0.0091419061440221,0.05360937093687144,-0.019194993368429017,-0.05516992991086826,-0.03780295908897738,-0.032876651078238256,0.042287695749332554,0.03630498167198599,-0.024597630327652956,0.04847494467704499,0.027654347092598293,-0.03148785057568231,-0.018296878693326628,0.03492289720282393,0.005034119934269771,0.016329177546201314,-0.0016166209297414455,0.03738544654433488,-0.029141247261044983
WYNN,0.8629131198971192,-0.07663379163953389,0.10671458349296112,-0.02014881267980005,0.1244075110068266,0.06515206480184363,0.012766822941914158,0.005533786452755448,-0.07782704228064397,0.06350506308681142,-0.015594023604576767,-0.03673439184713436,-0.03576783310129416,0.0875863079536226,0.08763148110382396,-0.037530493324149955,0.087497049721985,0.0663642601206273,0.037941047223508266,-0.097252295386033,-0.08127749752092517,0.0575248998681506,0.06384174828778473,0.01822658392473067,-0.022645038665900643,0.04931972373179427,0.04148372056824142,0.08692239363592737,-0.04570127070411567,-0.03154335266307352,-0.027202344123510597,0.014572805362274514,-0.021655527312837746,0.019035712564923903,-0.04803825981794839,0.019211524143379337,0.05252856465629675,0.007454568689007513,0.035553604037138344,0.01543023872730941,-0.08338899391709509,0.008575221687592782,-0.04365930074296777,-0.0026746130686942154,0.02770054540303774,0.015141913480445603,0.03322219951809749,0.04801860098579446,0.011100935479416388,-0.039369354393636986
XRAY,0.8769929646406444,-0.0052430493895463245,-0.13947757405590813,0.004239017235842415,-0.05495717339620156,-0.01716627668399592,-0.09558419608420791,-0.10170977061625484,-0.10294306064828214,0.030355036654503075,-0.05460356573248514,0.0067759592314155835,-0.031206163821320018,-0.002298243660862988,-0.0033316553220496324,-0.039497780062519326,-0.053031324988570085,0.05566220303365874,-0.01074826010795971,-0.023621859046965808,0.05360064540720393,-0.007550563422843619,-0.00566681878275297,-0.00767528197560076,-0.040280752460588855,0.009778767928691064,-0.005742596466201006,-0.01447316537773413,-0.021760133627396337,-0.01282544551856578,0.03361149083017137,0.060224154933335786,-0.10800316199298313,0.0330451746902534,0.03800695776539,0.015356835399830586,-0.0587344874880469,0.04651168213203216,-0.04223983682844344,0.013549970129457778,0.0209828183240025,0.02187911052283304,8.282174870209136e-05,0.002209844644268878,-0.07580309715030296,0.024185802787099014,0.04072165313925375,0.05924530765060642,0.004846503013792298,-0.030673278524861625
ZBRA,0.8740661803237868,-0.10719047502118774,-0.19270737417748207,-0.07595956936300707,-0.024501738847668875,-0.0029259706007056484,-0.030648921694998374,-0.05958295984037838,-0.02716418066882576,0.006104935050616989,0.01898887359279467,0.022977674642538796,-0.0003743702977456612,-0.05316129707053994,-0.016463942670948913,-0.03227831481082184,0.0020068166247948585,-0.017299039101224177,-0.0455961935842006,-0.01830278408625717,0.03842161379982719,-0.024682250665042767,0.01007726811271554,0.018466910220447004,0.021811246034326198,-0.011694418003110772,-0.030958483870463346,0.009579743658826478,-0.03960711863946622,-0.028502241516304153,0.0011679708008910767,0.05437188074838843,-0.02313076139606693,-0.011270408507274052,0.04073625586529838,0.023227945795036797,0.030874860090678503,-0.02612124309952103,0.0232958247012174,-0.07125380589181135,-0.015159025261335717,0.02476414286416406,0.014954300415638238,0.02688185619191809,-0.003494639896577438,-0.02002176262184562,-0.03466907483337001,0.0013693286651924365,-0.047789581817322034,0.008162346296167864
ZION,0.8297858054193422,-0.16254728144052247,0.3006081721253456,0.022413053181312297,-0.10717127806777851,-0.011170785846123108,-0.08841119308324091,-0.0647097013646195,0.07961100016910214,0.008965104832315954,0.05762269464379012,-0.010550492320294083,0.04965351484565145,-0.08967371838258371,-0.0568812285485614,-0.1216299684494397,0.07166084870573959,0.06690511155286107,-0.04348518236749784,-0.01353614392251799,0.032211768226484375,0.00044027092508324827,0.01782812670792004,-0.013220712567728374,0.0381804422042183,0.004993097195948027,0.010453282435335779,0.005071798574483277,0.021174939847896965,0.03076945617149239,0.00758396984161429,0.044609518975072635,-0.007329271726603902,-0.004727016003599972,-0.0659532051494786,-0.015628878944543862,0.005430376990498423,0.00021408616067386966,-0.014686474910142517,0.008081802916039351,0.004474781989829876,0.006625277710396043,0.011816967126613063,-0.02300615788234596,0.015458760119707541,0.04086889187652483,0.0038716420067566714,0.03869743575824819,0.009832393341424763,0.02054936222360481
