ticker,E_pos_mean,E_neg_mean,E_neu_mean,E_pos_std,E_neg_std,E_sentence_count,E_pos_neg_ratio,E_pillar_score,S_pos_mean,S_neg_mean,S_neu_mean,S_pos_std,S_neg_std,S_sentence_count,S_pos_neg_ratio,S_pillar_score,G_pos_mean,G_neg_mean,G_neu_mean,G_pos_std,G_neg_std,G_sentence_count,G_pos_neg_ratio,G_pillar_score,kw_carbon_emissions_freq,kw_carbon_emissions_present,kw_renewable_energy_freq,kw_renewable_energy_present,kw_climate_risk_freq,kw_climate_risk_present,kw_waste_water_freq,kw_waste_water_present,kw_diversity_freq,kw_diversity_present,kw_employee_welfare_freq,kw_employee_welfare_present,kw_human_rights_freq,kw_human_rights_present,kw_community_freq,kw_community_present,kw_board_governance_freq,kw_board_governance_present,kw_executive_pay_freq,kw_executive_pay_present,kw_ethics_compliance_freq,kw_ethics_compliance_present,kw_transparency_freq,kw_transparency_present,kw_regulatory_penalties_freq,kw_regulatory_penalties_present,kw_controversy_freq,kw_controversy_present,doc_length,num_sections,business_length,business_pct,risk_factors_length,risk_factors_pct,mda_length,mda_pct,E_coverage_pct,S_coverage_pct,G_coverage_pct,has_sustainability_mention,has_emissions_numbers,count_emissions_numbers,has_dollar_fines,count_dollar_fines,has_employee_numbers,count_employee_numbers,has_percent_renewable,count_percent_renewable,has_women_leadership,count_women_leadership,has_board_independence,count_board_independence,industry,environment_score,social_score,governance_score,total_score,total_grade
A,0.2401760633891591,0.1461838496347459,0.6136400869044547,0.3102685613690126,0.2727237225887839,52.0,2.166666305555616,63.9,0.1633315544854849,0.1351761190034449,0.7014923255518078,0.2310281677947963,0.2765693885103357,100,1.166666569444453,61.93,0.2151301893932016,0.2820547365623971,0.5028150738014475,0.3280543857334527,0.3533759916319059,69,0.6999999650000017,54.2,0.1177648236471766,1,0.1177648236471766,1,0.0588824118235883,1,0.1177648236471766,1,0.7065889418830595,1,5.18165224047577,1,0.0,0,0.1177648236471766,1,0.2649708532061473,1,0.6771477359712654,1,0.8832361773538243,1,0.6477065300594712,1,1.0304422069127952,1,0.206088441382559,1,33966,3,9248,0.2722722722722723,8911,0.2623505858799976,15807,0.4653771418477301,0.0558499676146735,0.2267561679326385,0.0968615674498027,1,0,0,0,0,0,0,0,0,0,0,0,0,Life Sciences Tools and Services,573,231,233,1037,BBB
AADI,0.0569092934019863,0.2309312099241651,0.7121594860218465,0.0867238076004785,0.3192540117449196,16.0,0.0,51.98,0.1445324672572314,0.2078874059021473,0.64758012637496,0.2318847079115745,0.3087311545206053,100,0.4090908904958686,56.55,0.1399092368315905,0.3766077273990958,0.4834830441698432,0.2456681467835444,0.3693782152875645,100,0.2682926763831054,45.42,0.0,0,0.0,0,0.0,0,0.0472126813262042,1,0.1534412143101637,1,4.119306445711318,1,0.0,0,0.0944253626524084,1,0.2006538956363679,1,0.1298348736470616,1,0.9324504561925332,1,0.9442536265240844,1,1.6052311650909434,1,0.861631434203227,1,84723,3,20962,0.2474180564899732,55210,0.6516530340049337,8551,0.100928909505093,0.0060904358910803,0.1620811349928591,0.0731088370336272,1,0,0,0,0,1,5,0,0,0,0,0,0,Biotechnology,200,201,203,604,B
AAL,0.1922535300646957,0.1844187183942842,0.6233277550653408,0.2649281681728677,0.2984691403921252,95.0,0.8823528892733594,59.74,0.1653363975323736,0.3605250024469569,0.4741385990381241,0.2687919731564583,0.4068556307215198,100,0.333333324786325,47.35,0.1164844753796753,0.2089830389937635,0.6745324889870034,0.1838960552792435,0.2967228200569829,97,0.3157894570637127,55.49,2.8271048679211948,1,0.0706776216980298,1,0.3533881084901493,1,0.1060164325470447,1,1.024825514621433,1,3.268840003533881,1,0.0,0,0.0,0,0.1766940542450746,1,0.229702270518597,1,0.4063963247636717,1,0.3357187030656418,1,0.4063963247636717,1,0.3003798922166268,1,56595,3,1100,0.0194363459669582,37733,0.6667196748829401,17762,0.3138439791501016,0.087640250905557,0.1542892481667991,0.0867567806343316,0,0,0,0,0,0,0,0,0,0,0,0,0,Airlines,270,211,265,746,B
AAME,0.4538524709641933,0.0093856649473309,0.5367618724703789,0.3644501008093357,0.0020202752202749,2.0,1000000.0,80.27,0.2275055597634299,0.189220095549612,0.5832743511388176,0.3313406420901196,0.3203376444113685,76,1.0714284948979649,60.66,0.0902609104371589,0.0248156440565767,0.8849234555078589,0.1827488628956025,0.009464659219449,23,1000000.0,66.55,0.0,0,0.073833431777909,1,0.0,0,0.0,0,1.1075014766686355,1,6.94034258712345,1,0.0,0,0.0,0,0.5168340224453633,1,0.147666863555818,1,0.147666863555818,1,1.0336680448907265,1,0.5168340224453633,1,0.3691671588895451,1,13544,3,6987,0.5158741878322505,51,0.0037655050206733,6506,0.4803603071470761,0.0038393384524512,0.1889397519196692,0.0553012404016538,1,0,0,0,0,0,0,0,0,0,0,0,0,Insurance,220,221,300,741,B
AAOI,0.135177505435422,0.4004228042904287,0.4643996795639395,0.2218666593423478,0.3991162762534685,12.0,0.199999960000008,43.7,0.1994865256082266,0.3596098937420174,0.4409035824611783,0.3012030256720746,0.4063641852791415,100,0.4473684092797787,48.61,0.1584832615307754,0.2792294382428129,0.5622873068565414,0.2620248871899637,0.3375874748276537,42,0.3846153550295881,52.4,0.0,0,0.0334515287348631,1,0.0,0,0.1338061149394527,1,0.2676122298789055,1,3.746571218304677,1,0.0,0,0.0,0,0.0669030574697263,1,0.1672576436743159,1,0.2007091724091791,1,0.2007091724091791,1,0.7693851609018532,1,0.0,0,29894,3,7551,0.2525924934769519,11732,0.3924533351174148,10611,0.3549541714056332,0.0195022412524252,0.1252090720545929,0.0482371044356727,1,0,0,0,0,1,2,0,0,0,0,0,0,Communications,311,256,218,785,BB
AAON,0.2309022451586583,0.1271161848733968,0.6419815754189211,0.2829818566481606,0.2817965644335871,51.0,1.14285697959186,64.82,0.1933506877782444,0.2982100589563035,0.5084392585688167,0.3047738496278163,0.3833393483531808,54,0.4705882076124583,52.38,0.1283947900182714,0.2848203960855148,0.5867848118865177,0.2243932839502944,0.377629807475035,38,0.3636363305785154,50.98,0.5527534028881365,1,0.2763767014440682,1,0.069094175361017,1,0.4836592275271195,1,0.069094175361017,1,4.2147446970220415,1,0.0,0,0.2072825260830512,1,0.2763767014440682,1,0.4145650521661024,1,0.4145650521661024,1,1.5891660333033926,1,0.6218475782491536,1,0.0,0,14473,3,5079,0.3509293166586056,3329,0.2300145097768258,6065,0.4190561735645685,0.1410212119118358,0.1527672217232087,0.109306985421129,1,0,0,0,0,0,0,0,0,0,0,0,0,Building,500,300,223,1023,BBB
AAP,0.0732018790311283,0.2443645155160791,0.6824336097472243,0.1440581825610584,0.3165952264162975,36.0,0.1111110987654334,51.68,0.1529699637407535,0.5256151882147319,0.3214148425546131,0.2810314063450985,0.4253409893475747,95,0.2222222181069959,36.19,0.1979204336419067,0.3393096221373119,0.462769968157753,0.2919719845287952,0.3871711582426959,47,0.5294117335640156,49.87,0.4841247428087303,1,0.0806874571347883,1,0.0806874571347883,1,0.3227498285391535,1,0.3227498285391535,1,2.460967442611046,1,0.1613749142695767,1,0.0,0,0.403437285673942,1,0.403437285673942,1,0.7261871142130956,1,0.1613749142695767,1,1.5330616855609795,1,0.0806874571347883,1,24787,3,2621,0.1057409125751401,9897,0.3992818816315003,12269,0.4949772057933594,0.0686650260217049,0.2032920482510993,0.0856497357485778,1,0,0,0,0,0,0,0,0,0,0,0,0,Retail,264,261,210,735,B
AAPL,0.067230060386161,0.4349785456433892,0.4977914188057184,0.1037250513073304,0.381993071176397,6.0,0.0,39.08,0.1499841651154889,0.3440238227653834,0.5059920231501261,0.2251558864157197,0.3544066097737587,45,0.2857142653061239,47.89,0.0825370911222237,0.1773502613202883,0.7401126482738898,0.0948039235830982,0.2719893868108409,13,0.0,56.36,0.0,0,0.1376367765466932,1,0.1376367765466932,1,0.1376367765466932,1,0.8946390475535063,1,4.473195237767532,1,0.0,0,0.0688183882733466,1,0.2064551648200399,1,0.0,0,0.4817287179134265,1,0.2752735530933865,1,1.4451861537402797,1,1.169912600646893,1,14531,3,2321,0.1597274791824375,9534,0.6561145137980868,2676,0.1841580070194756,0.0194067854930837,0.1836762783015622,0.0461083201431422,1,0,0,0,0,0,0,0,0,0,0,0,0,Technology,355,281,255,891,BB
AATC,0.1179915697906505,0.4401250328783961,0.4418834032998843,0.2350481245886007,0.4362525058972677,11.0,0.199999960000008,40.52,0.1810038871428167,0.3559652531032704,0.4630308619023047,0.2837326829419714,0.4038519268673311,44,0.4374999726562517,48.2,0.0549259248056582,0.2457022593489715,0.6993718138230699,0.0696116047396009,0.336376802608493,35,0.0,50.95,0.0,0,0.0578569775514927,1,0.0,0,0.2892848877574636,1,0.0578569775514927,1,2.1985651469567227,1,0.0,0,0.0578569775514927,1,0.4628558204119417,1,0.0,0,0.6364267530664198,1,0.4049988428604489,1,0.6364267530664198,1,0.0,0,17284,3,4476,0.2589678315204813,8391,0.4854778986345753,4417,0.2555542698449433,0.0258620689655172,0.1105646841009025,0.0857440407313122,1,0,0,0,0,1,2,0,0,0,0,0,0,Electrical Equipment,410,286,240,936,BBB
AAWW,0.2965291454715447,0.1036936406873994,0.5997772068820066,0.3218615831227134,0.2281712164396965,36.0,5.9999970000015,68.64,0.2606436803351281,0.2560352567180069,0.4833210691348794,0.3381423121506812,0.3609361282832589,97,0.8461538136094686,57.48,0.2186370407621008,0.174508953748574,0.6068540135788363,0.2793157917595437,0.3207882522336679,43,1.14285697959186,61.31,2.038849347568209,1,0.0741399762752076,1,0.2594899169632265,1,0.0370699881376038,1,0.556049822064057,1,4.040628706998814,1,0.0,0,0.0370699881376038,1,0.2224199288256227,1,0.3336298932384341,1,0.5931198102016608,1,0.556049822064057,1,1.07502965599051,1,0.0,0,26976,3,7328,0.2716488730723606,9089,0.3369291221826809,10559,0.3914220047449585,0.0392200474495848,0.1274836892052194,0.0428899762752075,1,0,0,0,0,1,1,0,0,0,0,0,0,Logistics and Transportation,520,243,237,1000,BBB
ABBV,0.0322654791442411,0.2961238763694252,0.6716106278555733,0.0141907094236562,0.3579682204715492,7.0,0.0,46.88,0.1973379986081272,0.1259874963201582,0.6766745020821691,0.2669733587682824,0.2377856339278873,100,1.5999998400000162,63.72,0.2161132625658952,0.1863310603713173,0.5975556805552471,0.3047862446920351,0.289876779937931,42,1.14285697959186,60.45,0.0378286362776621,1,0.0,0,0.0378286362776621,1,0.0,0,0.8700586343862303,1,7.338755437866465,1,0.0,0,0.0756572725553243,1,0.5296009078872707,1,0.1134859088329865,1,0.6809154529979193,1,0.5674295441649329,1,1.0970304520522036,1,0.605258180442595,1,26435,3,10314,0.3901645545678078,7631,0.2886703234348401,8490,0.321165121997352,0.0125969358804615,0.2553432948742198,0.0804615093625874,1,0,0,0,0,1,2,0,0,0,0,0,0,Biotechnology,505,317,300,1122,BBB
ABC,0.0277265994809567,0.3484722948633134,0.6238011308014393,0.0105751559508231,0.2828959773069062,4.0,0.0,43.32,0.2475065739499405,0.3183773143263533,0.4341161089483648,0.3328325375566054,0.3680593845032579,100,0.7142856938775517,52.97,0.1638091821787935,0.2511425668260816,0.5850482548615246,0.2466204678163899,0.3102231000979096,33,0.4999999375000079,54.41,0.0874431619447359,1,0.0,0,0.1311647429171039,1,0.0437215809723679,1,0.2186079048618398,1,7.869884575026232,1,0.0,0,0.0437215809723679,1,0.2186079048618398,1,0.0437215809723679,1,0.6121021336131515,1,1.3990905911157747,1,4.940538649877579,1,0.8744316194473593,1,22872,3,1012,0.0442462399440363,10324,0.4513816019587268,11536,0.5043721580972368,0.0099685204616998,0.2586568730325289,0.0833333333333333,0,0,0,0,0,1,1,0,0,0,0,0,0,Health Care,505,300,315,1120,BBB
ABCB,0.0482034347951412,0.0226194215938448,0.929177145163218,0.0305215306287373,0.0099713223061924,3.0,0.0,65.22,0.2179555733972746,0.2159455553499153,0.5660988761681236,0.2822570063213455,0.3492505109894006,72,0.7999999466666703,58.59,0.0767523655271593,0.1561539419233165,0.7670936817105146,0.1338971917196562,0.284198883233673,47,0.333333277777787,57.54,0.0,0,0.1367755171824243,1,0.0,0,0.0,0,1.8464694819627288,1,1.8464694819627288,1,0.0,0,0.2735510343648487,1,0.2051632757736365,1,0.1025816378868182,1,0.5129081894340913,1,0.4445204308428791,1,0.6838775859121217,1,0.5471020687296975,1,29245,3,10021,0.3426568644212686,7443,0.2545050435971961,11781,0.4028380919815353,0.0040690716361771,0.1124294751239528,0.0773123610873653,0,0,0,0,0,0,0,0,0,0,0,0,0,Banking,290,300,250,840,BB
ABCL,0.1122236242517829,0.287115295495217,0.6006610666712126,0.195401104358379,0.3045305202003788,12.0,0.3333332222222592,50.27,0.3225417790561914,0.1097583364741876,0.567699886970222,0.3104590977802909,0.2391888352385326,100,2.545454314049608,69.15,0.0520680379029363,0.3590337710548192,0.5888981915637851,0.0681149207614064,0.3720941512142218,100,0.0263157887811634,43.49,0.0,0,0.0303209472263913,1,0.0,0,0.0606418944527827,1,0.8641469959521535,1,2.3195524628189386,1,0.0,0,0.0303209472263913,1,0.2122466305847394,1,0.3032094722639135,1,0.7428632070465881,1,1.000591258470915,1,1.637331150225133,1,0.2274071041979351,1,65961,3,20803,0.3153833325753096,32956,0.4996285683964767,12202,0.1849880990282136,0.0048513515562226,0.1053349706644835,0.0849289731811221,1,0,0,0,0,1,5,0,0,0,0,0,0,Life Sciences Tools and Services,540,354,345,1239,A
ABEO,0.0270942113258772,0.2181277244041363,0.7547780457470152,0.0115725080288837,0.3214981013754335,9.0,0.0,51.77,0.1722345030400902,0.2035145620256662,0.6242509423941374,0.2568912519613314,0.3225520682758951,100,0.7894736426592819,57.8,0.1345642010710435,0.3545590593130328,0.5108767331112176,0.2537077984487594,0.3864209453187557,64,0.333333319444445,46.66,0.0,0,0.0,0,0.0,0,0.0844184623177088,1,0.3376738492708355,1,4.326446193782581,1,0.0,0,0.0633138467382816,1,0.0633138467382816,1,0.1055230778971361,1,0.9919169322330794,1,0.485406158326826,1,1.625055399615896,1,0.6120338518033894,1,47383,3,17654,0.3725808834392081,22472,0.4742629213008885,7257,0.1531561952599033,0.0054238862039127,0.1572715952978916,0.048413988139206,1,0,0,0,0,1,1,0,0,0,0,0,0,Biotechnology,205,306,310,821,BB
ABIO,0.0184485618956387,0.4827823517844081,0.498769111931324,0.0089009343646466,0.4518694402649998,2.0,0.0,34.26,0.2631906605046242,0.1757596456864848,0.5610496968589723,0.3261387546479412,0.2842119909391228,100,1.3333332592592633,62.79,0.0858801125238339,0.1864772514239245,0.7276426303547388,0.1518099098107183,0.2943520110581968,51,0.099999990000001,55.88,0.0,0,0.024140012070006,1,0.0,0,0.0,0,0.5310802655401328,1,3.862401931200965,1,0.0,0,0.048280024140012,1,0.1931200965600482,1,0.024140012070006,1,0.651780325890163,1,0.651780325890163,1,1.182860591430296,1,0.5069402534701267,1,41425,3,16116,0.3890404345202172,20138,0.4861315630657815,5171,0.1248280024140012,0.0020760410380205,0.172094146047073,0.0437899818949909,0,0,0,0,0,1,1,0,0,0,0,0,0,Biotechnology,200,222,290,712,B
ABMD,0.1190570200793445,0.3138577804900705,0.5670852054841816,0.2162725294265698,0.377718818385485,40.0,0.3333333055555579,48.77,0.2900023747701198,0.1495748045528307,0.5604228218272328,0.3068440512685105,0.2729134481111877,100,2.1538459881656933,65.43,0.1863955842237919,0.1775363136455416,0.6360681056976318,0.2390194019435461,0.2808706665620931,100,1.1249999296875044,59.98,0.3287743293003682,1,0.0,0,0.0,0,0.1643871646501841,1,0.361651762230405,1,7.775512887953709,1,0.0,0,0.0986322987901104,1,0.0986322987901104,1,0.1315097317201473,1,1.6109942135718045,1,0.6904260915307733,1,1.44660704892162,1,0.4931614939505523,1,60832,3,751,0.0123454760652288,27294,0.4486783271962125,32787,0.5389761967385587,0.0279458179905313,0.2090840347185691,0.077755128879537,1,0,0,0,0,1,2,0,0,0,0,0,0,Health Care,500,324,305,1129,BBB
ABNB,0.1906373340084597,0.3998467281322788,0.4095159342719449,0.2824742686188191,0.3397607467644324,27.0,0.4615384260355057,45.68,0.2329782574623823,0.1717574944300577,0.5952642514184118,0.2922421142806408,0.3040897082677093,100,1.0588234671280312,61.99,0.1164905484393239,0.3818323935009539,0.5016770655103028,0.2056828829028858,0.3971248725178458,100,0.1463414598453302,44.26,0.1519018106695832,1,0.0455705432008749,1,0.2734232592052497,1,0.0303803621339166,1,0.956981407218374,1,2.3089075221776643,1,0.0455705432008749,1,1.336735933892332,1,0.334183983473083,1,0.3493741645400413,1,1.2152144853566655,1,1.0785028557540406,1,1.9291529955037063,1,1.2607850285575404,1,65832,3,4963,0.0753888686353141,49042,0.7449568598857699,11827,0.179654271478916,0.0214485356665451,0.1320026734718677,0.106042654028436,0,0,0,0,0,1,2,0,0,0,0,0,0,Hotels Restaurants and Leisure,505,570,400,1475,A
ABOS,0.3684175995045474,0.2976472687330984,0.3339351234691484,0.4314274303123587,0.3560591784392601,21.0,1.14285697959186,58.55,0.2119798438902944,0.1165370920766145,0.671483067125082,0.2802021704050076,0.2157767853451914,100,1.6666664814815022,64.84,0.096833380209282,0.3297385582514107,0.5734280768409371,0.1675370452951158,0.3497447952323411,100,0.1515151469237834,46.96,0.0,0,0.0225822841980466,1,0.0,0,0.0677468525941399,1,0.3387342629706995,1,5.0019759498673295,1,0.0,0,0.0451645683960932,1,0.1354937051882798,1,0.1129114209902331,1,1.0049116468130752,1,1.1742787782984248,1,1.388810478179868,1,1.0162027889120986,1,88565,3,19848,0.2241065883814147,61714,0.696821543499125,7003,0.0790718681194602,0.0069892169592954,0.1824309828939197,0.0767571839891605,0,0,0,0,0,1,4,0,0,0,0,0,0,Biotechnology,205,201,200,606,B
ABSI,0.111784048921739,0.298174059484154,0.5900418938448032,0.1402642192541344,0.3523040618611204,12.0,0.0,49.53,0.1686704575456679,0.2230642409389838,0.6082652916759252,0.2470140177148504,0.3349737962968377,100,0.5454545206611581,56.4,0.0837563516688533,0.3078141999896616,0.6084294534986838,0.1552920663485563,0.3486973078329626,80,0.1538461479289943,47.92,0.0,0,0.0,0,0.0,0,0.0696645651189522,1,0.6269810860705702,1,2.7343341809188755,1,0.0,0,0.0348322825594761,1,0.3483228255947612,1,0.1915775540771186,1,0.6792295099097844,1,1.2539621721411405,1,1.4455397262182592,1,0.3657389668744993,1,57418,3,16729,0.291354627468738,32345,0.5633250896931276,8344,0.1453202828381344,0.0058344073287122,0.1300114946532446,0.0714410115294855,1,0,0,0,0,1,3,0,0,0,0,0,0,Life Sciences Tools and Services,205,224,230,659,B
ABT,0.0187221644446253,0.675770178437233,0.3055076152086258,0.0073981555178761,0.2061370462179184,2.0,0.0,21.73,0.2062470942892762,0.3371010715456073,0.4566518384514443,0.314423293254396,0.3803113373471467,83,0.6071428354591845,50.31,0.0789017574371476,0.2088936012434332,0.7122046363196874,0.0570088803442536,0.3039997425514832,19,0.0,54.18,0.0,0,0.0,0,0.0578871201157742,1,0.0,0,0.2894356005788712,1,5.036179450072359,1,0.0,0,0.0,0,0.2315484804630969,1,0.0,0,0.3473227206946455,1,0.4630969609261939,1,1.9681620839363243,1,0.0578871201157742,1,17275,3,1784,0.1032706222865412,4224,0.2445151953690303,11267,0.6522141823444284,0.0034153400868306,0.2168451519536903,0.0463096960926193,0,0,0,0,0,0,0,0,0,0,0,0,0,Health Care,515,305,305,1125,BBB
ABTX,0.1293189539108425,0.4155181417241692,0.4551629109308123,0.2352954605636936,0.3820654811301295,20.0,0.4285713673469475,42.52,0.2369065062142908,0.2733486147876829,0.4897448735125362,0.3161616229031038,0.3618651167263884,100,0.7857142576530622,55.52,0.140894076321274,0.2062268023286014,0.6528791201114654,0.2381020530724344,0.3015396249196562,100,0.5789473379501401,56.53,0.0,0,0.0224951635398389,1,0.1799613083187115,1,0.0,0,1.9795743915058264,1,2.3394970081432493,1,0.0,0,0.719845233274846,1,0.2699419624780672,1,0.4499032707967787,1,0.6748549061951681,1,0.5623790884959734,1,0.8098258874342017,1,0.4948935978764566,1,44454,3,12320,0.2771404148108157,17393,0.3912583794484185,14741,0.3316012057407657,0.025554505781257,0.1490979439420524,0.1384127412606289,1,0,0,0,0,1,2,0,0,0,0,0,0,Banking,298,300,300,898,BB
ABUS,0.1430887319147586,0.0210540289990603,0.8358572274446487,0.1195114494645576,0.012443477126347,4.0,0.0,68.64,0.2595042317640036,0.1711235384829342,0.5693722313642502,0.3140430663279096,0.2851538045023156,100,1.263157828254851,62.96,0.1193675276916474,0.2628173050377518,0.6178151659294963,0.1928629334987635,0.3256862115440784,100,0.4166666493055562,52.09,0.0,0,0.0,0,0.0,0,0.0178609702079016,1,0.7858826891476745,1,6.269200542973494,1,0.0,0,0.0893048510395084,1,0.0714438808316067,1,0.1071658212474101,1,1.3038508251768235,1,0.7501607487318711,1,1.4110166464242335,1,1.107380152889905,1,55988,3,17807,0.3180502964921055,33498,0.5983067800242909,4683,0.0836429234836036,0.0036614988926198,0.2584125169679217,0.0836250625133957,1,0,0,0,0,1,2,0,0,0,0,0,0,Biotechnology,203,204,338,745,B
ABVC,0.0387662729869286,0.1264540056387583,0.8347797294457754,0.0315721573725054,0.1904433983230649,6.0,0.0,58.14,0.2049989364575594,0.139496258534491,0.6555048138275743,0.2472502766293576,0.2646182428340933,100,1.199999920000005,63.11,0.1155890436191111,0.2247245079744607,0.6596864555031061,0.2037556289428305,0.3251230456012951,100,0.5238094988662143,54.44,0.0,0,0.0240459759059321,1,0.0,0,0.0240459759059321,1,1.3465746507322,1,3.0057469882415178,1,0.0,0,0.0721379277177964,1,0.2645057349652536,1,0.0721379277177964,1,0.6973333012720321,1,1.0580229398610144,1,0.7935172048957607,1,0.3847356144949143,1,41587,3,10371,0.2493808161204222,14293,0.3436891336234881,16923,0.4069300502560896,0.0062759997114482,0.1714478082092961,0.1299684997715632,1,0,0,0,0,1,1,0,0,0,0,0,0,Biotechnology,220,212,205,637,B
ACAD,0.0261282900141345,0.2663385038160615,0.7075332187943988,0.0095652926814647,0.3092536982850796,9.0,0.0,48.6,0.1813642369396984,0.1816357235191389,0.6370000406354666,0.238910940555006,0.2931582980303233,100,0.8421052188365674,59.54,0.1486564085071722,0.2683337931060692,0.5830098022553292,0.2361124945744968,0.3317440122388508,91,0.3599999856000005,52.76,0.0,0,0.0,0,0.0,0,0.1055787828877908,1,0.2745048355082562,1,5.046665822036404,1,0.0,0,0.1689260526204654,1,0.1689260526204654,1,0.0,0,0.6757042104818616,1,0.8235145065247688,1,2.9562059208581446,1,0.5278939144389543,1,47358,3,11920,0.2516998184044934,28970,0.6117234680518603,6468,0.1365767135436462,0.0056590227627855,0.1776046285738418,0.084061826935259,0,0,0,0,0,1,2,0,0,0,0,0,0,Biotechnology,230,230,305,765,BB
ACCD,0.43729502055794,0.1502203913405537,0.4124846141785383,0.4098542078116651,0.2422632534066212,6.0,2.9999970000030003,70.54,0.388574679410085,0.0852318001026287,0.526193527020514,0.3423882061287541,0.2246129956908842,100,6.16666563888906,73.06,0.1308773021306842,0.4288474698038771,0.4402752308547497,0.2494951070234869,0.398260412622072,100,0.2291666618923612,41.71,0.0,0,0.0446937361728753,1,0.0,0,0.0446937361728753,1,0.849180987284632,1,12.581286732664417,1,0.0,0,0.1117343404321884,1,0.2681624170372522,1,0.424590493642316,1,0.849180987284632,1,1.3855058213591365,1,2.592236698026772,1,0.357549889383003,1,44749,3,7272,0.1625064247245748,27513,0.6148293816621601,9964,0.2226641936132651,0.008424769268587,0.3121410534313616,0.1259022547989899,0,0,0,0,0,1,7,0,0,0,0,0,0,Health Care,255,254,235,744,B
ACER,0.0393601079704239,0.4012496559880674,0.559390252456069,0.0428996855101599,0.3077842917701622,8.0,0.0,40.3,0.3008213499188423,0.1813161412859335,0.5178625035844743,0.3287981729238965,0.2935976884012983,100,2.1428569897959293,63.74,0.0669007519526141,0.320773474847922,0.6123257694741735,0.1376024053126889,0.354667336247428,77,0.1199999952000001,46.49,0.0,0,0.0,0,0.0,0,0.0505382321726386,1,0.5222283991172655,1,4.295749734674281,1,0.0,0,0.033692154781759,1,0.0842303869543976,1,0.1516146965179158,1,1.0276107208436516,1,0.943380333889254,1,1.1455332625798085,1,0.977072488671013,1,59361,3,18206,0.3066996849783528,32099,0.5407422381698421,9056,0.152558076851805,0.0059129731641987,0.2103906605346945,0.0497464665352672,0,0,0,0,0,1,4,0,0,0,0,0,0,Pharmaceuticals,223,291,310,824,BB
ACET,0.1712249022407027,0.3441146544825572,0.484660437473884,0.3135280681104296,0.3922601838958709,13.0,0.4999998750000312,48.63,0.1948561433143913,0.1278172143455594,0.677326641343534,0.265332672427686,0.2414006282036668,100,1.5999998400000162,63.51,0.0714266190957278,0.3337059564515948,0.5948674219846726,0.1186644117250865,0.3645102438703269,100,0.0588235276816609,45.81,0.0,0,0.0283165793572136,1,0.0141582896786068,1,0.0283165793572136,1,0.2690075038935296,1,3.950162820331304,1,0.0,0,0.0424748690358204,1,0.155741186464675,1,0.1698994761432818,1,0.9769219878238709,1,1.1609797536457596,1,0.9486054084666572,1,0.481381849072632,1,70630,3,28853,0.4085091320968427,33650,0.4764264476851196,8127,0.1150644202180376,0.0054934163952994,0.184836471754212,0.0772193119071216,1,0,0,0,0,1,1,0,0,0,0,0,0,Biotechnology,215,211,305,731,B
ACGL,0.1095448634052862,0.2379651697291458,0.652489966422808,0.1844506404126194,0.2896779581642251,61.0,0.3846153550295881,53.37,0.2798668854497373,0.176813465883024,0.5433196496218443,0.3266562456706591,0.3168560825603411,100,1.5555554691358071,63.3,0.0960703406203538,0.0500685265753418,0.853861131966114,0.163279968461584,0.1179129077135557,100,2.99999850000075,65.11,0.0471572064070924,1,0.2672241696401905,1,0.6130436832922017,1,0.0,0,2.106355219516796,1,1.3204017793985885,1,0.0,0,0.0471572064070924,1,0.2515051008378264,1,0.0471572064070924,1,0.424414857663832,1,1.0846157473631262,1,0.7073580961063867,1,0.1414716192212773,1,63617,3,26114,0.4104877627049373,17099,0.2687803574516245,20404,0.3207318798434381,0.0391719194554914,0.0977411698131002,0.1544555700520301,1,0,0,0,0,1,6,0,0,0,0,0,0,Insurance,500,300,300,1100,BBB
ACHC,0.0630036769434809,0.2103625123732184,0.7266338160424902,0.0940092282125853,0.2457436671680289,57.0,0.0,53.53,0.3208557790797204,0.1512592703057453,0.5278849549964071,0.3540055810132897,0.2652935903683701,100,2.461538272189364,66.4,0.1239841027045622,0.2800284186471253,0.5959874882735312,0.1869770108971493,0.3319017524074497,100,0.3599999856000005,51.14,0.0,0,0.0,0,0.0,0,0.4326462498841126,1,0.5253561605735654,1,9.58002410457678,1,0.0,0,0.0927099106894527,1,0.2472264285052072,1,0.1236132142526036,1,1.236132142526036,1,0.7416792855156217,1,1.993263079823233,1,0.8652924997682252,1,64718,3,9112,0.1407954510337155,18361,0.2837077783615068,37245,0.5754967706047777,0.0337309558391792,0.247489106585494,0.0809975586390185,0,0,0,0,0,1,2,0,0,0,0,0,0,Health Care,330,231,220,781,BB
ACHV,0.3917330391705036,0.0318839816376566,0.5763829737901688,0.4227695245593669,0.0194937332154221,5.0,2000000.0,76.64,0.2542904246039688,0.07533635398373,0.670373218562454,0.3253693189338172,0.1720681628762104,100,6.749998312500422,69.0,0.1054188076686114,0.0790798473637551,0.8155013470910489,0.2037349703406604,0.1572756337826558,100,1.3333331111111482,63.55,0.0223753691935916,1,0.0,0,0.0,0,0.0,0,1.9578448044392731,1,2.2487246039559654,1,0.0,0,0.0,0,0.4586950684686298,1,0.4251320146782422,1,0.290879799516692,1,5.750469882753065,1,0.9062024523404636,1,0.145439899758346,1,89384,3,14462,0.1617962946388615,65680,0.7348071243175512,9242,0.1033965810435872,0.0018683433276649,0.1170679316208717,0.0965385303857513,0,0,0,0,0,1,1,0,0,0,0,0,0,Biotechnology,215,222,305,742,B
ACIW,0.0,0.0,0.0,0.0,0.0,0.0,0.0,0.0,0.154819945666801,0.2265659832930261,0.618614067013065,0.2366718106963054,0.3451036037345541,54,0.4615384260355057,55.69,0.1025442354846745,0.1235831177560612,0.7738726408220827,0.155932628730841,0.2480423646199797,40,0.599999880000024,60.56,0.0,0,0.0,0,0.0,0,0.0,0,0.3556029692847935,1,3.378228208205538,1,0.0,0,0.0,0,0.0444503711605991,1,0.2667022269635952,1,0.4445037116059919,1,0.7112059385695871,1,1.5557629906209718,1,1.4668622482997733,1,22497,3,5347,0.2376761345957238,7956,0.3536471529537272,9194,0.408676712450549,0.0,0.106458638929635,0.0882339867537893,0,0,0,0,0,1,4,0,0,0,0,0,0,Technology,500,327,300,1127,BBB
ACLS,0.2764007878179351,0.1317487083996335,0.5918504973252614,0.3393369332246728,0.2823022623247309,15.0,1.9999990000005,66.11,0.3124755419240417,0.1820006731114435,0.5055237908593633,0.3381625891570147,0.3063477804829324,44,1.6249997968750256,64.11,0.0940756961880695,0.077887243657772,0.8280370689573742,0.1822533339883511,0.1669940190575821,21,0.999999000001,63.23,0.073072707343807,1,0.0,0,0.0,0,0.1461454146876141,1,0.6576543660942638,1,3.580562659846548,1,0.0,0,0.0,0,0.073072707343807,1,0.4384362440628425,1,0.1461454146876141,1,0.2922908293752283,1,0.7307270734380709,1,0.073072707343807,1,13685,3,4851,0.3544757033248082,4314,0.3152356594811837,4520,0.330288637194008,0.0487394957983193,0.1350383631713555,0.0643039824625502,1,0,0,0,0,1,1,0,0,0,0,0,0,Semiconductors,515,306,260,1081,BBB
ACMR,0.2832687350984832,0.1289119157537987,0.5878193347122181,0.2997578246738063,0.26036518101559,88.0,2.299999770000023,66.54,0.2160358104016632,0.337969019440934,0.4459951718896627,0.3015989785180193,0.3954084752608564,100,0.5757575583103771,50.59,0.0883544030878693,0.3246361487917602,0.5870094569027424,0.1763244131963512,0.3606091082962653,100,0.1176470553633219,46.99,0.2082818052825472,1,0.0,0,0.130176128301592,1,0.130176128301592,1,0.2994050950936617,1,2.1479061169762685,1,0.0,0,0.0,0,0.0911232898111144,1,0.0781056769809552,1,0.5597573516968458,1,1.1976203803746468,1,1.4840078626381494,1,0.1041409026412736,1,76819,3,5720,0.0744607453885106,25964,0.3379892995222536,45135,0.5875499550892357,0.0454184511644254,0.0853044168760332,0.0911623426496049,1,0,0,0,0,0,0,0,0,0,0,0,0,Semiconductors,410,232,325,967,BBB
ACN,0.3595826715851823,0.1352627443460126,0.5051545780152082,0.3147696641088838,0.2597693451462954,12.0,1.9999990000005,68.79,0.2395528107136487,0.3753381329309195,0.3851090541295707,0.312758721529028,0.3928505951428173,100,0.560975596073766,48.99,0.1013919562303825,0.3408109010095991,0.5577971360686681,0.1867658368187805,0.3691974883905073,92,0.2121212056932968,46.4,0.3302373581011352,1,0.1238390092879257,1,0.0412796697626419,1,0.1238390092879257,1,1.568627450980392,1,4.169246646026831,1,0.0412796697626419,1,0.0825593395252838,1,0.0412796697626419,1,0.4953560371517028,1,0.8255933952528379,1,1.4035087719298245,1,1.9814241486068112,1,0.8255933952528379,1,24225,3,5372,0.2217543859649123,13008,0.5369659442724458,5845,0.2412796697626419,0.0191950464396284,0.1900515995872033,0.1323839009287925,1,0,0,0,0,1,1,0,0,0,0,0,0,Technology,515,360,305,1180,BBB
ACNB,0.080738006636682,0.1164328840493065,0.8028291176731993,0.1370357633086239,0.2560587701283038,82.0,0.2499999687500039,60.26,0.1638642225321382,0.1179056579247117,0.7182301205582917,0.2807267922609005,0.2368935521795807,100,1.9999997500000315,63.07,0.0962931000534445,0.1325902215484529,0.7711166857369244,0.171829948501444,0.2349930961085412,100,0.599999940000006,59.75,0.0,0,0.4788799842251299,1,0.0,0,0.0,0,2.338061099452105,1,1.3662164255834588,1,0.0,0,0.7183199763376948,1,0.3380329300412681,1,0.4507105733883575,1,0.3802870462964267,1,3.6972351723263706,1,1.4225552472570036,1,0.1831011704390202,1,141998,3,70989,0.4999295764729081,70990,0.4999366188256172,19,0.0001338047014746,0.0158734630065212,0.0853251454245834,0.0940013239623093,1,0,0,0,0,0,0,0,0,0,0,0,0,Banking,220,219,215,654,B
ACOR,0.0444476608760081,0.2583497928168911,0.6972025363491132,0.0432111810108787,0.34763551819539,13.0,0.0,49.76,0.1912312851753085,0.1965594881353899,0.6122092238999903,0.2656805138445147,0.3188982128311758,100,0.7499999625000018,58.92,0.0599268889342693,0.3478630070776208,0.5922101028839645,0.0963985698634602,0.3536328930266667,97,0.0588235276816609,44.49,0.0,0,0.0,0,0.0,0,0.0154777198223157,1,0.2321657973347366,1,3.730130477178102,1,0.0,0,0.0309554396446315,1,0.1547771982231577,1,0.1238217585785262,1,0.6345865127149468,1,0.7893637109381045,1,0.6964973920042099,1,0.3250321162686312,1,64609,3,21773,0.3369963936912814,26840,0.4154220000309554,15996,0.2475816062777631,0.0087603894194307,0.181600086675231,0.0575306845795477,1,0,0,0,0,1,1,0,0,0,0,0,0,Biotechnology,230,307,310,847,BB
ACRS,0.0284842662513256,0.1288318019360304,0.8426839232444763,0.0050638022484686,0.1307670556510753,5.0,0.0,57.62,0.1283001886960119,0.2189133082516491,0.6527865073084831,0.1872131405694971,0.2987154569241247,100,0.2857142721088441,55.26,0.0839633215007118,0.2673490813255987,0.6486875997348265,0.133113780948063,0.3339326502513542,88,0.1739130359168245,50.56,0.0,0,0.0,0,0.0,0,0.0629419046220338,1,0.797264125212429,1,5.077313639510732,1,0.0,0,0.0839225394960451,1,0.0839225394960451,1,0.1258838092440677,1,0.9231479344564968,1,1.0280511088265532,1,1.7413926945429368,1,1.4266831714327677,1,47663,3,12560,0.2635167740175818,26053,0.5466084803726161,9050,0.1898747456098021,0.0034408241193378,0.1939030275056123,0.0887690661519417,0,0,0,0,0,0,0,0,0,0,0,0,0,Pharmaceuticals,230,207,220,657,B
ACRX,0.0285640601068735,0.1269654482603073,0.8444704413414001,0.0,0.0,1.0,0.0,57.75,0.2684694171696901,0.1596223300835117,0.5719082538969815,0.330119299800132,0.2663263643337966,100,1.7692306331361052,64.02,0.1177740192290433,0.3398187163324316,0.5424072680822045,0.1958806696509656,0.3695778110341273,97,0.1999999942857144,47.03,0.0,0,0.0,0,0.0,0,0.0,0,0.5134742731683134,1,4.957682637487164,1,0.0,0,0.123942065937179,1,0.123942065937179,1,0.088530047097985,1,0.8144764333014625,1,0.6728283579446864,1,1.487304791246149,1,0.9561245086582386,1,56478,3,16577,0.2935125181486596,30906,0.5472219271220652,8995,0.1592655547292751,0.0005311802825879,0.2060448316158504,0.074205885477531,0,0,0,0,0,1,1,0,0,0,0,0,0,Pharmaceuticals,200,237,300,737,B
ACT,0.1290152819827199,0.3928380828350782,0.4781466429432233,0.2352574358393014,0.3404563435181628,15.0,0.2499999687500039,43.98,0.1853534681117162,0.2686575676966458,0.5459889709763229,0.2574489720097568,0.3556415364725093,100,0.7037036776406045,54.02,0.1136470311228185,0.186924250149168,0.6994287201389671,0.1954800027305301,0.2885463757615334,100,0.4666666355555576,56.83,0.0,0,0.0132650624784442,1,0.1193855623059984,1,0.0,0,0.4775422492239938,1,1.949964184331308,1,0.0,0,0.1326506247844427,1,0.2785663120473298,1,0.1193855623059984,1,0.9816146234048764,1,0.9948796858833204,1,1.2071206855384289,1,0.2387711246119969,1,75386,3,1203,0.0159578701615684,50506,0.6699652455363064,23677,0.314076884302125,0.0089937123603852,0.0942084737219112,0.0921789191627092,0,0,0,0,0,1,2,0,0,0,0,0,0,Financial Services,540,328,315,1183,BBB
ACTG,0.0298976022750139,0.0254120398312807,0.9446904063224792,0.0,0.0,1.0,0.0,64.39,0.2226657615185289,0.224760904639833,0.5525733424129627,0.3049187282269262,0.3389520153445495,59,0.9999999166666736,58.18,0.2247806613970744,0.1485996966887461,0.6266196422736373,0.2715313805725113,0.2817715122807276,57,1.428571224489825,63.21,0.0,0,0.0,0,0.0,0,0.0,0,2.565657508046835,1,1.912581051453095,1,0.0,0,0.0,0,0.2332415916406213,1,0.2332415916406213,1,0.186593273312497,1,0.4664831832812427,1,2.239119279749965,1,0.2332415916406213,1,21437,3,2204,0.1028128935951858,9379,0.4375145775994775,9854,0.4596725288053365,0.0009796146848906,0.1267901292158417,0.1483416522834351,0,0,0,0,0,1,1,0,0,0,0,0,0,Financial Services,200,200,275,675,B
ACVA,0.1826010259489218,0.3267343795547883,0.49066455475986,0.1225073296287792,0.4493479822204272,3.0,0.0,50.15,0.2283991503275253,0.2651775800622999,0.5064232633872465,0.3008148346533271,0.3518540921165268,66,0.9444443919753116,55.76,0.1487141116181524,0.2367921323833487,0.6144937575090585,0.2052791694526108,0.3397846212756019,82,0.5555555246913597,54.81,0.0,0,0.024817590708294,1,0.0,0,0.0,0,0.5211694048741748,1,1.5386906239142304,1,0.0,0,0.049635181416588,1,0.2729934977912344,1,0.2978110884995285,1,0.4218990420409986,1,1.240879535414702,1,1.3897850796644662,1,0.4467166327492927,1,40294,3,4755,0.1180076438179381,25066,0.6220777286940984,10473,0.2599146274879634,0.0017868665309971,0.0592147714299895,0.0743286841713406,0,0,0,0,0,0,0,0,0,0,0,0,0,Commercial Services and Supplies,235,262,315,812,BB
ACXP,0.0259456899283187,0.5250069395239864,0.4490473674876349,0.0131486656781185,0.3632872331320192,7.0,0.0,31.78,0.1891264917328953,0.2321664665918797,0.5787070418521761,0.2528944731961411,0.3175716613980492,100,0.5652173667296797,56.53,0.0821009657933915,0.2947335879465467,0.623165438000701,0.1918317392787073,0.327393858759208,38,0.1666666527777789,48.72,0.0,0,0.0545821734621472,1,0.0,0,0.0818732601932209,1,0.6004039080836199,1,5.021559958517549,1,0.0,0,0.218328693848589,1,0.1910376071175154,1,0.6004039080836199,1,0.7095682550079144,1,1.3918454232847552,1,1.473718683477976,1,0.8733147753943562,1,36642,3,13422,0.3663009661044702,18480,0.5043392827902408,4740,0.129359751105289,0.0075050488510452,0.1786474537416079,0.0533267834725178,0,0,0,0,0,0,0,0,0,0,0,0,0,Biotechnology,235,301,305,841,BB
ADAP,0.0280825694402058,0.0598959292595585,0.912021497885386,0.0094523913754902,0.0317278678970999,3.0,0.0,62.09,0.2793172064889222,0.0613693603454157,0.6593134342506528,0.2842235059372889,0.1703729425739486,100,5.999998500000375,70.79,0.0723830978386104,0.3074529090896248,0.6201639952448507,0.1241967051943819,0.3378815587940865,60,0.1111111049382719,47.55,0.0,0,0.0159202712814226,1,0.0,0,0.0,0,0.4298473245984112,1,3.741263751134319,1,0.0,0,0.0477608138442679,1,0.0318405425628452,1,0.1114418989699584,1,0.5412892235683696,1,0.4457675958798338,1,0.7323324789454412,1,0.5094486810055243,1,62813,3,12539,0.1996242815977584,41425,0.6594972378329327,8849,0.1408784805693089,0.0019104325537707,0.2001974113638896,0.0446882014869533,1,0,0,0,0,1,4,0,0,0,0,0,0,Biotechnology,365,283,305,953,BBB
ADBE,0.0593584521363178,0.6463885622409483,0.2942529944702983,0.0699217807640254,0.3118439197306175,6.0,0.0,25.06,0.2621309499908238,0.2383510194439441,0.49951803766191,0.2806918302107531,0.3631340790297755,100,0.8076922766272201,58.68,0.1242893637511236,0.1824191561097215,0.6932914896771826,0.2135045475411319,0.3050600288135529,87,0.4705882076124583,57.49,0.0,0,0.0,0,0.1277057659153311,1,0.0,0,0.9258668028861504,1,4.788966221824916,1,0.0,0,0.3192644147883277,1,0.2234850903518294,1,0.2234850903518294,1,0.3831172977459932,1,0.5746759466189899,1,1.117425451759147,1,0.3192644147883277,1,31322,3,11884,0.3794138305344486,11707,0.3737628503926952,7731,0.2468233190728561,0.0131856203307579,0.2126939531319839,0.1187025094183002,0,0,0,0,0,0,0,0,0,0,0,0,0,Technology,200,221,200,621,B
ADES,0.1836691869515925,0.207855232283473,0.6084755776263774,0.2646666478458401,0.3152290551357857,100.0,0.7142856802721105,57.92,0.1877159961586585,0.281042681162944,0.5312413224892225,0.2840278454694677,0.3674737208586736,64,0.7058823114186875,53.3,0.1102346065728103,0.2616691277636325,0.628096266375745,0.1952919125214451,0.3447005946258409,34,0.2499999687500039,51.85,2.315963606286187,1,0.8271298593879239,1,0.1654259718775848,1,0.6203473945409429,1,2.5641025641025643,1,2.2332506203473947,1,0.0,0,0.0413564929693962,1,0.1240694789081885,1,0.1240694789081885,1,0.3308519437551696,1,0.2067824648469809,1,2.1918941273779984,1,0.0,0,24180,3,5684,0.2350703060380479,7143,0.295409429280397,11353,0.469520264681555,0.1722497932175351,0.1497105045492142,0.0795285359801488,1,0,0,0,0,0,0,0,0,0,0,0,0,Chemicals,205,201,300,706,B
ADI,0.2613621168528442,0.0969012933093364,0.6417365838532094,0.2539934076952794,0.2003011003270392,27.0,2.99999850000075,67.85,0.2133864473291142,0.3407079427132523,0.4459056147644596,0.2889128680244501,0.3983192522338625,93,0.5428571273469392,50.32,0.1428428562178921,0.2060580986122099,0.6510990402804544,0.2292207978468354,0.3181451464050311,52,0.5555554938271674,56.61,0.124600240893799,1,0.2076670681563317,1,0.124600240893799,1,0.0415334136312663,1,0.830668272625327,1,5.150143290277027,1,0.0,0,0.0415334136312663,1,0.3738007226813972,1,0.2076670681563317,1,0.9968019271503924,1,1.2044689953067242,1,0.955268513519126,1,0.0,0,24077,3,6482,0.2692195871578685,9407,0.3907048220293226,8188,0.3400755908128089,0.0539519043070149,0.1832869543547784,0.1125140175271005,1,0,0,0,0,1,1,0,0,0,0,0,0,Semiconductors,350,318,300,968,BBB
ADIL,0.0581859001623732,0.4391402733911361,0.5026738247168916,0.0429555448847926,0.4277599541646898,7.0,0.0,38.49,0.2445304946042597,0.1569835251430049,0.5984859774634242,0.3199074408216281,0.2708670457874589,100,1.7692306331361052,63.35,0.1496285168547183,0.320668478612788,0.5297030065208673,0.2656047360119151,0.3745373763333991,100,0.3142857053061227,49.39,0.0164230579733946,1,0.0164230579733946,1,0.0,0,0.0,0,0.8375759566431269,1,4.401379536869765,1,0.0,0,0.0985383478403678,1,0.3448842174412875,1,0.229922811627525,1,0.8868451305633108,1,1.0346526523238628,1,1.2809985219247824,1,0.8868451305633108,1,60890,3,26927,0.4422236820495976,27031,0.4439316800788306,6932,0.1138446378715716,0.0062736081458367,0.1732632616193135,0.0630645426178354,0,0,0,0,0,0,0,0,0,0,0,0,0,Pharmaceuticals,200,203,300,703,B
ADM,0.3398262535651716,0.1428536002297336,0.5173201413156513,0.3436230885600487,0.2732049420109537,78.0,2.076922917159776,67.61,0.3658689055902263,0.1472802960572557,0.4868507943426569,0.363968356675429,0.290393299013273,90,2.6153844142011997,68.23,0.2583590771491621,0.1078520153612628,0.6337889065491218,0.3080477974567282,0.2585982169106074,51,2.599999480000104,67.03,2.345165760579896,1,0.6395906619763352,1,0.6928898838076964,1,0.213196887325445,1,2.451764204242618,1,4.530433855665707,1,0.0532992218313612,1,0.1065984436627225,1,0.5329922183136127,1,0.1598976654940838,1,1.1725828802899478,1,0.9593859929645028,1,1.652275876772199,1,0.0532992218313612,1,18762,3,6176,0.3291759940304871,4623,0.2464023025263831,7963,0.4244217034431297,0.1792985822406992,0.2161283445261699,0.1298902036030274,1,0,0,0,0,1,1,0,0,0,0,0,0,Food Products,587,353,305,1245,A
ADMA,0.0978694219873952,0.2256485485538308,0.6764820244695459,0.1442416408515589,0.3075342151255234,28.0,0.1666666388888935,53.76,0.2275099252350628,0.1629460030561313,0.6095440635457635,0.3044824670507577,0.2797127040872129,100,1.374999914062505,62.37,0.1627180700749159,0.266299948990345,0.5709819797053933,0.2383008683956085,0.3461551611201997,100,0.4482758466111777,53.39,0.0968316678286466,1,0.0387326671314586,1,0.0,0,0.1549306685258347,1,0.3873266713145867,1,5.151444728484004,1,0.0,0,0.1549306685258347,1,0.0387326671314586,1,0.058099000697188,1,1.1619800139437602,1,1.220079014640948,1,1.2394453482066776,1,0.5228910062746921,1,51636,3,20492,0.3968549074289255,22372,0.4332636145324967,8772,0.1698814780385777,0.0169068092028817,0.1985436517158571,0.0741730575567433,1,0,0,0,0,1,1,0,0,0,0,0,0,Biotechnology,240,264,320,824,BB
ADMP,0.0453491264784877,0.3525317394936627,0.6021191265434027,0.1236348845689676,0.3417553668126806,55.0,0.0454545433884298,43.67,0.1745664105378091,0.1321943844482302,0.6932392071187496,0.2355634579364223,0.2539309472367451,100,0.9230768520710114,62.52,0.0942069158609956,0.2291591273527592,0.6766339636407792,0.1667661331157835,0.3367614423589835,100,0.2608695538752368,53.4,0.0,0,0.6442993718081125,1,0.0,0,0.056849944571304,1,0.3979496119991282,1,4.367970741228527,1,0.0,0,0.018949981523768,1,0.2463497598089842,1,0.1231748799044921,1,1.326498706663761,1,1.080148946854777,1,1.9992230507575253,1,1.0706739560928928,1,105541,3,17743,0.1681147610881079,36503,0.3458655877810519,51295,0.4860196511308401,0.0247581508608029,0.1625813664831676,0.1100520176992827,1,0,0,0,0,1,3,0,0,0,0,0,0,Pharmaceuticals,285,204,215,704,B
ADN,0.3775792937353253,0.0804925601230934,0.541928144581616,0.3298150493176311,0.2166416122294791,100.0,4.749999406250074,72.98,0.2322350710842617,0.1873757450758845,0.5803891927051016,0.3094823613948507,0.314877052409762,79,1.3076922071005996,60.95,0.1403664088674954,0.2613512090008174,0.5982823881187609,0.2159821857158076,0.3140403861576505,35,0.2222221975308669,52.92,1.4276053798181685,1,0.5259598767751146,1,0.0751371252535878,1,0.0,0,0.9767826282966412,1,2.1789766323540465,1,0.0,0,0.0375685626267939,1,0.8265083777894657,1,1.0143511909234353,1,0.375685626267939,1,0.9016455030430536,1,0.4883913141483206,1,0.0375685626267939,1,26618,3,6798,0.2553910887369449,10271,0.3858667067398001,9549,0.3587422045232549,0.1250657449845968,0.1089488316177023,0.060335111578631,1,0,0,0,0,1,3,0,0,0,0,0,0,Electrical Equipment,250,203,220,673,B
ADP,0.0231005772948265,0.5764450430870056,0.4004543721675873,0.0,0.0,1.0,0.0,28.34,0.2597925074584782,0.0313557748310267,0.7088517200201749,0.2718911507923017,0.1078117328749893,100,9.9999950000025,72.05,0.2887024936276707,0.1305481755603732,0.5807493294097399,0.3007019090486191,0.2777772469501446,89,1.8333331805555684,66.62,0.0,0,0.0,0,0.0,0,0.0,0,1.3243153762474578,1,8.6553469233316,1,0.0,0,0.0945939554462469,1,0.0945939554462469,1,0.3310788440618644,1,2.7432247079411627,1,1.3243153762474578,1,1.135127465354964,1,0.283781866338741,1,21143,3,8335,0.3942203093222343,5021,0.237478125147803,7787,0.3683015655299626,0.0049188856832048,0.276923804568888,0.2024783616326916,0,0,0,0,0,0,0,0,0,0,0,0,0,Technology,500,300,200,1000,BBB
ADSK,0.4615192372351885,0.0484362351397673,0.4900445277492205,0.2899068658371144,0.1528263402871346,30.0,6.99999650000175,78.0,0.2760997980553656,0.196390930917114,0.5275092650763691,0.2867486760189596,0.3148004335915461,100,1.1428570884353766,61.9,0.1796325416403955,0.2871037411220771,0.5332637157490743,0.2510699218497417,0.3365172480001591,56,0.5294117335640156,52.63,0.4816955684007707,1,0.1204238921001926,1,0.1505298651252408,1,0.0301059730250481,1,0.6322254335260116,1,3.492292870905588,1,0.0,0,0.1505298651252408,1,0.0301059730250481,1,0.3913776493256262,1,0.6021194605009633,1,0.722543352601156,1,1.2945568400770713,1,0.2408477842003853,1,33216,3,6683,0.2011982177263969,13971,0.420610549132948,12562,0.3781912331406551,0.0334778420038535,0.1368316473988439,0.0895953757225433,1,1,1,0,0,1,1,0,0,0,0,0,0,Technology,555,304,310,1169,BBB
ADTN,0.0803886507882883,0.2705074749690921,0.6491038701251933,0.0936271495127866,0.3607976847378742,19.0,0.0,50.23,0.2235014774138108,0.3205454686330631,0.4559530548751354,0.2898730245767235,0.4085047458932036,100,0.6562499794921882,51.99,0.1506710737697122,0.1479805839549312,0.7013483410701156,0.2346381839045229,0.2689839045057611,68,0.99999990000001,60.65,0.0,0,0.0,0,0.0630298446314329,1,0.0630298446314329,1,0.7563581355771958,1,3.6872459109388296,1,0.0,0,0.0630298446314329,1,0.3466641454728814,1,0.1260596892628659,1,0.5672686016828968,1,0.7248432132614793,1,0.9454476694714948,1,0.0945447669471494,1,31731,3,7063,0.2225898963159056,14008,0.4414610317985566,10660,0.3359490718855378,0.018782893700167,0.1310705619110649,0.0753521792568781,1,0,0,0,0,1,2,0,0,0,0,0,0,Communications,510,308,300,1118,BBB
ADTX,0.0204329993575811,0.043482968583703,0.9360840022563934,0.0006097760051488,0.0109644401818513,2.0,0.0,62.89,0.2139555895502897,0.2099743002252851,0.5760701006436919,0.2606028557027566,0.3310395107149299,94,0.9499999525000024,58.84,0.1398458817325856,0.354229637765852,0.5059244806432853,0.2356611559236975,0.354227553183411,46,0.4117646816609011,46.87,0.0,0,0.0704324552753909,1,0.0,0,0.0,0,0.4225947316523454,1,2.7116495281025497,1,0.0,0,0.1760811381884772,1,0.1056486829130863,1,0.1408649105507818,1,1.2325679673193406,1,0.9156219185800816,1,1.1621355120439498,1,0.2817298211015636,1,28396,3,7558,0.2661642484857022,14414,0.5076067051697423,6424,0.2262290463445555,0.0029933793492041,0.1214959853500493,0.062086209325257,0,0,0,0,0,0,0,0,0,0,0,0,0,Biotechnology,210,224,305,739,B
ADUS,0.0981523628450102,0.1777887195348739,0.7240589161713918,0.1894209999621063,0.1962362572760119,9.0,0.999999000001,56.88,0.2676049921102821,0.0816816196776926,0.6507133818417787,0.3017215700256516,0.2013330923513254,100,3.2857138163265978,69.06,0.166205804411541,0.2680844306836233,0.5657097666579134,0.2565200805283763,0.3563227647710292,68,0.4999999722222237,53.39,0.0,0,0.0,0,0.1388079176036201,1,0.027761583520724,1,0.1943310846450681,1,10.854779156603094,1,0.0,0,0.4997085033730323,1,0.0,0,0.1665695011243441,1,0.8883706726631687,1,1.2492712584325811,1,0.9438938397046168,1,0.6662780044973765,1,36021,3,8441,0.2343355264984314,13014,0.3612892479387024,14566,0.4043752255628661,0.0114100108270175,0.2868049193525999,0.0647122511868076,1,0,0,0,0,1,1,0,0,0,0,0,0,Health Care,210,215,218,643,B
ADV,0.0135910948738455,0.6650815680623055,0.3213273268193006,0.0027623692376464,0.2388467756993287,4.0,0.0,22.25,0.1402693753503263,0.3687061315588653,0.4910244937427342,0.2417442165399282,0.3868607040934523,100,0.3513513418553691,45.94,0.119452645943353,0.2506139961512465,0.629933353533086,0.1979827066621008,0.3301697524019772,95,0.3809523628117922,52.89,0.0,0,0.0734160487482563,1,0.0,0,0.0,0,1.3459608937180334,1,2.251425494946529,1,0.0,0,0.0489440324988375,1,0.2691921787436067,1,0.2691921787436067,1,0.6607444387343073,1,1.61515307246164,1,1.5662090399628024,1,0.464968308738957,1,40863,3,3538,0.0865819934904436,20953,0.5127621564740719,16372,0.4006558500354844,0.0043804909086459,0.1211609524508724,0.092039253114064,0,0,0,0,0,0,0,0,0,0,0,0,0,Media,515,269,328,1112,BBB
ADVM,0.0442415240686386,0.1447396393632516,0.8110188376158476,0.0527218342544405,0.3002133978490235,8.0,0.0,57.14,0.2122567058727145,0.1363432001322508,0.6514000966772437,0.2673839503472517,0.2520038646754463,100,1.5833332013889,63.57,0.1040650860313326,0.3458414560835808,0.5500934511423111,0.171201723991965,0.3597448227244099,100,0.189189184075968,46.16,0.0,0,0.0,0,0.0,0,0.1237273755656108,1,0.2651300904977375,1,5.620757918552036,1,0.0,0,0.0883766968325791,1,0.0883766968325791,1,0.1237273755656108,1,1.1312217194570138,1,0.7070135746606334,1,1.7145079185520362,1,0.6893382352941176,1,56576,3,19452,0.343820701357466,32816,0.5800339366515838,4308,0.0761453619909502,0.0045955882352941,0.2201286764705882,0.0983986142533936,1,0,0,0,0,1,3,0,0,0,0,0,0,Biotechnology,262,321,235,818,BB
AEE,0.2271141645871102,0.1246623141085729,0.6482235212065279,0.2901729011569619,0.2568138083178375,100.0,2.199999780000022,64.85,0.2494875375647098,0.2110167160490527,0.539495744034648,0.3211186184490701,0.3256183772080977,100,1.090909041322316,60.02,0.236357534987231,0.2255533951334655,0.5380890658125281,0.3030919987579695,0.3368339663736315,60,0.9999999285714336,58.61,1.6196422703159477,1,3.1453922351063333,1,0.3051499929580771,1,0.2112576874325148,1,1.29101920097648,1,3.5679076099713627,1,0.0,0,0.1877846110511243,1,0.2816769165766865,1,0.5633538331533731,1,0.8919769024928407,1,0.2112576874325148,1,0.8450307497300595,1,0.0,0,42602,3,8719,0.2046617529693441,10036,0.2355757945636355,23847,0.5597624524670203,0.3048917891178818,0.122975447162105,0.08727289798601,1,0,0,0,0,0,0,0,0,0,0,0,0,Utilities,562,345,300,1207,A
AEHR,0.0390079786468829,0.2759849707196866,0.6850070580840111,0.0352303802580094,0.4017915993186141,7.0,0.0,48.43,0.1391331372782588,0.236617904363407,0.6242489595380094,0.2435923977583313,0.3554661580490812,45,0.5555554938271674,54.49,0.0920826600783545,0.2705166868096136,0.6374006500548642,0.1871679653346761,0.338005361106913,23,0.199999960000008,50.64,0.0,0,0.0,0,0.0,0,0.0,0,0.42779441422722,1,3.116787875084031,1,0.0,0,0.1222269754934914,1,0.0,0,0.0611134877467457,1,0.1833404632402371,1,0.3666809264804742,1,0.9778158039479312,1,0.0,0,16363,3,5719,0.3495080364236387,5412,0.3307461956853877,5232,0.3197457678909735,0.0139949886940047,0.0839699321640286,0.0553688198985516,1,0,0,0,0,0,0,0,0,0,0,0,0,Semiconductors,290,262,300,852,BB
AEI,0.1931941456949481,0.0155900407475061,0.7912158132172548,0.2463971811589182,0.007782007813971,26.0,4000000.0,70.75,0.1658062810171395,0.2289009863184765,0.6052927290834487,0.2532982161129315,0.3537600680733878,100,0.5652173667296797,55.92,0.1052158759722923,0.1702127743822833,0.7245713542043059,0.1826273709538022,0.285036153163101,81,0.4999999583333368,57.62,0.0,0,0.2305143351102146,1,0.0,0,0.0,0,2.017000432214378,1,3.284829275320559,1,0.0288142918887768,1,0.1152571675551073,1,0.3169572107765451,1,0.2593286269989915,1,0.7779858809969745,1,2.305143351102147,1,0.691543005330644,1,0.2017000432214378,1,34705,3,8858,0.2552369975507852,11951,0.3443596023627719,13896,0.4004034000864429,0.0199683042789223,0.1404984872496758,0.0946837631465206,1,0,0,0,0,1,1,0,0,0,0,0,0,Real Estate,520,207,210,937,BBB
AEIS,0.3523735553904805,0.0701947029908451,0.5774317385874829,0.3328673207583145,0.1962758276799043,53.0,5.666664777778407,72.77,0.2833314964082092,0.3370904347277246,0.3795780635438859,0.3291209391131026,0.4064110953630073,80,0.8518518203017844,53.01,0.2213297009778519,0.2100241721426654,0.5686461297381256,0.2961569391680265,0.3183111972484248,36,0.8888887901234679,59.09,0.2292105986980838,1,0.2292105986980838,1,0.0,0,0.0458421197396167,1,0.7334739158338681,1,4.309159255523976,1,0.0,0,0.1375263592188502,1,0.0458421197396167,1,0.2292105986980838,1,0.5959475566150179,1,0.4125790776565508,1,1.1918951132300355,1,0.0916842394792335,1,21814,3,5027,0.2304483359310534,9492,0.4351334005684423,7295,0.3344182635005042,0.087558448702668,0.1394058861281745,0.0671128632987989,1,0,0,0,0,1,1,0,0,0,0,0,0,Electrical Equipment,500,300,300,1100,BBB
AEP,0.1812622012550254,0.2374901452668659,0.5812476518887865,0.263542026694388,0.3488776079860253,92.0,0.7619047256235845,55.91,0.09141274057783,0.4571431577887113,0.451444117306936,0.1843742277785504,0.4219806745893938,41,0.1578947285318563,38.49,0.0245309251964696,0.4217764954963648,0.553692578262574,0.0158177286299704,0.4072402188567807,37,0.0,38.44,0.8330663248958667,1,2.6914450496635696,1,0.4485741749439282,1,0.3204101249599487,1,0.3844921499519385,1,2.3710349247036206,1,0.0,0,0.0,0,0.0640820249919897,1,1.089394424863826,1,0.9612303748798462,1,0.1281640499839794,1,1.473886574815764,1,0.3844921499519385,1,15605,3,6833,0.4378724767702659,8627,0.5528356296058955,145,0.0092918936238385,0.2047420698494072,0.1169496956103813,0.0824735661646908,1,0,0,0,0,0,0,0,0,0,0,0,0,Utilities,500,300,300,1100,BBB
AERI,0.2243392034655525,0.0822852135946353,0.6933755910112744,0.2641901821480909,0.1676358946600433,21.0,3.999996000004,67.5,0.1960592341516167,0.0664488283358514,0.7374919347092509,0.2715015090245895,0.1577302387975331,100,3.399999320000136,67.54,0.1231913769431412,0.2138499780930578,0.66295864360407,0.2040402185642532,0.327294644902748,100,0.3809523628117922,55.41,0.1374087758404836,1,0.1526764176005374,1,0.0152676417600537,1,0.0763382088002687,1,0.6870438792024184,1,5.358942257778864,1,0.0,0,0.1832117011206449,1,0.1679440593605911,1,0.0763382088002687,1,0.6717762374423646,1,0.8549879385630095,1,1.2824819078445144,1,0.5496351033619347,1,65498,3,25511,0.389492808940731,29713,0.4536474396164768,10274,0.1568597514427921,0.0132217777642065,0.2185410241534092,0.0864911905707044,1,0,0,0,0,1,2,0,0,0,0,0,0,Pharmaceuticals,500,264,310,1074,BBB
AES,0.1155684200571255,0.4732439186859955,0.4111876581062345,0.2206688546506488,0.401610974827414,94.0,0.1568627420222992,38.28,0.105321030486375,0.4485351398028433,0.4461438324302434,0.2127741494459396,0.3681686733823545,50,0.1599999936000002,39.53,0.0565361810731701,0.2734304809710011,0.6700333373155445,0.0440727715963705,0.3296964314055239,16,0.0,49.21,2.706999527349289,1,4.039015167791002,1,0.2148412323293086,1,0.0859364929317234,1,2.1484123232930865,1,1.0312379151806814,1,0.0,0,0.0859364929317234,1,0.1289047393975851,1,0.2578094787951703,1,0.3867142181927555,1,0.1289047393975851,1,1.7616981051003309,1,0.0429682464658617,1,23273,3,33,0.0014179521333734,12652,0.5436342542860826,10588,0.454947793580544,0.1906930778154943,0.1219868517165814,0.0355777080737335,0,0,0,0,0,0,0,0,0,0,0,0,0,Utilities,525,326,370,1221,A
AESE,0.0799963212172899,0.174617740857814,0.7453859150409698,0.0836318099021627,0.2928741673403176,7.0,0.0,56.45,0.1994483177381825,0.2832361651382532,0.5173155177743679,0.2677609946899961,0.3815451733276426,83,0.6521738846880919,53.57,0.1454660868160982,0.2270052433291922,0.6275286634466541,0.2226000241994835,0.3300868578799183,67,0.3749999765625014,55.34,0.0,0,0.0282917444689639,1,0.0,0,0.0,0,0.7072936117240989,1,1.7257964126068013,1,0.0,0,0.3677926780965314,1,0.4526679115034233,1,0.4243761670344593,1,0.3395009336275674,1,1.0185028008827026,1,0.9619193119447744,1,0.1131669778758558,1,35346,3,8076,0.2284841283313529,17316,0.4898998472245798,9954,0.2816160244440672,0.0134102868782889,0.0924574209245742,0.0703615684943133,0,0,0,0,0,1,2,0,0,0,0,0,0,Hotels Restaurants and Leisure,200,200,200,600,B
AEYE,0.0201738253235816,0.0528385415673255,0.926987648010254,0.0,0.0,1.0,0.0,62.27,0.1300133179341043,0.1968221362635848,0.6731645386843454,0.2049919420574185,0.2640364257999989,42,0.57142848979593,56.76,0.1754423467412827,0.1652969114098047,0.659260736127931,0.2327257811379583,0.285627890595692,63,0.7777776913580343,60.4,0.0,0,0.0,0,0.0,0,0.058230943923601,1,0.757002271006813,1,1.921621149478833,1,0.0,0,0.0,0,0.407616607465207,1,0.0,0,1.921621149478833,1,1.572235485937227,1,3.0862400279508533,1,0.291154719618005,1,17173,3,2176,0.1267105339777557,11144,0.6489256390846095,3853,0.2243638269376346,0.0043090898503464,0.1240319105572701,0.1781284574622954,0,0,0,0,0,1,2,0,0,0,0,0,0,Technology,235,301,308,844,BB
AFBI,0.1674743010662496,0.102101647760719,0.7304240688681602,0.1919379119802236,0.1220761566429142,4.0,1000000.0,64.22,0.1194539477753384,0.1448392006114306,0.7357068563493468,0.2118901357819854,0.2636155432566234,82,0.4166666319444473,59.77,0.0562643967242094,0.093198491995664,0.8505371087149047,0.0828418201203768,0.1868547388727147,57,0.2499999375000156,60.91,0.0,0,0.1079835864948527,1,0.0719890576632352,1,0.0,0,1.0798358649485278,1,1.2958030379382337,1,0.0,0,1.2958030379382337,1,0.4679288748110287,1,0.1799726441580879,1,0.4319343459794111,1,0.4679288748110287,1,0.2519617018213231,1,0.0,0,27782,3,18337,0.6600316751853719,15,0.0005399179324742,9430,0.3394284068821539,0.0035994528831617,0.1008206752573608,0.0853790223885969,1,0,0,0,0,1,1,0,0,0,0,0,0,Banking,200,207,200,607,B
AFCG,0.0693836582941003,0.4205240440787747,0.5100923189893365,0.1362635491527368,0.2892974116722001,16.0,0.199999960000008,40.09,0.1161026309151202,0.1219278580881655,0.7619695168174804,0.2061832705659232,0.2216579795552199,100,0.699999930000007,61.14,0.0582988690771162,0.0904195847082883,0.85128154553473,0.1027056624773477,0.1846025501604648,100,0.1428571224489825,61.16,0.0,0,0.0114194358798675,1,0.0,0,0.0114194358798675,1,1.9527235354573484,1,0.9021354345095352,1,0.0,0,0.0570971793993376,1,0.4453579993148338,1,1.7585931254996,1,0.5823912298732443,1,0.6509078451524495,1,1.0391686650679457,1,0.3083247687564234,1,87570,3,14051,0.1604544935480187,54333,0.6204522096608428,19186,0.2190932967911385,0.0058924289140116,0.1025579536370903,0.1451981272125157,1,0,0,0,0,0,0,0,0,0,0,0,0,Real Estate,255,204,226,685,B
AFIB,0.0315265629271214,0.4117662401192568,0.5567072013562376,0.0250385540393156,0.3624483315775349,11.0,0.0,39.34,0.1265374486055225,0.3368957816576585,0.536566766910255,0.2125098840463956,0.3871804182210729,100,0.3030302938475668,47.53,0.063747539743781,0.3974735712446272,0.5387788958847523,0.1161656289835022,0.3607029838001222,100,0.04878048661511,41.4,0.0,0,0.0,0,0.0,0,0.0505671953747872,1,0.3708260994151061,1,4.955585146729145,1,0.0,0,0.0168557317915957,1,0.2191245132907445,1,0.2022687814991488,1,1.2978913479528713,1,1.6687174473679771,1,2.2418123282822324,1,0.9270652485377652,1,59327,3,10767,0.1814856642001112,39106,0.6591602474421427,9454,0.159354088357746,0.009338075412544,0.1947679808518886,0.1067304937043841,1,0,0,0,0,1,2,0,0,0,0,0,0,Health Care,205,211,235,651,B
AFL,0.0465946686030788,0.3997578549791466,0.5536474876783111,0.0412426240491,0.3955641104690381,11.0,0.0,40.65,0.1425803642068058,0.2413728171959519,0.6160468110628426,0.2249705414926378,0.3496277365715243,100,0.3636363471074387,54.3,0.0679227707620996,0.2232063406815704,0.7088708879473882,0.1363034823626183,0.2942908945503084,78,0.1666666527777789,52.87,0.0,0,0.0712758374910905,1,0.2138275124732715,1,0.0,0,0.6414825374198146,1,7.51960085531005,1,0.0,0,0.0356379187455452,1,0.142551674982181,1,0.0712758374910905,1,0.5702066999287242,1,0.7483962936564504,1,1.4967925873129009,1,0.142551674982181,1,28060,3,6658,0.2372772630078403,12030,0.4287241625089095,9372,0.3339985744832501,0.0186742694226657,0.1811475409836065,0.1083392729864576,0,0,0,0,0,1,12,0,0,0,0,0,0,Insurance,454,300,235,989,BBB
AFRM,0.0453123669657442,0.186580809764564,0.7681068380673727,0.0282278029855264,0.2766506172418451,9.0,0.0,54.46,0.1785077894694711,0.271111931078332,0.5503802786140065,0.2871001866020353,0.3484685919036256,95,0.5769230547337286,53.63,0.1501879088301211,0.3525898632640019,0.4972222288511693,0.2761487155900566,0.3770482608588428,100,0.3421052541551249,47.34,0.0,0,0.0179788209489221,1,0.0,0,0.0,0,0.8270257636504198,1,1.690009169198684,1,0.0,0,0.0179788209489221,1,0.2337246723359882,1,0.1438305675913773,1,1.0068139731396415,1,1.276496287373474,1,2.0495855881771274,1,0.8629834055482641,1,55621,3,8754,0.1573865985868646,30375,0.5461066863235109,16492,0.2965067150896244,0.008773664623074,0.0889771848762158,0.1208895920605526,0,0,0,0,0,1,3,0,0,0,0,0,0,Technology,225,335,335,895,BB
AGEN,0.0193764829697708,0.4773783969382445,0.5032451512912909,0.0049243615893502,0.3850859307555271,6.0,0.0,34.65,0.2525980943720787,0.2499032229976728,0.4974986815266311,0.3069279795958682,0.3535097066230183,100,0.7857142576530622,57.6,0.0855368348676711,0.3804152243724092,0.5340479357726872,0.1527645047987428,0.3719018996920016,100,0.1219512165377752,43.27,0.0,0,0.0,0,0.0,0,0.0171268068781256,1,0.3596629444406385,1,3.750770706309516,1,0.0,0,0.0513804206343769,1,0.2055216825375077,1,0.1027608412687538,1,0.9077207645406592,1,0.5994382407343974,1,1.3358909364938,1,0.6336918544906487,1,58388,3,7522,0.128827841337261,45134,0.7730013016373227,5732,0.0981708570254161,0.0031855860793313,0.1798657258340755,0.0608172912242241,0,0,0,0,0,0,0,0,0,0,0,0,0,Biotechnology,290,245,300,835,BB
AGFS,0.3746516394242644,0.1587800013460218,0.4665683609247207,0.3553555889346545,0.2874565415561414,50.0,2.624999671875041,67.79,0.2634087696357013,0.3182865685190666,0.418304656934622,0.3423900011790848,0.3835768406413907,77,0.8518518203017844,53.53,0.077156119287396,0.2377247537175814,0.6851191211205262,0.1549944319681042,0.3294202285400648,39,0.2499999687500039,52.25,0.1602692523439378,1,0.3606058177738601,1,0.0,0,1.0016828271496114,1,0.4006731308598445,1,2.3639714720730827,1,0.0,0,0.0,0,0.6410770093757513,1,0.1202019392579533,1,0.4808077570318134,1,1.242086705665518,1,1.0818174533215803,1,0.1202019392579533,1,24958,3,6448,0.2583540347784278,11910,0.4772016988540748,6600,0.2644442663674974,0.0713198172930523,0.134065229585704,0.0719208269893421,1,1,2,0,0,1,2,0,0,0,0,0,0,Chemicals,500,301,275,1076,BBB
AGFY,0.1380554105465611,0.031375831090069,0.8305687618752321,0.1409510423171216,0.0999364114127777,48.0,1.999998000002,67.79,0.2294356183474883,0.2336293067876249,0.5369350754655897,0.3200658283908706,0.3446568957968431,100,0.9999999523809546,57.84,0.1418255635814622,0.2262278211134624,0.6319466153397522,0.2618006329949671,0.3304236245321205,94,0.5714285442176883,55.26,0.2733858841755137,1,0.0455643140292522,1,0.0,0,0.0,0,0.774593338497289,1,2.0959584453456053,1,0.0,0,0.0227821570146261,1,0.1366929420877568,1,0.318950198204766,1,0.5012074543217753,1,1.480840205950699,1,1.1846721647605594,1,0.1366929420877568,1,43894,3,9988,0.2275481842620859,24648,0.5615346060965052,9258,0.2109172096414088,0.032965781200164,0.1078507313072401,0.1006971340046475,1,0,0,0,0,1,4,0,0,0,0,0,0,Machinery,540,361,305,1206,A
AGIL,0.0760746886953711,0.3727570031769573,0.5511682629585266,0.0535806419592039,0.3685290431475543,4.0,0.0,43.43,0.2249646210903302,0.3294709414476529,0.4455644431710243,0.2934732755908115,0.3995077522975763,100,0.5714285551020413,51.46,0.1016002354770898,0.3891303153755143,0.5092694507911801,0.2085490166703972,0.3579103165565424,100,0.2499999930555557,43.26,0.0,0,0.0375953983232452,1,0.0,0,0.0,0,1.1090642505357344,1,5.000187976991617,1,0.0,0,0.0563930974848678,1,0.4135493815556976,1,0.1315838941313583,1,0.6203240723335464,1,1.0526711530508666,1,1.5790067295763,1,0.2819654874243392,1,53198,3,5543,0.1041956464528741,35494,0.6672055340426332,12161,0.2285988195044926,0.0046430316929207,0.2008158201436144,0.1123538478890183,0,0,0,0,0,1,10,0,0,0,0,0,0,Technology,340,299,305,944,BBB
AGIO,0.035301886498928,0.241147362277843,0.7235507667064667,0.021691167472675,0.3075226260008297,8.0,0.0,50.56,0.2010589698702097,0.107994123250246,0.6909469082020223,0.2575539864019691,0.2178041203004258,100,1.9999997500000315,65.02,0.1202450896028515,0.299109885680251,0.5806450229787896,0.22373589005852,0.3477130108623498,86,0.26923075887574,49.77,0.0,0,0.0,0,0.0,0,0.0567880669342015,1,0.378587112894677,1,5.508442492617552,1,0.0,0,0.0946467782236692,1,0.2271522677368062,1,0.0567880669342015,1,0.8707503596577573,1,0.6057393806314832,1,1.8929355644733847,1,1.1925494056182329,1,52828,3,21726,0.4112591807374877,22999,0.4353562504732339,8103,0.1533845687892784,0.0065495570530779,0.2693647308245627,0.0940978269099719,0,0,0,0,0,1,1,0,0,0,0,0,0,Biotechnology,520,303,325,1148,BBB
AGLE,0.0447423534467816,0.1724764984101057,0.7827811650931835,0.0429725385065809,0.2745866144412389,10.0,0.0,55.36,0.1782522534672171,0.169264481277205,0.6524832616001368,0.2577910561031079,0.282483003744745,100,0.9333332711111152,60.24,0.1042177512776106,0.3613853063061833,0.534396947287023,0.1729528993122026,0.3824394837867453,100,0.1999999950000001,45.16,0.0,0,0.0,0,0.0,0,0.0829159895194189,1,0.3150807601737919,1,4.311631455009784,1,0.0,0,0.0663327916155351,1,0.1658319790388378,1,0.0829159895194189,1,0.845743093098073,1,1.1110742595602137,1,1.3764054260223542,1,0.6633279161553514,1,60302,3,16693,0.276823322609532,37766,0.626281052038075,5843,0.0968956253523929,0.0045769626214719,0.1594640310437464,0.0702464263208517,1,0,0,0,0,1,3,0,0,0,0,0,0,Biotechnology,205,223,200,628,B
AGNC,0.0406214976683259,0.2469336497597396,0.7124448418617249,0.0293678490418515,0.1395745387124421,4.0,0.0,50.37,0.2540835293234679,0.1650723923029827,0.5808440865627651,0.2861027547201513,0.3140823471591729,58,1.5555553827160686,63.16,0.0980850958132318,0.1674283282033034,0.7344865740409919,0.14824420666229,0.2576555415657545,35,0.4999998750000312,57.55,0.0,0,0.0,0,0.1138822457578863,1,0.0,0,1.1957635804578066,1,3.815055232889193,1,0.0,0,0.1708233686368295,1,0.4555289830315454,1,0.3985878601526021,1,0.8541168431841476,1,0.2847056143947158,1,1.309645826215693,1,0.0,0,17562,3,1742,0.099191436055119,14384,0.8190411114907186,1436,0.0817674524541623,0.0145769274570094,0.1022093155677029,0.0879170937250882,0,0,0,0,0,1,2,0,0,0,0,0,0,Real Estate,382,242,305,929,BBB
AGRI,0.3178906730291518,0.0322427600692731,0.6498665719885718,0.2793906556520845,0.1130118249193472,66.0,8.99999550000225,74.03,0.2358981675829794,0.171161415215248,0.5929404209409632,0.2897238974608758,0.3045553506658158,67,1.3636362396694328,62.13,0.0906356408205979,0.2713621739553762,0.6380021852240259,0.1775401993522494,0.3315164494330013,51,0.1428571326530619,50.53,0.086475268073331,1,0.2161881701833276,1,0.0,0,0.086475268073331,1,0.9079903147699758,1,1.340366655136631,1,0.0,0,0.0,0,0.172950536146662,1,0.1297129021099965,1,0.2594258042199931,1,0.9079903147699758,1,1.599792459356624,1,0.0,0,23128,3,8365,0.361682808716707,9034,0.3906087858872362,5729,0.2477084053960567,0.0701314424074714,0.0908855067450709,0.0771791767554479,1,0,0,0,0,1,3,0,0,0,0,0,0,Food Products,510,248,305,1063,BBB
AGRX,0.0144767820214231,0.8847299218177795,0.1007933169603347,0.0039476040075603,0.0741706177634247,3.0,0.0,8.0,0.1412372887972742,0.2441284066764638,0.6146342982910573,0.2317618386874584,0.3342806853655531,100,0.5217391077504736,54.07,0.1547173669604563,0.2394839914558434,0.6057986379440489,0.2519045503286142,0.2951520882923522,87,0.4999999750000012,54.85,0.0,0,0.0,0,0.0,0,0.0,0,0.6323777403035413,1,5.527449878208731,1,0.0,0,0.02342139778902,1,0.1873711823121603,1,0.0936855911560801,1,1.3818624695521828,1,1.3818624695521828,1,1.826869027543564,1,1.0773842982949222,1,42696,3,20048,0.4695521828742739,13154,0.3080850665167697,9494,0.2223627506089563,0.0020142402098557,0.2165542439572793,0.0933342701892449,0,0,0,0,0,1,1,0,0,0,0,0,0,Pharmaceuticals,240,203,260,703,B
AGTC,0.0987436024006456,0.392768396763131,0.5084880071226507,0.1870713269968384,0.4013600039121754,8.0,0.3333332222222592,42.93,0.2845090667251497,0.0943884017923846,0.6211025248467922,0.3255358619410775,0.2200094130594803,100,3.499999562500055,68.82,0.113619714358507,0.2850837020517944,0.6012965807473505,0.2075280471654829,0.3442837987237969,77,0.3333333174603182,50.45,0.0,0,0.0311521627388981,1,0.0,0,0.0467282441083472,1,0.4517063597140231,1,3.9874768305789625,1,0.0,0,0.1401847323250416,1,0.0623043254777962,1,0.1246086509555925,1,0.4672824410834722,1,0.4517063597140231,1,1.230510428186477,1,0.638619336147412,1,64201,3,23914,0.3724864098690051,31176,0.4855999127739443,9111,0.1419136773570505,0.0033332814130621,0.1827074344636376,0.0517904705534181,0,0,0,0,0,1,1,0,0,0,0,0,0,Biotechnology,235,323,305,863,BB
AGYS,0.0919545549633247,0.2819676467084459,0.6260778049805334,0.0880062457557183,0.4222199333619524,7.0,0.0,49.89,0.2882128179169677,0.2487398043339108,0.4630473791782198,0.3367198693880167,0.3616756191182679,58,1.1428570612244957,58.92,0.2554037962690927,0.162222196086077,0.5823740182095207,0.3502890157460855,0.2688901059657374,32,2.666665777778074,63.39,0.0,0,0.1744997673336435,1,0.0,0,0.0,0,0.0581665891112145,1,4.0134946486738015,1,0.0,0,0.0,0,0.0,0,0.232666356444858,1,0.116333178222429,1,0.5234993020009306,1,1.6286644951140066,1,0.232666356444858,1,17192,3,5271,0.3065960912052117,5279,0.3070614239181014,6642,0.3863424848766868,0.0154141461144718,0.1167403443462075,0.0666589111214518,1,0,0,0,0,1,2,0,0,0,0,0,0,Technology,500,303,300,1103,BBB
AHCO,0.2686808579601347,0.3146467159756205,0.4166724264452403,0.3880690892517449,0.312805418886457,22.0,0.9999998333333612,53.95,0.215841011358425,0.1133730813814327,0.6707859081402421,0.2786627288527773,0.2324308084753594,100,1.899999810000019,65.19,0.0986171408439986,0.3598382403239763,0.5415446154074743,0.1836476302241341,0.357560116558694,96,0.1818181763085401,45.06,0.0,0,0.4646516274423251,1,0.0,0,0.0696977441163487,1,1.3939548823269754,1,22.32651069860372,1,0.0,0,0.0,0,0.1161629068605812,1,0.0464651627442325,1,0.7899077666519527,1,1.4868852078154402,1,1.9283042538856492,1,1.0222335803731153,1,43043,3,6562,0.1524521989638268,21593,0.5016611295681063,14888,0.3458866714680668,0.0168900866575285,0.5314452988871593,0.1055456171735241,0,0,0,0,0,1,1,0,0,0,0,0,0,Health Care,210,211,235,656,B
AHPI,0.1161721343031296,0.0970395778377468,0.7867883015424013,0.2354460161216302,0.2524975430465962,13.0,0.999999000001,62.76,0.1644842879403932,0.3397480608803815,0.4957676507899018,0.2894150799810573,0.3959113273855211,61,0.4285714081632663,48.67,0.1023569076455065,0.1701946763676546,0.7274484206878004,0.1724452885628208,0.2949023666337358,21,0.2499999375000156,57.52,0.4502476361999099,1,0.0750412726999849,1,0.0,0,0.1500825453999699,1,0.0,0,5.027765270898994,1,0.0,0,0.1500825453999699,1,0.0750412726999849,1,0.0,0,0.6003301815998799,1,0.1500825453999699,1,1.1256190904997747,1,0.0,0,13326,3,3920,0.2941617889839412,3480,0.2611436289959478,5926,0.4446945820201111,0.0261894041722947,0.1174395917754765,0.0434488968932913,1,0,0,0,0,1,2,0,0,0,0,0,0,Health Care,210,228,325,763,BB
AIG,0.1159823300875723,0.3269111752137542,0.5571064906567336,0.1896007134381736,0.3558425829098789,100.0,0.189189184075968,47.81,0.0588390614371746,0.4239120389614254,0.5172489016130567,0.1178344428007087,0.3777823018755372,100,0.0425531905839746,39.51,0.0782014201022684,0.218963523209095,0.7028350570984184,0.120445726786219,0.3175710289259986,100,0.1904761814058961,53.5,0.0685103564822215,1,0.159857498458517,1,0.8601855869434486,1,0.0152245236627159,1,1.3245335586562834,1,3.0525169943745385,1,0.0,0,0.0380613091567897,1,0.1065716656390113,1,0.0304490473254318,1,0.7307771358103633,1,1.1799005838604826,1,1.1951251075231986,1,0.4034498770619714,1,131367,3,19828,0.1509359275921654,73094,0.5564106663012781,38445,0.2926534061065564,0.0453005701584111,0.1413368654228231,0.1209892895476032,1,0,0,0,0,1,2,0,0,0,0,0,0,Insurance,518,323,310,1151,BBB
AIHS,0.0381457892556985,0.208944181445986,0.7529100328683853,0.0272380584081553,0.173892448876426,6.0,0.0,52.75,0.1355943633895367,0.2085082420473918,0.655897393990308,0.2145245027106899,0.3205902850285637,100,0.399999980000001,56.19,0.1446595794055611,0.2439436497772112,0.6113967766426504,0.2407860210512158,0.3495021349630816,100,0.4166666493055562,54.21,0.0,0,0.0448182619478016,1,0.0,0,0.0,0,1.5686391681730585,1,2.016821787651075,1,0.0,0,0.0,0,0.1195153651941377,1,0.6125162466199561,1,0.3884249368809477,1,0.9113046596053004,1,1.688154533367196,1,0.5228797227243528,1,66937,3,18540,0.2769768588374143,33282,0.4972137980489116,15115,0.225809343113674,0.0047806146077655,0.1305406576332969,0.0842732718825163,0,0,0,0,0,1,5,0,0,0,0,0,0,Financial Services,220,203,200,623,B
AIKI,0.011008589528501,0.822176456451416,0.166814923286438,0.0,0.0,1.0,0.0,11.94,0.2138215603439935,0.1261082698391484,0.6600701747728246,0.2738708671051673,0.2343552019626649,42,1.999999500000125,64.29,0.179513674436344,0.1353686015914987,0.6851177135551417,0.2604660519260645,0.2335897010604027,27,1.333332888889037,62.48,0.0,0,0.0,0,0.0,0,0.0,0,0.255591054313099,1,3.0670926517571884,1,0.0,0,0.1277955271565495,1,0.1916932907348242,1,0.0,0,0.8945686900958467,1,0.5750798722044729,1,0.5111821086261981,1,0.5111821086261981,1,15650,3,7138,0.4561022364217252,5360,0.3424920127795527,3152,0.201405750798722,0.0012779552715654,0.1206389776357827,0.069776357827476,0,0,0,0,0,0,0,0,0,0,0,0,0,Biotechnology,200,235,205,640,B
AIMC,0.0962245897611691,0.2888434959930323,0.6149319107866004,0.1852152831252681,0.3699354513512545,42.0,0.1666666527777789,49.59,0.2638521012226024,0.2670265820463063,0.4691213202115494,0.3200503141557252,0.3726509079334016,97,0.9199999632000014,56.88,0.081383390941334,0.3033407946896492,0.6152758198048995,0.1610978810769906,0.3748372566914432,49,0.1999999866666675,48.13,0.106318885778077,1,0.6024736860757699,1,0.106318885778077,1,0.1417585143707694,1,0.9923096005953858,1,3.4730836020838503,1,0.0,0,0.0354396285926923,1,0.0708792571853847,1,0.3189566573342311,1,0.4961548002976929,1,0.8505510862246164,1,1.3112662579296168,1,0.2126377715561541,1,28217,3,8466,0.3000318956657334,11192,0.3966403232094128,8559,0.3033277811248538,0.0553212602331927,0.1208491335010809,0.0573058794343835,1,0,0,0,0,1,2,0,0,0,0,0,0,Machinery,525,315,305,1145,BBB
AIP,0.0209619682282209,0.0614925678819417,0.9175454676151276,0.0010902769863605,0.0169050563126802,2.0,0.0,61.74,0.2053572129365056,0.3021644857851788,0.4924782956950366,0.284638822208576,0.3578400615710418,100,0.6129032060353804,52.55,0.0812153159446704,0.3500603716383921,0.5687243115583746,0.1422530438902111,0.3692272207760289,96,0.1176470553633219,45.09,0.0,0,0.0209894423105178,1,0.0,0,0.0,0,0.4617677308313918,1,2.350817538777995,1,0.0,0,0.0209894423105178,1,0.4197888462103561,1,0.1469260961736246,1,0.7766093654891589,1,1.1334298847679616,1,2.224880884914888,1,0.2518733077262137,1,47643,3,12395,0.2601641374388682,25394,0.5330058980332892,9854,0.2068299645278425,0.0046176773083139,0.1129441890728963,0.1065424091681884,1,0,0,0,0,1,2,0,0,0,0,0,0,Technology,500,286,300,1086,BBB
AIRG,0.1485311226919293,0.3674935845192522,0.483975300565362,0.2540424147967326,0.3793454155279928,10.0,0.2499999375000156,46.31,0.2489985036845137,0.2642773929197196,0.4867241026035377,0.3288593887070855,0.3709952070201041,77,0.9473683711911384,56.54,0.1479574589400875,0.3013945190064913,0.5506480257121884,0.2453841272987789,0.3686531205708694,49,0.4285713979591858,50.59,0.0,0,0.2119670542635658,1,0.0,0,0.0605620155038759,1,0.3028100775193798,1,1.907703488372093,1,0.0,0,0.0302810077519379,1,0.3936531007751938,1,0.1514050387596899,1,0.8175872093023256,1,1.180959302325581,1,1.2112403100775193,1,0.1514050387596899,1,33024,3,9253,0.2801901647286822,17141,0.519046753875969,6630,0.2007630813953488,0.0102955426356589,0.0822129360465116,0.0513868701550387,1,0,0,0,0,1,3,0,0,0,0,0,0,Electrical Equipment,500,300,330,1130,BBB
AIRS,0.0254479047531882,0.47298289462924,0.5015692085855536,0.0094860783114259,0.2859890213266817,9.0,0.0,35.15,0.1479125639004632,0.3313713964866474,0.5207160349190235,0.2456804109931218,0.3383560921739612,100,0.4062499873046879,48.64,0.1288641927357035,0.3150902393156256,0.5560455672956747,0.2464536158298922,0.3436787331588561,87,0.3571428443877555,49.03,0.0,0,0.0,0,0.0,0,0.0487709715177526,1,0.5120952009364027,1,3.5602809207959423,1,0.0243854857588763,1,0.0243854857588763,1,0.5608661724541553,1,0.1706984003121342,1,0.7559500585251658,1,1.194888802184939,1,2.3410066328521264,1,0.6096371439719079,1,41008,3,8412,0.2051307062036675,25231,0.6152701911822084,7365,0.179599102614124,0.0121683573936792,0.1366806476785017,0.1102223956301209,1,0,0,0,0,1,2,0,0,0,0,0,0,Health Care,210,201,205,616,B
AIRT,0.169028772196422,0.1943138848679761,0.6366573479026556,0.2926066272408619,0.3387908413525599,6.0,0.999999000001,58.29,0.05010585071201,0.418462830709248,0.5314313161936475,0.0529618421430001,0.3917333703310463,41,0.0,39.55,0.074396906627549,0.1841597438582943,0.741443338079585,0.1555026072674636,0.2814659058742843,36,0.1428571224489825,55.63,0.1058481079650701,1,0.0,0,0.052924053982535,1,0.0,0,0.7409367557554908,1,1.7464937814236572,1,0.0,0,0.052924053982535,1,0.052924053982535,1,0.0,0,1.2172532415983064,1,0.7409367557554908,1,0.9526329716856312,1,0.1587721619476051,1,18895,3,3630,0.1921143159566022,10098,0.5344270971156391,5167,0.2734585869277586,0.0093146335009261,0.1084413866102143,0.0782746758401693,1,0,0,0,0,0,0,0,0,0,0,0,0,Logistics and Transportation,234,210,325,769,BB
AIZ,0.1120563419856901,0.4811651072111623,0.4067785427745046,0.220468211461066,0.4014290792974532,29.0,0.2142856989795929,37.65,0.3213776654750109,0.2174753171298653,0.4611470123752951,0.3404134695008096,0.3513291624892946,100,1.33333327777778,62.11,0.1309123525302857,0.1762337349820882,0.6928539137355983,0.2149131038095335,0.3164231538042449,100,0.4444444197530878,58.13,0.0232142442602781,1,0.0696427327808343,1,0.2553566868630592,1,0.0,0,1.7874968080414142,1,4.758920073357012,1,0.0,0,0.0,0,0.0928569770411124,1,0.0232142442602781,1,0.8124985491097337,1,1.71785407526058,1,0.9517840146714024,1,0.441070640945284,1,43077,3,11906,0.2763887921628711,17127,0.3975903614457831,14044,0.3260208463913457,0.028553520440142,0.1652854191331801,0.1127515843721707,1,0,0,0,0,1,1,0,0,0,0,0,0,Insurance,438,316,300,1054,BBB
AJG,0.1136128826718777,0.3958558496832847,0.4905312702804804,0.2235287217005743,0.3829320615238033,100.0,0.186046507301244,43.25,0.1300693558529019,0.4204774216003716,0.4494532173499465,0.2335225229650253,0.4165563405608398,100,0.2608695595463139,42.22,0.1098507939279079,0.3207796196872368,0.5693695786967874,0.2140204746578246,0.389718579009696,100,0.2727272644628102,47.99,0.5159040774211912,1,0.5870632605137692,1,0.4625346901017576,1,0.0,0,0.5514836689674802,1,4.109442823596385,1,0.0,0,0.035579591546289,1,0.1245285704120116,1,0.2846367323703124,1,1.191916316800683,1,0.676012239379492,1,2.0636163096847646,1,0.373585711236035,1,56212,3,3426,0.0609478403187931,14477,0.2575428734078133,38309,0.6815092862733936,0.0684017647477406,0.1295630826158115,0.1281221091581868,1,0,0,0,0,1,3,0,0,0,0,0,0,Insurance,530,344,310,1184,BBB
AKAM,0.1524270380614325,0.4920451787183992,0.3555277790874243,0.2684896531835919,0.4078529738847676,8.0,0.2499999375000156,38.35,0.2015165544394403,0.2947297832276672,0.5037536619603634,0.2658361067829358,0.3714707790584254,100,0.5862068763376939,52.9,0.1439155769342231,0.339778853025997,0.5163055697367305,0.2349479695162218,0.3776107569892292,63,0.3809523628117922,47.95,0.0,0,0.0756744485224563,1,0.1135116727836845,1,0.0,0,1.172953952098074,1,5.44856029361686,1,0.0,0,0.1513488970449127,1,0.4540466911347383,1,0.1135116727836845,1,0.7189072609633358,1,0.8324189337470203,1,1.7026750917552689,1,0.2648605698285973,1,26429,3,4066,0.1538461538461538,10444,0.3951719701842673,11919,0.4509818759695789,0.0125619584547277,0.1748458133111355,0.1158575806878807,1,0,0,0,0,1,3,0,0,0,0,0,0,Technology,515,341,305,1161,BBB
AKBA,0.0672393322197927,0.3732937758581506,0.5594668839540746,0.1255770480672291,0.3484314335894932,18.0,0.0,43.09,0.3321365844924003,0.1440937614254653,0.523769644740969,0.3375645452795881,0.2609741406964116,100,2.6923074852071167,67.26,0.1495312423072755,0.2040752455499023,0.6463935118541122,0.2431474778275281,0.3056134285472741,100,0.8235293633218022,56.97,0.0813347575953107,1,0.0,0,0.0,0,0.0488008545571864,1,0.3199167132082224,1,5.319293146733325,1,0.0,0,0.0542231717302071,1,0.1084463434604143,1,0.0813347575953107,1,0.965172456797688,1,0.7970806244340456,1,2.1255483318241217,1,1.051929531566019,1,184423,3,34471,0.1869126952711972,74677,0.4049223795296682,75275,0.4081649251991346,0.0054114725386746,0.2093502437331569,0.0736892903813515,1,1,6,0,0,1,3,0,0,0,0,0,0,Biotechnology,200,218,215,633,B
AKRO,0.0965224994967381,0.3028344480941693,0.6006430673102537,0.1225041726156764,0.3739549005305042,6.0,0.0,48.69,0.2377876584418118,0.1298809350654483,0.6323313981480897,0.3229250646891741,0.2469394586960425,100,1.916666506944458,64.88,0.1248441979382187,0.1414483761787414,0.7337074328400195,0.2401151909842156,0.2369502476615137,100,0.8333332638888947,60.18,0.0268514043284463,1,0.0134257021642231,1,0.0,0,0.0134257021642231,1,0.3893453627624725,1,3.07448579560711,1,0.0,0,0.0268514043284463,1,0.5773051930615971,1,0.1745341281349014,1,0.5370280865689275,1,1.624509961871006,1,0.5773051930615971,1,0.4698995757478116,1,74484,3,26001,0.3490816819719671,41694,0.5597712260351216,6789,0.0911470919929112,0.0030610600934428,0.1273830621341496,0.1123597014123838,1,1,28,0,0,1,1,0,0,0,0,0,0,Biotechnology,250,246,305,801,BB
AKTS,0.0393207374339302,0.513256162405014,0.4474230955044428,0.0206038596695787,0.255630187560131,6.0,0.0,33.01,0.1026059380266815,0.2876976070459932,0.6096964539960027,0.2020657141850331,0.3642257119200764,100,0.32142855994898,49.89,0.1054534978978335,0.2986290226690471,0.5959174782596528,0.2098534546118849,0.370794659682403,100,0.2121212056932968,49.28,0.0561776712482678,1,0.0,0,0.0,0,0.0,0,2.0411220553537324,1,1.4980712332871429,1,0.0,0,0.0374517808321785,1,0.4119695891539642,1,0.4306954795700535,1,0.3183401370735179,1,3.2395790419834465,1,1.1048275345492675,1,0.1685330137448035,1,53402,3,33216,0.6219991760608217,16761,0.3138646492640725,3425,0.0641361746751058,0.003164675480319,0.0853151567357027,0.0857271263248567,1,1,15,0,0,0,0,0,0,0,0,0,0,Electrical Equipment,222,302,428,952,BBB
AKTX,0.1402704417705536,0.0090541569516062,0.8506754040718079,0.0,0.0,1.0,0.0,69.32,0.1924899319186806,0.1474953676061704,0.6600147022679448,0.269237775661871,0.2477949542154488,100,1.3333332222222316,62.15,0.0893999412772245,0.2720484587480314,0.6385516022332013,0.155510878384615,0.3314942681717676,80,0.1999999900000005,50.45,0.0,0,0.0,0,0.0,0,0.0,0,0.9364235309855856,1,3.2774823584495505,1,0.0,0,0.0,0,0.1672184876759974,1,0.2341058827463964,1,0.5016554630279924,1,1.2374168088023814,1,0.7023176482391894,1,0.1672184876759974,1,29901,3,11356,0.3797866292097254,14435,0.4827597739206046,4110,0.1374535968696699,0.0008026487408447,0.1444767733520618,0.0987926825189793,0,0,0,0,0,0,0,0,0,0,0,0,0,Pharmaceuticals,225,216,305,746,B
AKU,0.0812217155471444,0.5192686766386032,0.3995096100261435,0.2133230540872548,0.3861121132864485,16.0,0.1249999843750019,34.09,0.2359276760462671,0.2288454131642356,0.5352269124798477,0.3085849930611352,0.3424545101597205,100,0.9130434385633288,58.38,0.0822111190203577,0.3381823566742241,0.5796065340004861,0.1314954638240911,0.3411659874729688,100,0.0645161269510926,45.9,0.1101139679568353,1,0.0275284919892088,1,0.1101139679568353,1,0.1101139679568353,1,0.6882122997302208,1,7.239993393161923,1,0.0275284919892088,1,0.0275284919892088,1,0.0275284919892088,1,0.0550569839784176,1,1.789351979298574,1,1.789351979298574,1,2.532621263007212,1,0.8533832516654738,1,36326,3,68,0.0018719374552662,29141,0.8022077850575345,7117,0.1959202774871992,0.0165446236855145,0.2154655067995375,0.1056818807465727,0,0,0,0,0,1,1,0,0,0,0,0,0,Health Care,455,347,300,1102,BBB
AKUS,0.1362771721556782,0.1874752036295831,0.6762476235628128,0.2566148295611538,0.2977371625653366,10.0,0.499999750000125,57.58,0.2115781009569764,0.1010038176365196,0.6874180863797664,0.2846878250837863,0.2008486212123928,100,2.571428204081685,65.84,0.1432543245796114,0.2054737887857481,0.6512718791887164,0.2272445226948573,0.3045238202509881,100,0.4499999775000011,56.66,0.0,0,0.0781229655477721,1,0.0,0,0.0,0,0.2864508736751647,1,4.10145569125804,1,0.0,0,0.1432254368375823,1,0.1171844483216583,1,0.0651024712898101,1,0.9244550923153044,1,0.794250149735684,1,1.197885471732507,1,0.8984141037993802,1,76802,3,32969,0.4292726751907502,37970,0.4943881669748183,5863,0.0763391578344313,0.0045311320017707,0.1790578370354938,0.094645972761126,1,0,0,0,0,1,2,0,0,0,0,0,0,Biotechnology,205,221,295,721,B
AKYA,0.0218270978491221,0.4876190684735775,0.4905538138534341,0.0086590390453216,0.3497972167558495,7.0,0.0,34.07,0.2376246849168092,0.1809986922051757,0.5813766176998615,0.3134394383353214,0.2903860768108819,100,1.411764622837375,61.55,0.0524604394296674,0.3009227567327846,0.6466168049526843,0.0766020350945778,0.3501404017686711,76,0.0434782589792061,47.28,0.0,0,0.0592452159488121,1,0.0,0,0.0592452159488121,1,0.4344649169579556,1,2.3698086379524854,1,0.0,0,0.0987420265813535,1,0.3159744850603314,1,0.1777356478464364,1,0.7109425913857456,1,1.500878804036574,1,1.9550921263108003,1,0.2962260797440607,1,50637,3,10468,0.2067263068507218,31755,0.6271106108181764,8414,0.1661630823311017,0.0053123210300768,0.1343286529612734,0.0780062009992693,0,0,0,0,0,1,3,0,0,0,0,0,0,Life Sciences Tools and Services,512,303,215,1030,BBB
ALB,0.1804133342392742,0.2818052864540368,0.5377813783288002,0.2483551732907366,0.3441475599137804,100.0,0.4242424113865936,53.0,0.1467186907492578,0.3014241503411904,0.5518571549467742,0.2375945413795254,0.3362447716737432,100,0.3823529299307962,50.54,0.1209046763926744,0.2665684366365894,0.6125268853083253,0.2131789261252239,0.3503427621597115,100,0.2333333255555558,51.9,1.32140168938697,1,0.2676256586100192,1,0.418165091578155,1,0.3512586769256502,1,1.003596219787572,1,3.044241866688969,1,0.0,0,0.1505394329681358,1,0.2007192439575144,1,0.083633018315631,1,0.8697833904825625,1,0.7359705611775529,1,1.7730199882913773,1,0.3178054695993978,1,59785,3,5007,0.0837501045412729,11527,0.1928075604248557,43251,0.7234423350338713,0.1305845947980262,0.133863009115999,0.0782972317470937,1,1,12,0,0,1,3,0,0,0,0,0,0,Chemicals,545,322,315,1182,BBB
ALBO,0.0229321047663688,0.0518971867859363,0.9251707196235656,0.0,0.0,1.0,0.0,62.43,0.2775962879229336,0.144767721905373,0.5776359867304564,0.3329650629476762,0.2715150938055664,100,2.1538459881656933,65.31,0.0855894930083566,0.2630514335280782,0.6513590740538399,0.1475346484250355,0.3189536180229758,71,0.1176470519031145,50.9,0.0,0,0.0,0,0.0,0,0.0,0,0.2471006852925672,1,3.475882973115445,1,0.0,0,0.0823668950975224,1,0.1482604111755403,1,0.0988402741170268,1,1.0378228782287824,1,0.5765682656826568,1,1.0213494992092778,1,0.4612546125461254,1,60704,3,21294,0.3507841328413284,30555,0.5033440959409594,8855,0.1458717712177121,0.0004612546125461,0.1650303110173958,0.066255930416447,0,0,0,0,0,1,3,0,0,0,0,0,0,Biotechnology,500,300,310,1110,BBB
ALCO,0.0907697224308951,0.3372137478122917,0.5720165243658882,0.167590974855472,0.3842378962043133,52.0,0.1578947285318563,46.26,0.1818099005068553,0.3060603925532245,0.5121297058946592,0.2698183977007864,0.3749524983358669,94,0.4666666511111116,51.47,0.1175411504892898,0.2565774587980871,0.6258813940720367,0.1971731944671617,0.3756131784669617,28,0.285714244897965,52.44,0.1572945340149429,1,0.1966181675186787,1,0.4325599685410932,1,0.0393236335037357,1,0.943767204089658,1,4.79748328745576,1,0.0,0,0.0,0,0.2752654345261502,1,0.0786472670074714,1,0.5112072355485646,1,0.1966181675186787,1,0.9044435705859222,1,0.0393236335037357,1,25430,3,5564,0.2187966968147857,9233,0.3630751081399921,10633,0.4181281950452222,0.0615021627998427,0.1219819111285882,0.0396775462052693,1,0,0,0,0,1,2,0,0,0,0,0,0,Food Products,500,300,300,1100,BBB
ALDX,0.0220319338841363,0.437957817222923,0.5400102566927671,0.0116384215745516,0.4257991125421645,8.0,0.0,37.3,0.1989289397001266,0.2649364588828757,0.5361346000246704,0.2769754933667016,0.3337633347782522,100,0.7037036776406045,54.74,0.136892189986484,0.3461839745882465,0.5169238307361685,0.241121540517583,0.3656491193548716,86,0.3437499892578128,47.29,0.0,0,0.0,0,0.0,0,0.0903946630990906,1,0.4519733154954531,1,3.941207311120351,1,0.0,0,0.0361578652396362,1,0.1265525283387268,1,0.1084735957189087,1,0.9401044962305424,1,1.0847359571890876,1,1.4101567443458138,1,0.8316309005116338,1,55313,3,14191,0.256558132807839,34275,0.6196554155442663,6847,0.1237864516478947,0.0044112595592356,0.1387015710592446,0.0649756838356263,1,0,0,0,0,1,3,0,0,0,0,0,0,Biotechnology,231,261,235,727,B
ALEC,0.0227428721264004,0.2947260236367583,0.6825311101973057,0.0084222534238764,0.3574959359441514,10.0,0.0,46.64,0.263295503584668,0.0637107239523902,0.6729937735572458,0.3120608665123572,0.1783799355212209,100,4.199999160000168,70.07,0.1498482931777834,0.3676502422709018,0.4825014673732221,0.2471977214731044,0.3631803590660749,100,0.3076922998027616,46.35,0.0,0,0.0,0,0.0,0,0.0905879155720626,1,0.1962738170728025,1,3.865084397741341,1,0.0,0,0.0905879155720626,1,0.1056859015007398,1,0.0754899296433855,1,0.8152912401485642,1,0.6945073527191473,1,1.2531328320802004,1,0.5737234652897303,1,66234,3,24539,0.3704894767038077,36432,0.5500498233535647,5263,0.0794606999426276,0.005797626596612,0.2035359483044961,0.0648005556058821,1,0,0,0,0,1,2,0,0,0,0,0,0,Biotechnology,240,277,300,817,BB
ALGM,0.3701167493550615,0.1080242954363877,0.5218589553101496,0.3461293540352709,0.2331020669862128,55.0,4.799999040000192,70.93,0.2764002744946628,0.2348081450909376,0.488791580107063,0.3236548229586869,0.3439704086946495,100,0.9999999615384628,59.41,0.1460531845941771,0.2284982398980193,0.6254485748294327,0.2581291916995399,0.33392013961376,81,0.399999980000001,55.26,0.3699060849550975,1,0.2877047327428536,1,0.0205503380530609,1,0.0411006761061219,1,0.9042148743346828,1,3.123651384065268,1,0.0,0,0.0616510141591829,1,0.4315570991142804,1,0.4110067610612194,1,0.5343087893795853,1,0.7809128460163169,1,1.1713692690244757,1,0.2055033805306097,1,48661,3,12096,0.2485768890898255,21633,0.444565463101868,14932,0.3068576478083064,0.0609317523273257,0.1345430632333902,0.0883870039662152,1,0,0,0,0,1,2,0,0,0,0,0,0,Semiconductors,542,314,250,1106,BBB
ALGN,0.1095738084006466,0.3158791496075298,0.5745470517952191,0.1814162731839256,0.3862005264679999,19.0,0.1428571224489825,48.3,0.2511677934648469,0.1035127291968092,0.6453194835036993,0.2820430716914233,0.2531223169482229,100,2.0999997900000213,67.06,0.1147990767164407,0.2140252091040885,0.6711757257329048,0.2157479786111598,0.3291000739001829,74,0.3124999804687512,55.11,0.3227510122645385,1,0.029341001114958,1,0.058682002229916,1,0.029341001114958,1,0.733525027873951,1,7.100522269819846,1,0.0,0,0.2640690100346224,1,0.1173640044598321,1,0.1467050055747902,1,0.8802300334487413,1,1.1149580423684056,1,1.3203450501731118,1,0.2640690100346224,1,34082,3,9703,0.2846957338184379,18107,0.5312775071885453,6272,0.1840267589930168,0.0239422569098057,0.2310310427791796,0.096473211665982,1,0,0,0,0,1,3,0,0,0,0,0,0,Health Care,235,285,255,775,BB
ALGS,0.0213663367321714,0.5170232439413667,0.4616104364395141,0.0099940714199666,0.3966120289235308,8.0,0.0,32.14,0.2942474306654185,0.1101845065085217,0.5955680646561086,0.3011044000985263,0.234937464545395,100,3.1111107654321373,68.14,0.0991043749451637,0.3391655620047822,0.5617300687357784,0.1879765426345036,0.3497448961197116,100,0.1714285665306124,46.42,0.0,0,0.0,0,0.0133910039235641,1,0.0401730117706924,1,0.3079930902419754,1,3.682526078980141,1,0.0,0,0.0669550196178207,1,0.2008650588534622,1,0.1740830510063339,1,0.6293771844075151,1,0.9641522824966188,1,1.4864014355156203,1,0.5356401569425661,1,74677,3,23165,0.3102026058893635,44667,0.5981359722538399,6845,0.0916614218567966,0.0032807959612732,0.1850904562315036,0.0590945003146885,0,0,0,0,0,1,4,0,0,0,0,0,0,Biotechnology,210,222,235,667,B
ALGT,0.2487201770501477,0.1483091055581878,0.6029707126851592,0.2642764573558283,0.277317239235859,28.0,1.4999996250000938,64.07,0.2357387338468635,0.295382469836058,0.4688787948565953,0.3162496825338321,0.3669771838433117,66,0.6499999675000016,54.05,0.1657446456882051,0.164301858880581,0.6699534934014082,0.2638640628580014,0.2958161787913649,39,1.1666664722222546,60.12,1.312870659604328,1,0.0452714020553216,1,0.1358142061659649,1,0.0,0,0.6790710308298248,1,3.395355154149124,1,0.0,0,0.2716284123319299,1,0.2716284123319299,1,0.1810856082212866,1,0.4074426184978948,1,0.4527140205532165,1,0.4979854226085382,1,0.0452714020553216,1,22089,3,9748,0.4413056272352755,6906,0.3126443025940513,5435,0.2460500701706731,0.0457241160758748,0.139481189732446,0.0814432522975236,1,0,0,0,0,0,0,0,0,0,0,0,0,Airlines,287,208,248,743,B
ALIM,0.2161122541874647,0.03887834623456,0.7450093820691108,0.3137822718952199,0.0313102565647926,5.0,1000000.0,70.04,0.1799817394092679,0.2922531073400751,0.5277651547454297,0.2495349550643632,0.3549996431894132,100,0.5714285510204089,52.3,0.0606322990937365,0.3124383786279294,0.6269293302877081,0.0875250820628804,0.3541919410687019,45,0.0714285663265309,46.81,0.0,0,0.0795777076315021,1,0.0,0,0.0,0,0.5039921483328471,1,2.3077535213135625,1,0.0,0,0.0,0,0.2122072203506724,1,0.1061036101753362,1,0.4244144407013449,1,0.5305180508766811,1,1.0875620042971963,1,0.2122072203506724,1,37699,3,10297,0.2731372184938592,18240,0.4838324623995331,9162,0.2430303191066076,0.0052521287036791,0.1303748110029443,0.0526273906469667,1,0,0,0,0,1,2,0,0,0,0,0,0,Pharmaceuticals,220,228,243,691,B
ALK,0.4179682499042859,0.0853628829293149,0.4966688709529607,0.3297997934111826,0.2145636058084889,38.0,9.499995250002376,74.08,0.2805873373616487,0.3266442146757617,0.3927684504538774,0.3334583073572346,0.3878762148909522,100,0.9354838407908438,53.59,0.1725757385493587,0.1956145924642303,0.6318096640062029,0.2816488151631124,0.3175921005372953,59,0.7272726611570308,58.33,1.2254901960784317,1,0.0907770515613652,1,0.0907770515613652,1,0.1815541031227305,1,0.5446623093681918,1,5.85511982570806,1,0.0,0,0.2269426289034132,1,0.1361655773420479,1,0.7262164124909223,1,0.5446623093681918,1,0.3177196804647785,1,0.9531590413943356,1,0.1815541031227305,1,22032,3,8696,0.3946986201888162,6222,0.2824074074074074,7114,0.3228939724037763,0.0514251997095134,0.1628086419753086,0.0948620188816267,1,0,0,0,0,0,0,0,0,0,0,0,0,Airlines,515,303,259,1077,BBB
ALKS,0.0839837709147679,0.2248065336362311,0.6912096923119143,0.1885325805722014,0.2864164360677045,19.0,0.2499999375000156,53.33,0.2404381060879677,0.0736271207034587,0.6859347777441144,0.2506179898602952,0.1673255506341738,100,3.99999920000016,68.63,0.1503402785726768,0.2793538484503241,0.5703058748560793,0.2542454742397768,0.345075936575193,85,0.4782608487712674,52.1,0.0,0,0.0223999283202293,1,0.0223999283202293,1,0.0895997132809175,1,0.4255986380843581,1,5.241583226933673,1,0.0,0,0.1567994982416056,1,0.0895997132809175,1,0.0671997849606881,1,0.537598279685505,1,1.0303967027305514,1,1.6575946956969738,1,0.4255986380843581,1,44643,3,16049,0.3594964496113612,16701,0.3741012028761508,11893,0.266402347512488,0.015433550612638,0.1902873910803485,0.0764957552135833,1,0,0,0,0,1,1,0,0,0,0,0,0,Biotechnology,415,302,333,1050,BBB
ALKT,0.2218414396047592,0.0077089602127671,0.7704495787620544,0.0,0.0,1.0,0.0,72.26,0.1692661008199871,0.3318731971919091,0.4988606920215621,0.2764368302759056,0.3641198255608863,67,0.4347825897920613,49.35,0.15880700517207,0.3036511408177037,0.537541848822282,0.2639660138448845,0.3276005633426309,78,0.4782608487712674,50.82,0.0,0,0.0272873632220918,1,0.0,0,0.0,0,0.5184599012197452,1,2.237563784211532,1,0.0,0,0.1910115425546429,1,0.3820230851092859,1,0.2455862689988266,1,0.4638851747755614,1,1.4189428875487762,1,1.6645291565476028,1,0.4638851747755614,1,36647,3,7367,0.2010260048571506,20463,0.5583813136136655,8817,0.2405926815291838,0.0035473572188719,0.0933500695827762,0.1264223538079515,0,0,0,0,0,1,1,0,0,0,0,0,0,Technology,280,305,260,845,BB
ALL,0.0889678063977044,0.2138898957928177,0.6971423003124073,0.136593789687499,0.2535970488106381,64.0,0.1666666527777789,54.21,0.2225991907529532,0.2011540677631274,0.5762467494327574,0.2937932017415657,0.3243596724766091,100,0.9523809070294804,59.72,0.161163714501154,0.1652561632624591,0.6735801260738846,0.2649123378471372,0.2965377060838237,83,0.8333332638888947,59.9,0.0,0,0.3689583077112286,1,0.1229861025704095,1,0.1024884188086746,1,2.131759111220432,1,4.8784487352929125,1,0.0,0,0.0409953675234698,1,0.1229861025704095,1,0.2049768376173492,1,0.1434837863321444,1,1.2913540769893002,1,1.6398147009387938,1,0.1844791538556143,1,48786,3,9614,0.1970647316853195,6817,0.1397327102037469,32355,0.6632025581109334,0.0715369163284548,0.1498790636658057,0.0918706186200959,1,0,0,0,0,1,7,0,0,0,0,0,0,Insurance,530,300,220,1050,BBB
ALLE,0.2200078723641733,0.2827942301907266,0.4971979026837895,0.2707775734060186,0.360381394101159,48.0,0.7142856632653098,54.32,0.2557411440880969,0.2464466729061678,0.4978121817670762,0.2653376534114688,0.380150634481267,100,0.7692307396449716,57.93,0.1326777487826932,0.1293163357352438,0.7380059235064047,0.1658256892707463,0.2520674054299927,56,0.57142848979593,61.24,0.0,0,0.0,0,0.3444267447367288,1,0.3444267447367288,1,2.4109872131571017,1,10.246695655917682,1,0.5166401171050932,1,0.5166401171050932,1,0.5596934601971842,1,0.0861066861841822,1,0.5596934601971842,1,0.7749601756576397,1,0.861066861841822,1,0.2152667154604555,1,23227,3,5912,0.2545313643604426,8991,0.3870926077409911,8324,0.3583760278985663,0.0887329401127997,0.3363327162354156,0.1134025057045679,1,0,0,0,0,1,2,0,0,0,0,0,0,Building,542,322,315,1179,BBB
ALLK,0.041280555284836,0.2474905641072175,0.7112288671461019,0.0348620428456313,0.3384940924515119,11.0,0.0,50.36,0.2460055572167039,0.1243427838850766,0.6296516581438482,0.3035432637977509,0.26567826263058,100,2.299999770000023,65.53,0.1548084840806347,0.301385183598888,0.5438063295579023,0.2587151823130788,0.3617235967907165,89,0.4444444279835396,50.83,0.0,0,0.0,0,0.0,0,0.0524163958486214,1,0.3319705070412692,1,4.787364154174092,1,0.0,0,0.1048327916972429,1,0.1397770555963238,1,0.1048327916972429,1,0.8386623335779432,1,0.4892196945871335,1,0.8910787294265646,1,0.5765803543348359,1,57234,3,23031,0.4024006709298668,27194,0.4751371562358039,7009,0.1224621728343292,0.0076527937938987,0.1563581088164377,0.0540413041199287,1,0,0,0,0,1,3,0,0,0,0,0,0,Biotechnology,200,273,300,773,BB
ALLO,0.4273180045932531,0.1272577233053743,0.4454242725670337,0.3338946507137176,0.2996165751438936,25.0,3.999998666667111,71.68,0.2055307118594646,0.1403339356416836,0.6541353526711464,0.2650127549665581,0.2582320097459652,100,1.230769136094682,63.07,0.1495914566144347,0.2817862162878737,0.5686223287507892,0.2489792553788559,0.3354101055989903,100,0.4444444279835396,51.92,0.0,0,0.2840529340997193,1,0.0,0,0.0167089961235128,1,0.6182328565699773,1,5.179788798288999,1,0.0,0,0.1002539767410774,1,0.2172169496056677,1,0.1169629728645903,1,0.7184868333110547,1,0.7351958294345676,1,1.1362117363988773,1,0.5346878759524127,1,59848,3,24117,0.4029708595107606,28546,0.4769750033417992,7185,0.1200541371474401,0.0211870070846143,0.2294646437642026,0.0927683464777436,1,0,0,0,0,1,1,0,0,0,0,0,0,Biotechnology,535,324,305,1164,BBB
ALNY,0.0768767405301332,0.2447595372796058,0.6783637136220932,0.1050177710873719,0.2414161132919273,5.0,0.0,51.78,0.3953313362970948,0.0353401468880474,0.5693285152316093,0.3162304252958087,0.096206137913479,100,21.49998925000537,76.54,0.1719640819560531,0.1979073286056518,0.6301285901649313,0.2672908065085957,0.2959666070829772,91,0.9999999375000038,58.15,0.0,0,0.0,0,0.0,0,0.0304775837371613,1,0.3352534211087745,1,4.495443601231295,1,0.0,0,0.0457163756057419,1,0.1066715430800646,1,0.1219103349486452,1,1.066715430800646,1,0.4419249641888391,1,1.4629240193837434,1,1.4629240193837434,1,65622,3,29697,0.4525464021212398,31878,0.4857822071866142,4047,0.0616713906921459,0.0034744445460363,0.2393709426716649,0.0747767516991252,0,0,0,0,0,1,1,0,0,0,0,0,0,Biotechnology,331,346,325,1002,BBB
AMD,0.2127084336393783,0.1759998181294049,0.6112917543899629,0.2777998845015872,0.2536859973364043,31.0,1.333332888889037,61.0,0.2248832450830377,0.3290617149497848,0.4460550354328007,0.3021893372820384,0.3975921222388567,80,0.4482758466111777,51.48,0.1213524809149517,0.3075164769966663,0.5711310424587943,0.1889257769235686,0.3684800154547901,44,0.2142856989795929,49.26,0.0,0,0.1018191691555796,1,0.0339397230518598,1,0.1357588922074395,1,0.5769752918816182,1,2.816997013304372,1,0.1357588922074395,1,0.0,0,0.2375780613630193,1,0.4751561227260386,1,0.4751561227260386,1,0.5430355688297583,1,0.8824327993483573,1,0.0,0,29464,3,8055,0.2733844691827314,16781,0.569542492533261,4628,0.1570730382840076,0.042865870214499,0.1097950040727667,0.0705267445017648,1,0,0,0,0,1,1,0,0,0,0,0,0,Semiconductors,200,208,200,608,B
AME,0.2499842994535962,0.0767423489907135,0.6732733550171057,0.3051860938487867,0.1157185599443466,30.0,7000000.0,68.76,0.2524947631236625,0.2708465218135755,0.4766587154454972,0.2982595493188112,0.367133442628899,73,0.8095237709750585,56.23,0.2567771878359573,0.1911702256117548,0.5520525895059109,0.310467702706024,0.3108056413216692,35,1.3333331111111482,61.56,0.3253725515715494,1,0.1301490206286197,1,0.1301490206286197,1,0.2602980412572395,1,1.3665647166005075,1,5.59640788703065,1,0.0,0,0.1952235309429296,1,0.1952235309429296,1,0.1952235309429296,1,1.0411921650289582,1,0.6507451031430989,1,1.0411921650289582,1,0.3253725515715494,1,15367,3,4962,0.3228997201796056,4721,0.307216763193857,5684,0.3698835166265374,0.0780243378668575,0.1702999934925489,0.0773085182534001,1,0,0,0,0,1,1,0,0,0,0,0,0,Electrical Equipment,540,329,270,1139,BBB
AMGN,0.2413018679039346,0.3250131464252869,0.4336849740809864,0.2842609861665244,0.3619373486758001,18.0,0.6666665555555741,52.32,0.2502744066528976,0.1181756074680015,0.6315499885380268,0.2838739656076132,0.2435886524595091,100,1.909090735537206,66.08,0.1557141561992466,0.0952103363350033,0.7490755113586783,0.2203330690051302,0.2211738027236615,100,1.6249997968750256,64.26,0.1256249842968769,1,0.0502499937187507,1,0.1004999874375015,1,0.0251249968593753,1,0.9421873822265772,1,5.012436873445391,1,0.0,0,0.1256249842968769,1,0.1507499811562523,1,0.1507499811562523,1,0.3768749528906309,1,0.5527499309062586,1,1.532624808421899,1,0.4271249466093816,1,79602,3,929,0.0116705610411798,32392,0.4069244491344438,46281,0.5814049898243763,0.0130273108715861,0.2105851611768548,0.0666440541694932,1,0,0,0,0,0,0,0,0,0,0,0,0,Biotechnology,575,312,328,1215,A
AMP,0.1273251706113418,0.272090504070123,0.6005843309064706,0.1949418980859929,0.3199410198988442,15.0,0.2499999375000156,51.77,0.1785124358170295,0.306240136950447,0.5152474228012306,0.2767159272876684,0.3816064211935554,93,0.4999999833333339,51.34,0.1404985999851896,0.2084514295616955,0.6510499769396949,0.214406822498376,0.3162941464288747,57,0.3636363305785154,56.37,0.0,0,0.0812975082313727,1,0.2438925246941181,1,0.0,0,1.056867607007845,1,4.390065444494127,1,0.0,0,0.121946262347059,1,0.0,0,0.0812975082313727,1,0.8942725905450998,1,0.9755700987764724,1,1.0975163611235317,1,0.4064875411568635,1,24601,3,11660,0.4739644729889029,12169,0.4946546888337872,772,0.0313808381773098,0.0283321816186333,0.1813340921100768,0.1130848339498394,1,0,0,0,0,0,0,0,0,0,0,0,0,Financial Services,396,308,267,971,BBB
AMT,0.1343973529814132,0.3285877448185507,0.5370148857092035,0.2648416738467323,0.3432188311127914,29.0,0.4444443950617339,48.35,0.1816819082216724,0.2472594863316719,0.5710586030846057,0.2434019490559729,0.3645652277539942,69,0.7222221820987677,55.29,0.1234933800865397,0.1620926590917935,0.7144139687595672,0.2178681397745823,0.2775732409250726,43,0.6666665555555741,58.79,0.2807017543859649,1,0.1122807017543859,1,0.1964912280701754,1,0.0842105263157894,1,1.0105263157894735,1,2.0210526315789474,1,0.0280701754385964,1,0.1122807017543859,1,0.2245614035087719,1,0.0561403508771929,1,0.6175438596491228,1,0.5052631578947369,1,1.263157894736842,1,0.1122807017543859,1,35625,3,7678,0.2155228070175438,8905,0.2499649122807017,19042,0.5345122807017544,0.0367157894736842,0.0850245614035087,0.0652631578947368,1,0,0,0,0,1,2,0,0,0,0,0,0,Real Estate,530,333,305,1168,BBB
AMZN,0.0388792036101222,0.4537188357207924,0.507401954382658,0.0324911457130906,0.3781028043566618,8.0,0.0,36.87,0.1849085953815475,0.3389671213783162,0.4761242884737642,0.2870183771277091,0.3901820886608181,46,0.4374999726562517,49.44,0.0806791476497892,0.1750827375653898,0.7442381074652076,0.1743100209810069,0.2940595255954485,32,0.4999998750000312,56.44,0.0,0,0.0,0,0.2442598925256472,1,0.0610649731314118,1,0.8549096238397655,1,2.808988764044944,1,0.0,0,0.0,0,0.0610649731314118,1,0.6106497313141181,1,0.1831949193942354,1,0.7938446507083536,1,1.0991695163654127,1,1.038104543234001,1,16376,3,1717,0.104848558866634,7567,0.4620786516853932,7092,0.4330727894479726,0.033219345383488,0.1581582804103566,0.0644846116267708,0,0,0,0,0,0,0,0,0,0,0,0,0,Retail,668,305,460,1433,A
ANET,0.0390640944242477,0.3767828891674677,0.5841530167187253,0.0300491505715367,0.2869229817040022,6.0,0.0,41.88,0.1493492497503757,0.4675627843011171,0.3830879600159824,0.2510476840834272,0.4079738432939879,100,0.2653061170345691,39.84,0.190630428854148,0.3024902328544733,0.5068793261081589,0.3013774862443229,0.3313716259994567,49,0.5714285306122479,52.01,0.0,0,0.0,0,0.0256075388594402,1,0.0768226165783206,1,0.4097206217510435,1,2.0486031087552177,1,0.0,0,0.1024301554377608,1,0.3841130828916033,1,0.1792527720160815,1,0.4865432383293641,1,0.2560753885944022,1,1.638882487004174,1,0.3328980051727228,1,39051,3,7080,0.1813013751248367,25152,0.6440808173926404,6819,0.1746178074825228,0.0095260044557117,0.1165911244270313,0.0536734014493867,0,0,0,0,0,1,1,0,0,0,0,0,0,Communications,444,310,295,1049,BBB
ANSS,0.2938514047612746,0.1829414966826637,0.523207101970911,0.3313577582064449,0.3307621923691539,15.0,1.666666111111296,63.39,0.3584943793900311,0.0287241638079285,0.6127814591675996,0.3073843730100256,0.0967280904144327,100,37.999962000038,75.68,0.1764087448762336,0.2627625906525153,0.5608286660059657,0.2769456335189806,0.3427678620713164,71,0.6111110771604957,54.09,0.0,0,0.2172496198131653,1,0.0620713199466186,1,0.0,0,1.5207473386921573,1,7.138201793861146,1,0.0,0,0.093106979919928,1,0.1551782998665466,1,0.3103565997330933,1,0.5896775394928773,1,0.651748859439496,1,0.9931411191458984,1,0.186213959839856,1,32221,3,7238,0.2246361068868129,16526,0.51289531671891,8457,0.262468576394277,0.0215697836814499,0.2010800409670711,0.1020762856522144,1,0,0,0,0,1,4,0,0,0,0,0,0,Technology,580,337,285,1202,A
AON,0.0277250630950385,0.5920733574100516,0.3802016001533378,0.0200266522812531,0.3775409182558685,11.0,0.0,27.49,0.2061809049437529,0.2635305984234758,0.5302884936032967,0.3061916386444909,0.3546839805045501,87,0.6956521436672981,55.09,0.1430576395068783,0.2802768326131627,0.5766655304469168,0.2513283372321424,0.3676904657569467,80,0.4545454338842984,51.79,0.0710075978129659,1,0.0,0,0.2130227934388979,1,0.0,0,0.7455797770361429,1,3.90541787971313,1,0.0,0,0.0710075978129659,1,0.1065113967194489,1,0.1775189945324149,1,0.8520911737555918,1,1.0296101682880068,1,1.4201519562593197,1,0.0710075978129659,1,28166,3,3575,0.1269260810906767,12546,0.4454306610807356,12045,0.4276432578285876,0.0277639707448697,0.1661222750834339,0.1329262231058723,0,0,0,0,0,1,1,0,0,0,0,0,0,Insurance,485,304,288,1077,BBB
AOS,0.2449113724660128,0.1167338739382103,0.6383547612465919,0.3445552039621943,0.2646592601940726,100.0,2.299999770000023,65.98,0.1262609144672751,0.1787768522836268,0.6949622331187129,0.2441653212504026,0.2839847020106307,100,0.6249999609375024,57.8,0.0950453755632042,0.0875387876480817,0.8174158374778926,0.1642983128809672,0.1881015969218595,100,0.6666665555555741,62.64,0.1626174911373467,1,0.2276644875922854,1,0.0162617491137346,1,0.0162617491137346,1,1.593651413145998,1,3.805249292613914,1,0.0,0,0.0,0,0.650469964549387,1,0.9269196994828764,1,0.3089732331609587,1,4.276840016912218,1,3.1222558298370573,1,0.1138322437961427,1,61494,3,59330,0.9648095749178782,2145,0.0348814518489608,19,0.0003089732331609,0.0841870751618044,0.1072462354050801,0.1701629427261196,1,1,5,0,0,1,3,0,0,0,0,0,0,Building,510,315,310,1135,BBB
APD,0.2785645335632032,0.2300403740652518,0.491395090004965,0.3296663829633351,0.35814659189243,73.0,1.0588234671280312,59.8,0.2002948930114507,0.2216082513704896,0.5780968501791358,0.2743667772576765,0.3370725063886562,75,0.7499999531250029,57.61,0.1517646716431129,0.2197584286765303,0.628476896821413,0.2543249441741972,0.3088587509851137,43,0.5555554938271674,56.03,2.619047619047619,1,0.0952380952380952,1,0.0952380952380952,1,0.0952380952380952,1,2.523809523809524,1,2.8095238095238093,1,0.0,0,0.0,0,0.3333333333333333,1,0.0476190476190476,1,0.4285714285714285,1,1.6666666666666667,1,1.5714285714285714,1,0.238095238095238,1,21000,3,3664,0.1744761904761904,4813,0.2291904761904762,12523,0.5963333333333334,0.1558095238095238,0.1823809523809524,0.0896666666666666,1,0,0,0,0,1,1,0,0,0,0,0,0,Chemicals,700,442,300,1442,A
APH,0.1993916671967408,0.1398092297165364,0.6607991047508892,0.2758512622399769,0.2434391570948006,61.0,1.2499998437500195,62.89,0.2406544018071144,0.2476088347611948,0.5117367595247925,0.2880883719475457,0.362229292942259,100,0.7692307396449716,57.33,0.1676462256264957,0.1657691512267444,0.666584623025053,0.2419011944519518,0.2948900091819628,88,0.5294117335640156,60.09,0.4065591543569589,1,0.0,0,0.5420788724759452,1,0.1129330984324886,1,0.7679450693409224,1,4.065591543569589,1,0.0903464787459908,1,0.2258661968649772,1,0.1806929574919817,1,0.0,0,0.5872521118489408,1,0.6098387315354383,1,2.145728870217283,1,0.316212675610968,1,44274,3,1412,0.0318923069973347,12883,0.2909834214211501,29979,0.6771242715815151,0.063536161178118,0.172629534263902,0.0828477210100736,0,0,0,0,0,1,2,0,0,0,0,0,0,Electrical Equipment,512,303,475,1290,A
APTV,0.3590097655914724,0.1037179565615952,0.5372722830623389,0.3263612503772237,0.2117967161240084,100.0,5.124999359375081,70.82,0.2175927930418402,0.3180179367447271,0.4643892768956721,0.2857499530778313,0.3992323226098384,100,0.7096773964620194,51.94,0.1163275648746639,0.186738456254825,0.696933979485184,0.2089577334311858,0.3143425372387206,100,0.4117646816609011,56.93,1.2495983433896247,1,0.7676104109393409,1,0.3213252883001892,1,0.3927309079224535,1,1.1246385090506623,1,5.123353207897461,1,0.0,0,0.0,0,0.267771073583491,1,0.1606626441500946,1,0.4462851226391517,1,0.553393552072548,1,0.9639758649005676,1,0.2142168588667928,1,56018,3,7526,0.1343496733192902,10979,0.1959905744582098,37513,0.6696597522225,0.1223892320325609,0.2359598700417723,0.0782248562961905,1,0,0,0,0,1,3,0,0,0,0,0,0,Auto Components,555,339,310,1204,A
ARE,0.1452246735244989,0.2892273975722492,0.5655479349941015,0.2290414323481396,0.3314177925997477,100.0,0.5384615177514801,51.28,0.1682089340966195,0.3584847691096365,0.4733062911219894,0.2453947351301782,0.3881398410465986,100,0.4166666550925929,47.59,0.1470419349800795,0.2533581895986572,0.5995998740196228,0.2228940921485863,0.3143318237691009,100,0.3999999840000006,53.68,1.1016613052483146,1,0.2291455514916494,1,0.58167716917111,1,0.1498259375137707,1,1.1897942096681795,1,2.749746617899793,1,0.0,0,0.1850790992817168,1,0.2996518750275415,1,0.1586392279557573,1,0.3701581985634336,1,0.3525316176794606,1,0.4671043934252853,1,0.2820252941435685,1,113465,3,460,0.0040541136033137,41005,0.3613889745736571,72000,0.6345569118230291,0.0833913541620764,0.1418587229542149,0.064680738553739,0,0,0,0,0,1,2,0,0,0,0,0,0,Real Estate,600,337,345,1282,A
ATO,0.1311454809167319,0.2831297316071059,0.5857247865448395,0.2076461757005056,0.3764245343721444,45.0,0.2307692130177528,51.19,0.2924094263750773,0.1455620932034575,0.5620284771403441,0.3316486185311521,0.2740265575236407,65,2.333333074074103,65.77,0.1806439932967935,0.1196830409268538,0.6996729760652497,0.2658649815908371,0.2250674085595648,21,1.499999250000375,63.54,0.6444960041247745,1,0.0,0,0.580046403712297,1,0.0644496004124774,1,2.384635215261665,1,6.509409641660222,1,0.0,0,0.0644496004124774,1,0.3866976024748647,1,0.2577984016499098,1,0.3866976024748647,1,0.2577984016499098,1,0.6444960041247745,1,0.0,0,15516,3,4604,0.2967259602990461,4037,0.2601830368651714,6875,0.4430910028357824,0.138373292085589,0.2025006444960041,0.0638051044083526,1,0,0,0,0,1,2,0,0,0,0,0,0,Utilities,572,368,315,1255,A
ATVI,0.3112290209392085,0.18058144999668,0.5081895492039621,0.3614473658411321,0.2804310132592556,8.0,1.999998000002,64.16,0.2327983969735214,0.2853492158368074,0.481852389095972,0.3022584906953993,0.3694936237189433,96,0.6785714043367356,54.6,0.144697125426804,0.1967976551270112,0.6585052174826463,0.2371954894573321,0.2681951372058355,60,0.6666666111111158,57.27,0.11648223645894,1,0.029120559114735,1,0.17472335468841,1,0.029120559114735,1,0.844496214327315,1,3.9021549213744895,1,0.0,0,0.087361677344205,1,0.436808386721025,1,0.320326150262085,1,0.3785672684915551,1,0.611531741409435,1,1.1648223645894002,1,0.5532906231799651,1,34340,3,6853,0.1995631916132789,14918,0.4344205008736168,12569,0.3660163075131042,0.0094933022714036,0.1451077460687245,0.0897495631916132,1,0,0,0,0,0,0,0,0,0,0,0,0,Media,280,347,330,957,BBB
AVB,0.077887389731283,0.1336219920000682,0.7884906233909229,0.1239808067490032,0.2061838169835875,24.0,0.999999000001,59.04,0.1720222905441595,0.1627718115209095,0.6652058935805893,0.2596055265141151,0.2772814557452326,57,0.9999998750000156,60.44,0.1054951529667684,0.2275843491326227,0.6669204997068102,0.1991349672545624,0.2717194037317334,33,0.4285713673469475,53.9,0.1258336479174531,1,0.0419445493058177,1,0.1258336479174531,1,0.0419445493058177,1,1.2583364791745313,1,0.6711127888930833,1,0.0,0,2.0552829159850674,1,0.3775009437523594,1,0.0838890986116354,1,0.6711127888930833,1,0.2936118451407239,1,0.880835535422172,1,0.0838890986116354,1,23841,3,4414,0.1851432406358793,8137,0.3413027977014387,11290,0.4735539616626819,0.0583868126336982,0.138962291850174,0.0828404848789899,1,0,0,0,0,0,0,0,0,0,0,0,0,Real Estate,500,300,298,1098,BBB
AVGO,0.0646147683851028,0.3323938909329866,0.6029913299962094,0.0732047717702222,0.3342492892054416,19.0,0.0,45.66,0.1521301414582064,0.3588237838241561,0.4890460772546886,0.2395915706028996,0.3824081559055605,87,0.2571428497959186,47.0,0.0848443896393291,0.3452832360126194,0.5698723745008465,0.1459595058192398,0.3460887325768507,64,0.142857136054422,45.53,0.0,0,0.1291197262661803,1,0.0968397946996352,1,0.0968397946996352,1,0.7101584944639917,1,3.195713225087963,1,0.0,0,0.0,0,0.1613996578327254,1,1.0006778785628976,1,0.6778785628974466,1,0.6133186997643566,1,1.4203169889279834,1,0.2582394525323606,1,30979,3,7068,0.2281545563123406,14948,0.4825204170567158,8963,0.2893250266309435,0.0360566835598308,0.1293779657187126,0.0873817747506375,1,0,0,0,0,1,1,0,0,0,0,0,0,Semiconductors,210,212,200,622,B
AVY,0.2223726082089785,0.3100925666607312,0.4675348376402178,0.2980888231742254,0.378271855559867,37.0,0.615384568047341,52.63,0.2163268454424623,0.3462209419036905,0.4374522163429194,0.2875686857210376,0.405283910419685,90,0.5454545289256204,50.07,0.0940037606008074,0.3251221282407641,0.580874115228653,0.1399644507427706,0.4045884438619481,27,0.099999990000001,47.16,1.1505143475906876,1,0.0676773145641581,1,0.2707092582566324,1,0.6090958310774228,1,0.5414185165132648,1,7.1061180292366,1,0.0,0,0.0,0,0.1353546291283162,1,0.5414185165132648,1,0.8798050893340552,1,0.744450460205739,1,1.0151597184623715,1,0.3383865728207904,1,14776,3,3274,0.2215755278830536,11459,0.7755143475906876,43,0.0029101245262587,0.0822956145100162,0.2116269626421223,0.065511640498105,1,0,0,0,0,1,1,0,0,0,0,0,0,Packaging,535,347,325,1207,A
AWK,0.2220589813776314,0.0790172724192962,0.698923752065748,0.2801190068406992,0.1959487007684832,100.0,2.85714244897965,67.64,0.3263546258769929,0.0526735308300703,0.6209718457330018,0.2917449321489494,0.1260041827398276,100,9.999996666667776,73.0,0.1593343084301761,0.1531182674531157,0.6875474223434322,0.2577895410245237,0.2679568415164688,99,0.9285713622449028,60.62,0.2937454808387563,1,0.0451916124367317,1,0.0225958062183658,1,3.2537960954446854,1,2.169197396963124,1,6.756146059291396,1,0.0,0,0.1807664497469269,1,0.2485538684020246,1,0.1581706435285611,1,0.881236442516269,1,0.7908532176428055,1,1.4913232104121474,1,0.0903832248734634,1,44256,3,15022,0.3394342010122921,13547,0.3061053868402024,15687,0.3544604121475054,0.3289497469269704,0.2064126898047722,0.1185150036153289,1,0,0,0,0,1,2,0,0,0,0,0,0,Utilities,653,395,300,1348,A
AXP,0.1702791582016895,0.1785875722028625,0.6511332563435038,0.2595325811044972,0.2845526450834957,24.0,0.7499998125000469,59.35,0.2627629728172905,0.1536913528398145,0.5835456743836402,0.3017389008540456,0.2642362088482467,80,2.1111108765432363,64.21,0.1161549275554716,0.2765213546622544,0.6073237152025104,0.1994561043868173,0.3344788877706262,100,0.2222222139917698,51.09,0.083736314346124,1,0.062802235759593,1,0.2721430216249031,1,0.0,0,1.0257698507400197,1,1.528187736816764,1,0.0,0,0.083736314346124,1,0.1884067072787791,1,0.4814838074902133,1,1.8003307584416672,1,1.0048357721534886,1,1.86313299420126,1,0.8373631434612405,1,47769,3,11192,0.2342942075404551,13825,0.2894136364587912,22752,0.4762921560007536,0.0208503422721848,0.0990391257928782,0.1886160480646444,1,0,0,0,0,0,0,0,0,0,0,0,0,Financial Services,230,226,208,664,B
AZO,0.0666042151550452,0.4564965219547351,0.476899262269338,0.1034430052782471,0.3754045492228416,15.0,0.1249999843750019,37.66,0.182705010430744,0.3718653310018663,0.4454296570271253,0.2743987881902568,0.4193744143975076,65,0.4399999824000007,47.22,0.1343162883362122,0.1475735898450787,0.7181101217223652,0.2417266509954358,0.2766322800463088,58,0.7499999062500118,60.11,0.2564365575956508,1,0.1538619345573905,1,0.2051492460765206,1,0.2051492460765206,1,0.2564365575956508,1,3.538824494819982,1,0.0,0,0.0,0,0.3590111806339111,1,0.2051492460765206,1,0.8205969843060826,1,0.1025746230382603,1,1.4360447225356443,1,0.1538619345573905,1,19498,3,5032,0.258077751564263,5990,0.3072109959995897,8476,0.4347112524361473,0.0348753718330085,0.1627346394502,0.1145245666222176,1,0,0,0,0,0,0,0,0,0,0,0,0,Retail,260,222,213,695,B
BA,0.0815022820274212,0.3019096988386341,0.616588012581425,0.1478606209946512,0.3405289239225486,28.0,0.1249999843750019,48.23,0.1780330405058339,0.3615965353418142,0.4603704271838069,0.2612426083348237,0.4093013335778508,100,0.4444444320987658,47.73,0.1409676922485232,0.3472735754447058,0.5117587346117943,0.2226038967813028,0.3543716384967625,40,0.4285713979591858,47.36,0.3600878614381909,1,0.0,0,0.2520615030067336,1,0.1440351445752763,1,0.7201757228763819,1,3.636887400525728,1,0.0,0,0.0,0,0.0720175722876381,1,0.39609664758201,1,0.6481581505887436,1,0.3240790752943718,1,1.0082460120269343,1,0.5041230060134673,1,27771,3,2927,0.1053977170429584,8587,0.3092074466169745,16257,0.585394836340067,0.039609664758201,0.1569262900147636,0.0541932231464477,1,0,0,0,0,1,1,0,0,0,0,0,0,Aerospace and Defense,220,224,235,679,B
BAC,0.1485339940478236,0.3650276834160973,0.486438321612649,0.2529827063939169,0.3825976565924196,59.0,0.333333319444445,46.47,0.1416523488890379,0.3656827007234096,0.492664940841496,0.2228114524476962,0.3756046983072397,100,0.2631578878116345,46.19,0.0935114140249788,0.2708982048928737,0.6355903826840222,0.1515366964130336,0.3574487458168863,100,0.2068965445897743,50.66,0.2792328914007438,1,0.1452011035283868,1,0.6143123610816364,1,0.0,0,2.859344807943617,1,2.423741497358457,1,0.0,0,0.044677262624119,1,0.1116931565602975,1,0.134031787872357,1,1.3514871943796003,1,0.681328255017815,1,1.4855189822519574,1,0.5026192045213389,1,89531,3,3127,0.034926450056405,20627,0.2303894740369257,65777,0.7346840759066692,0.0331393595514402,0.1472674269247523,0.1591069015201438,1,0,0,0,0,1,5,0,0,0,0,0,0,Banking,220,394,265,879,BB
BAX,0.121017446006207,0.4047832350785795,0.4741993326889841,0.1974983195214348,0.3562672024830323,19.0,0.2499999687500039,42.92,0.1738185453787446,0.3388591339951381,0.4873223265260458,0.2339363929233197,0.3948941525144738,100,0.3888888780864201,49.06,0.1900511548120641,0.2798138415356251,0.5301350009994525,0.2840731309342638,0.3535896120613731,66,0.5454545206611581,53.46,0.2074688796680497,1,0.0691562932226832,1,0.3112033195020747,1,0.0,0,0.4495159059474412,1,7.123098201936376,1,0.0345781466113416,1,0.0345781466113416,1,0.1728907330567081,1,0.3803596127247579,1,0.8990318118948823,1,0.3803596127247579,1,1.7289073305670817,1,0.3803596127247579,1,28920,3,1603,0.0554287690179806,13988,0.4836791147994467,13329,0.4608921161825726,0.0328146611341632,0.2906293222683264,0.1145573997233748,0,0,0,0,0,1,2,0,0,0,0,0,0,Health Care,500,316,300,1116,BBB
BBWI,0.0681333297508813,0.6844919668067069,0.2473747004710492,0.1228564709077677,0.3069138609902896,21.0,0.0555555524691359,22.89,0.2044425674434751,0.3350519540300593,0.4605054724961519,0.281876200388476,0.4002730280161087,100,0.4736841980609422,50.38,0.1068666612356901,0.2626189291477203,0.6305144076421857,0.1721811120127265,0.3580011908662733,100,0.193548380853278,51.67,0.0451436697289122,1,0.0,0,0.1354310091867367,1,0.0451436697289122,1,1.7831749542920343,1,2.731192018599192,1,0.0902873394578245,1,0.0677155045933683,1,0.1354310091867367,1,0.1354310091867367,1,0.99316073403607,1,0.7674423853915084,1,1.7606031194275782,1,0.1580028440511929,1,44303,3,4929,0.1112565740469042,12215,0.2757149628693316,27159,0.6130284630837641,0.0236327111030855,0.139403652122881,0.1389973590953208,0,0,0,0,0,0,0,0,0,0,0,0,0,Retail,525,303,300,1128,BBB
BBY,0.4915976366545591,0.1121682220966451,0.396234133384294,0.3244118464232143,0.2317544619361992,18.0,9.99999000001,74.91,0.1756998051330447,0.4055841231252998,0.4187160768173635,0.2689615284062505,0.411538091003163,100,0.3953488280151435,44.79,0.2256971914875543,0.2891283151804514,0.4851744957933468,0.2970088308339927,0.3753016677923539,42,0.7499999375000053,54.11,0.4363001745200698,1,0.1454333915066899,1,0.1939111886755865,1,0.2423889858444832,1,0.4847779716889664,1,8.6775256932325,1,0.1454333915066899,1,0.0969555943377932,1,0.0969555943377932,1,0.2423889858444832,1,0.824122551871243,1,1.0665115377157262,1,1.0180337405468296,1,0.0484777971688966,1,20628,3,3225,0.1563408958696917,9558,0.4633507853403141,7845,0.3803083187899941,0.0318499127399651,0.2432131083963544,0.0701958503005623,1,0,0,0,0,1,1,0,0,0,0,0,0,Retail,430,231,300,961,BBB
BDX,0.1289283776784251,0.4762474850847803,0.394824149793592,0.2293987220608344,0.3717519768452946,29.0,0.2142856989795929,38.56,0.24174848286435,0.3320548233762384,0.4261966938897967,0.3092529374633755,0.3939266545881878,100,0.6571428383673475,51.88,0.1138418154706331,0.1796639251088808,0.7064942626324906,0.2137315611358501,0.2850069704679081,88,0.4999999642857168,57.31,0.2676022835394862,1,0.1189343482397716,1,0.4757373929590866,1,0.0,0,0.683872502378687,1,5.41151284490961,1,0.0,0,0.0892007611798287,1,0.2081351094196004,1,0.0297335870599429,1,0.8920076117982874,1,0.8028068506184586,1,2.4381541389153187,1,0.4460038058991437,1,33632,3,1156,0.034372026641294,11939,0.3549892959086584,20537,0.6106386774500476,0.0479602759276879,0.2153009039010466,0.1073977164605138,0,0,0,0,0,0,0,0,0,0,0,0,0,Health Care,607,384,315,1306,A
BIIB,0.2751186658981545,0.1464834822470258,0.5783978452071034,0.2961067167422296,0.3137084942813381,29.0,1.4999996250000938,65.11,0.3606586444471031,0.0707517259055748,0.5685896319895982,0.3162640536858893,0.1972112501883239,100,5.571427775510318,73.02,0.0947456461004912,0.1498478265386074,0.7554065240547061,0.1360079489992044,0.2656659769660342,100,0.2666666488888901,58.58,0.0557483519393457,1,0.0557483519393457,1,0.0557483519393457,1,0.0557483519393457,1,0.8780365430446962,1,5.909325305570654,1,0.0278741759696728,1,0.1393708798483645,1,0.1951192317877103,1,0.0139370879848364,1,0.8919736310295326,1,0.7804769271508412,1,0.9198478069992057,1,0.5992947833479674,1,71751,3,3387,0.047204917004641,30014,0.4183077587768811,38350,0.5344873242184778,0.0211146882970272,0.2713551030647656,0.0899081545901799,0,0,0,0,0,1,6,0,0,0,0,0,0,Biotechnology,380,303,364,1047,BBB
BIO,0.0357960611581802,0.2779131700069858,0.6862907759272135,0.0274149170456655,0.310703381761828,13.0,0.0,48.19,0.1379412020184099,0.2718626431329176,0.5901961647719145,0.207710867601415,0.3641509814690404,100,0.3703703566529497,52.16,0.1301740946620702,0.3370291525870562,0.5327967607229948,0.2044176359645041,0.3948612567868735,25,0.199999980000002,47.65,0.105135888135415,1,0.0,0,0.0525679440677075,1,0.1577038322031225,1,1.0513588813541503,1,6.938968616937391,1,0.0,0,0.0,0,0.1577038322031225,1,0.1577038322031225,1,0.6308153288124901,1,1.2616306576249805,1,1.1039268254218575,1,0.21027177627083,1,19023,3,3222,0.1693739157861536,9064,0.4764758450297008,6737,0.3541502391841455,0.0412132681490826,0.2578457656521053,0.0554591809914314,1,0,0,0,0,1,2,0,0,0,0,0,0,Life Sciences Tools and Services,275,227,300,802,BB
BK,0.0299877934157848,0.0203344542533159,0.9496777653694152,0.0,0.0,1.0,0.0,64.73,0.4210429601371288,0.1880712220445275,0.3908858373761177,0.3869356103241443,0.1716285636648535,2,1000000.0,67.51,0.416948975995183,0.0238884491845965,0.5591625720262527,0.3910294156521559,0.0074458131566643,2,1000000.0,78.04,0.0,0,0.9082652134423252,1,0.0,0,0.0,0,0.0,0,2.7247956403269757,1,0.0,0,0.0,0,0.0,0,0.0,0,0.0,0,0.0,0,0.0,0,0.0,0,1101,3,1021,0.927338782924614,28,0.0254314259763851,52,0.0472297910990009,0.0917347865576748,0.0944595821980018,0.0445049954586739,0,0,0,0,0,0,0,0,0,0,0,0,0,Financial Services,500,300,300,1100,BBB
BKNG,0.1246004869850973,0.5046544825502982,0.3707450066382686,0.1488627232174013,0.3533797567885897,12.0,0.0,36.56,0.2181762447766959,0.2278487526066601,0.553975003156811,0.2802375997977945,0.3314159732066714,100,0.7826086616257103,57.83,0.1087903967776963,0.3932625539925729,0.4979470504534452,0.2000290999963604,0.3722473843146186,86,0.19444443904321,43.25,0.0483851457602516,1,0.1451554372807548,1,0.0,0,0.0,0,1.0644732067255351,1,2.975686464255473,1,0.0725777186403774,1,0.0483851457602516,1,0.0483851457602516,1,0.2177331559211322,1,1.2580137897665418,1,0.6773920406435224,1,1.3789766541671706,1,0.8225474779242773,1,41335,3,6130,0.1483004717551711,20695,0.5006652957542035,14510,0.3510342324906254,0.0172493044635296,0.1147937583161969,0.0959961291883391,1,0,0,0,0,1,3,0,0,0,0,0,0,Hotels Restaurants and Leisure,558,306,310,1174,BBB
BMY,0.1222741540449743,0.1893276834072401,0.6883981634791081,0.2218331471746299,0.2688343873371828,26.0,0.6666664444445185,56.97,0.2661845496343449,0.0913873673835769,0.6424280817806721,0.2997164817176185,0.2064977539636057,100,3.42857093877558,68.38,0.2155755541287362,0.1411204219795763,0.6433040209487081,0.3103194171637219,0.2320896436034959,100,1.6363634876033195,63.37,0.0,0,0.0591007816078367,1,0.0295503908039183,1,0.0886511724117551,1,1.0638140689410618,1,5.319070344705309,1,0.0,0,0.1477519540195919,1,0.2216279310293878,1,0.2955039080391838,1,0.856961333313633,1,0.3398294942450613,1,1.5070699309998374,1,0.7978605517057964,1,67681,3,8648,0.127775889836143,16201,0.2393729407071408,42832,0.632851169456716,0.0222366690799485,0.1886349196968129,0.0732110932167078,0,0,0,0,0,1,2,0,0,0,0,0,0,Pharmaceuticals,500,321,310,1131,BBB
BR,0.1231151781976223,0.0147731979377567,0.8621116280555725,0.0699989236891269,0.0026775668375194,2.0,0.0,68.35,0.1962275342379189,0.1517811577790711,0.6519913030670413,0.2810113667391994,0.2901153435493924,79,0.9999999166666736,62.0,0.192348970430127,0.1066407258525335,0.7010102966645112,0.2736363369575867,0.2394746113870715,96,1.4999998500000151,64.8,0.0,0,0.0,0,0.0,0,0.0,0,1.6305118389337871,1,2.906564582447185,1,0.0,0,0.0354459095420388,1,0.1417836381681554,1,0.1063377286261165,1,1.1342691053452432,1,1.914079115270098,1,1.1342691053452432,1,0.0708918190840777,1,28212,3,9811,0.3477598185169431,6923,0.2453920317595349,11478,0.4068481497235219,0.005494115979016,0.1171487310364384,0.1497589678151141,1,0,0,0,0,0,0,0,0,0,0,0,0,Technology,550,313,325,1188,BBB
BRO,0.0645003126313289,0.3223663099731008,0.6131333756881455,0.0585698272498347,0.4118296606630178,12.0,0.0,46.3,0.2481987281795591,0.1759903552057221,0.5758109192550183,0.3053154453269887,0.3058711338443577,100,1.4705881487889323,62.25,0.0633494068682193,0.1433596414048224,0.7932909493893385,0.1112535228310878,0.281371272560016,100,0.3076922840236705,57.9,0.0,0,0.1170640340266125,1,0.078042689351075,1,0.0,0,0.6633628594841379,1,6.165372458734928,1,0.0,0,0.15608537870215,1,0.2731494127287626,1,0.1951067233776875,1,0.5853201701330628,1,0.7414055488352128,1,1.287704374292738,1,0.3121707574043001,1,25627,3,7404,0.2889140359776798,7511,0.2930893198579623,10712,0.4179966441643579,0.0182619893081515,0.1570609123190385,0.143013228235845,0,0,0,0,0,1,5,0,0,0,0,0,0,Insurance,405,320,300,1025,BBB
BSX,0.2734877954050898,0.1816898141801357,0.544822391346097,0.3222972417614326,0.2960432476387846,50.0,1.5555553827160686,62.76,0.3636400839313864,0.0920421915547922,0.5443177205137908,0.3227262312228084,0.2135618343408569,100,3.5555551604938715,71.74,0.2015533119440078,0.135619664248079,0.6628270296752453,0.2583561918702877,0.2480417313695396,100,1.230769136094682,63.24,0.1430728876877831,1,0.0953819251251887,1,0.3020427628964311,1,0.0794849376043239,1,1.3830379143152371,1,7.376202209681265,1,0.0317939750417295,1,0.1907638502503775,1,0.3338367379381607,1,0.2543518003338367,1,0.6517764883554567,1,1.3512439392735078,1,2.161990302837612,1,0.3497337254590255,1,62905,3,10381,0.1650266274540974,13402,0.2130514267546299,39122,0.6219219457912726,0.0296796757014545,0.2279469040616803,0.0765122009379222,1,0,0,0,0,1,6,0,0,0,0,0,0,Health Care,525,399,300,1224,A
BWA,0.1559319813162661,0.1688505664396171,0.6752174396354419,0.2474987565578657,0.2984011714696372,26.0,0.9999996666667778,59.48,0.2117759329406544,0.2382231740001589,0.550000894535333,0.3002501141493159,0.3231552363323161,100,0.9545454111570268,56.93,0.0916103759796865,0.149878525485595,0.7585111032975348,0.1423494746411525,0.2685737776445645,57,0.4285713673469475,58.46,0.590393455066841,1,0.0,0,0.0421709610762029,1,0.1265128832286088,1,0.8855901826002615,1,5.777421667439801,1,0.0,0,0.0,0,0.2951967275334205,1,0.1265128832286088,1,0.5060515329144352,1,1.6868384430481171,1,0.9277611436764645,1,0.0843419221524058,1,23713,3,5255,0.2216084004554463,7093,0.2991186269135074,11365,0.4792729726310462,0.0576898747522456,0.1766963269092902,0.0994391262176865,1,0,0,0,0,1,1,0,0,0,0,0,0,Auto Components,260,206,230,696,B
BX,0.2432488566637039,0.2075818832824006,0.5491692631877959,0.3183408028306278,0.3263632574862855,100.0,1.2857142244897988,60.02,0.3082904974836856,0.025014246366918,0.6666952637210488,0.3020007382708175,0.0954545603560299,100,25.999974000026,74.16,0.1647423026105389,0.1696208348777145,0.6656368586234749,0.2442409714548531,0.2966779274043155,100,0.8124999492187531,59.74,0.1952305890179178,1,0.043384575337315,1,0.3759996529233972,1,0.0216922876686575,1,2.682612908357316,1,2.3066132554339185,1,0.043384575337315,1,0.1012306757870685,1,0.5278456666040001,1,0.9544606574209316,1,1.0412298080955618,1,0.8676915067463015,1,0.8315376939652055,1,0.5712302419413151,1,138298,3,6032,0.043615959739114,56310,0.4071642395407019,75956,0.549219800720184,0.0481930324372008,0.1401177168144152,0.1190328132004801,1,0,0,0,0,1,12,0,0,0,0,0,0,Financial Services,534,343,320,1197,BBB
BXP,0.0747318962530698,0.1879490531719057,0.7373190476209857,0.1134527606750922,0.2190148716111879,64.0,0.1249999843750019,55.4,0.0932775849662721,0.2093906663171947,0.6973317557573319,0.2086786447846133,0.3052967940541232,100,0.3043478128544429,54.65,0.0752553678769618,0.1544665269739925,0.7702781090699137,0.1643812224100309,0.2405761059363595,100,0.399999960000004,57.59,0.0557025483915889,1,0.0,0,0.2088845564684584,1,0.0,0,1.392563709789723,1,1.0444227823422922,1,0.0,0,0.0278512741957944,1,0.5291742097200947,1,0.125330733881075,1,0.5570254839158892,1,0.2506614677621501,1,0.7380587661885532,1,0.1531820080768695,1,71810,3,11019,0.1534465951817295,15900,0.2214176298565659,44891,0.6251357749617045,0.0425985238824676,0.0764935245787494,0.0693357471104303,1,0,0,0,0,0,0,0,0,0,0,0,0,Real Estate,532,339,305,1176,BBB
CARR,0.1863860554865324,0.2823593453960676,0.5312545975195426,0.2790213701611945,0.346766972141566,51.0,0.5333332977777802,53.17,0.2698973700217902,0.2352626378135755,0.4948399903252721,0.3215057749223476,0.3605284504090091,100,1.208333282986113,59.15,0.1653152857145125,0.2360460925423963,0.5986386247995225,0.2754837167680023,0.3187285345363823,55,0.615384568047341,55.44,0.6413158291836427,1,0.0754489210804285,1,0.8299381318847141,1,0.0377244605402142,1,1.8484985664705,1,5.432322317790856,1,0.0377244605402142,1,0.0377244605402142,1,0.4904179870227856,1,0.1886223027010713,1,0.8676625924249283,1,0.9053870529651424,1,1.5844273426889997,1,0.414969065942357,1,26508,3,3943,0.1487475479100649,14616,0.5513807152557718,7949,0.2998717368341633,0.0814848347668628,0.2466802474724611,0.101591972234797,1,0,0,0,0,1,3,0,0,0,0,0,0,Building,210,258,226,694,B
CAT,0.2143936765924939,0.1768069398360994,0.6087993806192897,0.3247362204892959,0.2666320936075476,53.0,1.2222220864197684,61.01,0.2329907548520714,0.2677691502217203,0.4992400994338095,0.303250883770603,0.3534564971513906,100,0.9199999632000014,55.75,0.2833307614733635,0.2156529140619325,0.5010163227988171,0.3439845517439957,0.294721082041928,71,1.6666665277777897,60.9,0.4022391311634767,1,0.0,0,0.0670398551939127,1,0.1005597827908691,1,0.603358696745215,1,4.290550732410417,1,0.0,0,0.0,0,0.3016793483726075,1,0.770958334729997,1,0.7039184795360842,1,0.770958334729997,1,1.4413568866691249,1,0.1675996379847819,1,29833,3,5523,0.1851305601179901,8394,0.2813662722488519,15916,0.5335031676331579,0.084537257399524,0.1379345020614755,0.0916434820500787,1,0,0,0,0,0,0,0,0,0,0,0,0,Machinery,235,239,235,709,B
CBRE,0.1514168005775321,0.2235987450588833,0.6249844570728865,0.2170128833578664,0.2762001164256057,22.0,0.9999996666667778,55.77,0.2544741915073246,0.2654821583116427,0.4800436487048864,0.3295031329470115,0.3512507555849928,100,1.0416666232638907,56.65,0.2911973337759264,0.1895501988280254,0.5192524733332297,0.3492176950015924,0.284183660671047,48,1.8571425918367723,62.87,0.1035303861683404,1,0.0690202574455602,1,0.1035303861683404,1,0.0,0,1.552955792525106,1,4.5898471201297575,1,0.0345101287227801,1,0.1035303861683404,1,0.0690202574455602,1,0.8627532180695033,1,0.7937329606239432,1,1.0007937329606238,1,1.035303861683404,1,0.2760810297822411,1,28977,3,4956,0.1710321979500983,10854,0.3745729371570556,13167,0.454394864892846,0.0426545191013562,0.1510163232908858,0.0829278393208406,1,0,0,0,0,1,4,0,0,0,0,0,0,Real Estate,200,209,200,609,B
CCI,0.0886214998317882,0.2140170225175097,0.6973614732269198,0.1514674434392239,0.2859662728881441,32.0,0.399999920000016,54.19,0.1527431428472956,0.3307690118824172,0.5164878412109354,0.2684566301738074,0.3508005033682954,46,0.3749999765625014,48.85,0.1050663567951013,0.117115422505243,0.7778182162036156,0.2073778469659939,0.2391819807883871,29,0.6666664444445185,61.06,0.6205398696866273,1,0.1241079739373254,1,0.3102699348433136,1,0.0620539869686627,1,1.0549177784672663,1,3.4129692832764507,1,0.0,0,0.3723239218119764,1,0.8067018305926156,1,0.0620539869686627,1,0.9928637914986036,1,0.1241079739373254,1,0.8687558175612784,1,0.0,0,16115,3,583,0.0361774744027303,15516,0.962829661805771,16,0.0009928637914986,0.0861929878994725,0.1396835246664598,0.0893577412348743,0,0,0,0,0,0,0,0,0,0,0,0,0,Real Estate,500,300,200,1000,BBB
CCL,0.2909908215887845,0.0393482573004439,0.6696609209477902,0.305215939945721,0.1125781811815192,100.0,14.499992750003624,72.63,0.2453283161949366,0.1994618365447968,0.5552098475024104,0.2772234896450297,0.3344552320236326,100,1.2105262520775657,60.62,0.2247468747198581,0.0826386601431295,0.6926144626177847,0.2724093403711087,0.2015275716678607,100,2.9999995000000834,67.49,4.259485924112608,1,0.0,0,0.5385556915544676,1,0.7343941248470012,1,1.0771113831089352,1,8.347613219094246,1,0.0489596083231334,1,0.1468788249694002,1,0.0489596083231334,1,0.0734394124847001,1,2.7906976744186047,1,0.758873929008568,1,1.1995104039167688,1,0.3427172582619339,1,40850,3,13030,0.3189718482252142,6874,0.1682741738066095,20946,0.5127539779681762,0.226438188494492,0.1909914320685434,0.1624235006119951,1,0,0,0,0,1,4,0,0,0,0,0,0,Hotels Restaurants and Leisure,515,326,320,1161,BBB
CDAY,0.149940190570695,0.2187477424740791,0.6313120744058064,0.2901828888300549,0.2324256281242606,7.0,0.999999000001,56.03,0.1684640886448323,0.1250989942625165,0.7064369189180434,0.247148023688147,0.2592490211778431,100,1.272727157024804,62.76,0.156789027309666,0.1860624529195554,0.657148520716212,0.2727238084433842,0.3122244548257372,66,0.7499999375000053,58.39,0.0,0,0.0742500742500742,1,0.0371250371250371,1,0.0,0,0.5940005940005939,1,4.417879417879418,1,0.0,0,0.0,0,0.1485001485001484,1,0.1485001485001484,1,0.5940005940005939,1,0.5568755568755569,1,1.485001485001485,1,0.3712503712503712,1,26936,3,3881,0.1440822690822691,12092,0.4489159489159489,10963,0.407001782001782,0.0122883872883872,0.122995247995248,0.086018711018711,1,0,0,0,0,1,10,0,0,0,0,0,0,Technology,530,379,320,1229,A
CDNS,0.189650878853475,0.283123031258583,0.5272260808075467,0.2379388268185863,0.3123533216735291,12.0,0.4999998750000312,53.23,0.1625852834619581,0.3234463968360797,0.5139683191664517,0.2148235077855806,0.3774584832501339,100,0.3636363526170802,49.67,0.1338244381186086,0.2629067664311151,0.6032687894185074,0.2247161548266744,0.3456213244871362,64,0.3529411557093437,52.59,0.148892611204169,1,0.0372231528010422,1,0.148892611204169,1,0.0,0,1.1166945840312674,1,5.95570444816676,1,0.0,0,0.297785222408338,1,0.297785222408338,1,0.2233389168062534,1,0.595570444816676,1,0.3722315280104225,1,0.8561325144239718,1,0.1116694584031267,1,26865,3,6757,0.2515168434766425,13088,0.4871766238600409,7020,0.2613065326633166,0.025572305974316,0.192071468453378,0.1187046342825237,1,0,0,0,0,1,1,0,0,0,0,0,0,Technology,500,308,295,1103,BBB
CDW,0.1636698816769889,0.4154757947794029,0.4208543481571333,0.1730298834050586,0.3423135316724515,7.0,0.0,43.72,0.2269548142471144,0.2724559382509647,0.5005892482327504,0.277945872725389,0.3558980917445704,72,0.6499999675000016,55.23,0.2030223589390516,0.3051212883820491,0.4918563462261642,0.3006018719819895,0.3585614798192544,35,0.4999999583333368,52.27,0.0,0,0.0,0,0.1419983906849055,1,0.0473327968949685,1,1.7513134851138354,1,2.9346334074880485,1,0.0,0,0.0473327968949685,1,0.4259951720547167,1,0.3313295782647796,1,0.4259951720547167,1,0.899323141004402,1,0.7573247503194964,1,0.2366639844748426,1,21127,3,1669,0.0789984380177024,11837,0.5602783168457424,7621,0.3607232451365551,0.0222464145406352,0.184834571874852,0.1026175036682917,0,0,0,0,0,1,5,0,0,0,0,0,0,Electrical Equipment,225,209,200,634,B
CE,0.1792329713283106,0.2038624896062538,0.6169045402854682,0.2782673942266433,0.332690527606949,100.0,0.5652173667296797,58.02,0.1950687018455937,0.2523433793941512,0.5525879207067191,0.2550324488147884,0.361625743437822,100,0.64285711989796,55.43,0.0762402875038484,0.2204807680100202,0.7032789455105861,0.1567324955124065,0.3357059886822753,60,0.2142856989795929,53.34,1.9515751999828432,1,0.3002423384588989,1,0.793497608784233,1,0.193012931866435,1,1.3296446417465526,1,5.5115914988526455,1,0.0,0,0.0428917626369855,1,0.3645799824143773,1,0.0428917626369855,1,0.2359046945034206,1,0.5147011516438268,1,0.8792811340582041,1,0.4289176263698557,1,46629,3,5159,0.1106393017221042,16453,0.3528490853331618,25017,0.5365116129447339,0.158849642926076,0.1721246434622231,0.0586759312873962,1,0,0,0,0,1,3,0,0,0,0,0,0,Chemicals,500,319,300,1119,BBB
CF,0.2110871491860598,0.2064148411899805,0.5824980090931058,0.3098863898405566,0.3015910403356142,100.0,1.312499917968755,58.97,0.1656246995367109,0.2895511580863967,0.5448241382092237,0.2475200816535868,0.3555219759177452,100,0.5769230547337286,51.98,0.1603657194793644,0.1904974413878271,0.6491368463341619,0.2472722968552555,0.2710114631065968,71,0.5624999648437522,58.23,5.084888926429597,1,0.523692879466171,1,0.3716530112340569,1,0.0675732747698285,1,0.8108792972379424,1,3.480023650646169,1,0.0,0,0.0168933186924571,1,0.1182532308471999,1,0.1520398682321141,1,0.4054396486189712,1,0.8615592533153138,1,1.0642790776247997,1,0.1013599121547428,1,59195,3,7316,0.1235915195540163,13523,0.2284483486780978,38356,0.6479601317678858,0.1842723202973224,0.1048230424866965,0.0547343525635611,1,0,0,0,0,1,2,0,0,0,0,0,0,Chemicals,525,307,310,1142,BBB
CHD,0.185656081388394,0.1567453936549524,0.6575985253850619,0.2593234241773283,0.3018604739338463,75.0,1.0909089917355463,61.31,0.1930367133021354,0.2621687420038506,0.5447945445869118,0.2719083053317082,0.3734644375983154,100,0.7307692026627229,54.72,0.1804523644823348,0.2282065955805592,0.5913410337816458,0.2651863086726104,0.3283618351020819,64,0.7142856632653098,56.48,0.6669708990065644,1,0.0351037315266612,1,0.2808298522132903,1,0.5265559728999192,1,0.982904482746516,1,4.668796293045951,1,0.0,0,0.0351037315266612,1,0.1755186576333064,1,0.2457261206866289,1,1.0882156773264997,1,1.1584231403798224,1,1.0882156773264997,1,0.3510373152666128,1,28487,3,7453,0.2616281110682065,12354,0.4336714992803735,8680,0.3047003896514199,0.1133850528311159,0.1657598202688945,0.0913750131638993,1,0,0,0,0,0,0,0,0,0,0,0,0,Consumer products,578,341,348,1267,A
CHRW,0.2796998105943203,0.1080078898230567,0.6122923169285059,0.3239330102609942,0.2661949008515131,20.0,2.99999850000075,67.77,0.3347165798395872,0.1140505574690178,0.55123286601156,0.3032614027254608,0.2627820211613119,100,3.5555551604938715,69.3,0.2104440011354463,0.0933015424112278,0.696254460381404,0.2902282800894419,0.2116622982239795,62,3.2499991875002032,66.3,0.7135939650338957,1,0.0,0,0.1019419950048422,1,0.0,0,1.223303940058107,1,4.893215760232428,1,0.0,0,0.1019419950048422,1,0.407767980019369,1,0.407767980019369,1,0.3567969825169478,1,1.1723329425556857,1,0.7135939650338957,1,0.0,0,19619,3,8812,0.4491564299913349,4206,0.2143840154951832,6601,0.3364595545134818,0.0377185381517916,0.1659105968703807,0.0994444161272236,1,0,0,0,0,1,1,0,0,0,0,0,0,Logistics and Transportation,575,330,338,1243,A
CHTR,0.0428729802370071,0.218627905473113,0.7384991198778152,0.0137283932731266,0.2582676229128606,4.0,0.0,52.29,0.0662373309442773,0.2070297321025282,0.7267329401616007,0.1509482002383197,0.3136276501869691,100,0.2105263047091418,53.86,0.054565117303282,0.0797161053307354,0.865718777552247,0.0790303113688145,0.1730336971332714,100,0.199999960000008,61.73,0.0,0,0.0,0,0.0,0,0.0129132231404958,1,2.053202479338843,1,1.3429752066115703,1,0.0,0,0.0,0,0.6069214876033058,1,0.3099173553719008,1,0.1549586776859504,1,2.90547520661157,1,2.1177685950413223,1,0.1033057851239669,1,77440,3,6880,0.0888429752066115,62111,0.8020532024793389,8449,0.1091038223140495,0.0026730371900826,0.0966296487603305,0.1124870867768595,0,1,2,0,0,0,0,0,0,0,0,0,0,Media,500,300,300,1100,BBB
CINF,0.0760429339697126,0.1568572798011,0.7670997801679568,0.1375693461358915,0.2569125676783315,61.0,0.285714244897965,57.47,0.314422874012962,0.1589184206724166,0.526658701300621,0.3576535698078726,0.288775429107661,100,1.9999998571428677,65.68,0.2509955706167966,0.1053341914294287,0.6436702352203428,0.3370344558307556,0.2296833146255643,100,2.624999671875041,66.94,0.0,0,0.6541907858219015,1,0.0991198160336214,1,0.0,0,1.4075013876774245,1,1.308381571643803,1,0.0,0,0.0198239632067242,1,0.27753548489414,1,0.0396479264134485,1,0.1585917056537943,1,0.614542859408453,1,0.7731345650622473,1,0.0991198160336214,1,50444,3,12581,0.2494052811037982,7763,0.1538934263738006,30100,0.5967012925224011,0.0346919356117675,0.0766196177939893,0.0756482435968598,1,0,0,0,0,0,0,0,0,0,0,0,0,Insurance,235,275,250,760,BB
CMA,0.027562474211057,0.531795828913649,0.440641701221466,0.0055788571892682,0.3692008132399026,6.0,0.0,31.4,0.1500153331116082,0.2035145790676676,0.6464700988463817,0.2373697882651292,0.3065774341410087,62,0.5714285306122479,57.02,0.100540929045038,0.158583115535102,0.7408759506713403,0.1680998557865831,0.2430746316947538,76,0.3333333055555579,58.21,0.0,0,0.0,0,0.055472347035003,1,0.0,0,1.6086980640150883,1,3.328340822100183,1,0.055472347035003,1,0.1664170411050091,1,0.1664170411050091,1,1.164919287735064,1,0.998502246630055,1,1.053974593665058,1,1.053974593665058,1,0.8875575525600488,1,18027,3,9819,0.544682975536695,8150,0.4520996283352748,58,0.0032173961280301,0.0132024185943307,0.1404005103455927,0.1900482609419204,1,0,0,0,0,0,0,0,0,0,0,0,0,Banking,280,300,230,810,BB
CME,0.0585227835690602,0.2587711120140739,0.6827061180956662,0.0431313043924756,0.3754149413899222,16.0,0.0,50.23,0.2015204193820763,0.2461855106521397,0.5522940690991365,0.2876415924232721,0.3510128248438228,72,0.8235293633218022,56.05,0.1382322956261963,0.1767949276635873,0.684972777641539,0.2251096954312606,0.2880787799037523,87,0.8461537810650938,58.35,0.1110494169905608,1,0.0370164723301869,1,0.0370164723301869,1,0.0,0,1.7767906718489728,1,2.2580048121414027,1,0.0,0,0.0,0,0.2591153063113085,1,0.5552470849528041,1,0.7033129742735517,1,0.8883953359244864,1,1.4806588932074771,1,0.4071811956320562,1,27015,3,7951,0.2943179714973163,9847,0.3645012030353507,9217,0.3411808254673329,0.0200259115306311,0.1087914121784194,0.1324449379974088,1,0,0,0,0,0,0,0,0,0,0,0,0,Financial Services,375,237,200,812,BB
CMG,0.0446454768323085,0.5700597794387828,0.3852947489781813,0.0456314551737732,0.420059723894406,11.0,0.0,29.51,0.199382554134354,0.4372356302523985,0.3633818167820573,0.2764120032144679,0.4325522871305827,100,0.3999999911111113,43.56,0.1366177244232066,0.3382178514354652,0.5251644259739306,0.2196403757087929,0.3548391216497891,31,0.299999970000003,47.8,0.1259128682951397,1,0.0,0,0.3777386048854192,1,0.0,0,0.9443465122135484,1,10.07302946361118,1,0.0,0,0.0629564341475698,1,0.0629564341475698,1,0.3777386048854192,1,1.070259380508688,1,0.3777386048854192,1,1.8257365902795264,1,0.6295643414756988,1,15884,3,2613,0.1645051624276001,8461,0.5326743893225888,4810,0.3028204482498111,0.0307227398640141,0.2843742130445731,0.1038151599093427,1,0,0,0,0,0,0,0,0,0,0,0,0,Hotels Restaurants and Leisure,210,241,213,664,B
COST,0.0354640603181906,0.536850941774901,0.4276850087335333,0.0376079626860838,0.3424051695211712,32.0,0.0,31.35,0.1438746616709977,0.2839729690924287,0.5721523653529584,0.2225243680674421,0.3549958171769974,100,0.3703703566529497,51.58,0.0945267806854099,0.1256591375079006,0.7798140860907733,0.1797488959895294,0.2363702516221194,100,0.399999960000004,60.14,0.0599041533546325,1,0.0,0,0.0599041533546325,1,0.0798722044728434,1,2.3961661341853038,1,3.594249201277955,1,0.0,0,0.0199680511182108,1,0.3394568690095846,1,0.3793929712460064,1,0.2795527156549521,1,3.843849840255591,1,1.1980830670926517,1,0.2396166134185303,1,100160,3,50071,0.499910143769968,50070,0.4999001597444089,19,0.000189696485623,0.0211461661341853,0.1126397763578274,0.101617412140575,1,1,16,0,0,1,6,0,0,0,0,0,0,Retail,537,306,225,1068,BBB
CPRT,0.2133061291747971,0.0894402412967266,0.6972536307416464,0.2839025036836643,0.1814217742536202,38.0,1.7499995625001092,66.65,0.2117241933207276,0.1747661652371392,0.6135096392581161,0.2593731329748089,0.283727588668366,71,0.8999999100000091,61.05,0.1576702413572506,0.2236547177466987,0.6186750435101037,0.2654909255059904,0.301881572220383,44,0.7499999062500118,55.98,0.5851803086826128,1,0.0,0,0.0,0,0.3291639236339697,1,0.4023114622192963,1,3.6939506985589934,1,0.0,0,0.0365737692926633,1,0.1097213078779899,1,0.4023114622192963,1,0.4754590008046229,1,0.2925901543413064,1,0.6217540779752762,1,0.365737692926633,1,27342,3,8574,0.3135834979152951,10985,0.4017628556799064,7783,0.2846536464047984,0.046156096847341,0.1026625704045058,0.082656718601419,1,0,0,0,0,1,3,0,0,0,0,0,0,Commercial Services and Supplies,270,204,205,679,B
CSCO,0.3616020179099657,0.2808719446713274,0.3575260517272082,0.3652202298310542,0.3359832425510152,11.0,1.666666111111296,59.4,0.2843764745723456,0.1868502305587753,0.5287732962705195,0.2862872085886321,0.319074998362904,100,1.3888888117283993,62.81,0.1104272506303257,0.1380016769799921,0.7515710771083832,0.1903206117266919,0.2663409840385227,45,0.4999999166666805,59.89,0.1821825469120058,1,0.0910912734560029,1,0.1821825469120058,1,0.0303637578186676,1,1.1841865549280377,1,2.8238294771360906,1,0.0,0,0.1518187890933381,1,0.1518187890933381,1,0.2429100625493411,1,0.0910912734560029,1,0.334001336005344,1,0.8805489767413615,1,0.0607275156373352,1,32934,3,1779,0.0540171251594097,20955,0.6362725450901804,10200,0.3097103297504099,0.0146960587842351,0.157678994352341,0.0469120058298415,1,0,0,0,0,1,4,0,0,0,0,0,0,Communications,280,234,220,734,B
CSX,0.1008750227616822,0.3398545904461532,0.5592703745958019,0.1997587578208544,0.3759714739115712,47.0,0.1666666574074079,46.44,0.2254968643561005,0.2399170505721122,0.5345860899798572,0.3369524387367097,0.3516578500281884,100,0.9999999523809546,57.3,0.1500120256749684,0.1665467457077874,0.6834412244916485,0.2819932665964429,0.304989595473134,57,0.8749998906250137,59.42,0.4731935834950078,1,0.0,0,0.3785548667960062,1,0.2365967917475039,1,0.8044290919415132,1,5.867600435338097,1,0.0,0,0.0,0,0.2839161500970047,1,0.3785548667960062,1,0.6151516585435102,1,0.3785548667960062,1,1.2303033170870203,1,0.0946387166990015,1,21133,3,1573,0.0744333506837647,3548,0.1678890834240287,16012,0.7576775658922065,0.1043391851606492,0.2162494676572185,0.0981876685752141,1,0,0,0,0,1,3,0,0,0,0,0,0,Road and Rail,510,310,325,1145,BBB
CTAS,0.0862205097666726,0.195057960280862,0.7187215347702687,0.1450394641544369,0.2644783163234006,26.0,0.3333332222222592,55.34,0.2470614382158965,0.2164370275521651,0.536501537412405,0.3187353324657785,0.3549762726277351,100,1.052631523545709,59.58,0.1458993311236171,0.1491641812149043,0.7049364806888135,0.2225547875376696,0.2600685482245096,38,0.7499998125000469,60.41,0.1399580125962211,1,0.0,0,0.0,0,0.3498950314905528,1,0.9097270818754374,1,11.826452064380684,1,0.0,0,0.0,0,0.6298110566829951,1,0.1399580125962211,1,1.1896431070678797,1,0.8397480755773268,1,1.7494751574527645,1,0.2799160251924423,1,14290,3,3216,0.2250524842547235,4180,0.2925122463261022,6894,0.4824352694191742,0.0787963610916725,0.2871938418474458,0.120293911826452,1,0,0,0,0,0,0,0,0,0,0,0,0,Commercial Services and Supplies,500,300,300,1100,BBB
CTSH,0.2698650394699403,0.372035576030612,0.3580993999327932,0.3229696067983115,0.3399079554126715,7.0,0.499999750000125,50.26,0.1464248705792744,0.50009242081862,0.3534827069303051,0.2490734509798994,0.3897944514792001,61,0.266666657777778,37.62,0.108154830347114,0.4355304293457488,0.4563147394021727,0.1675784582437276,0.3362717178942945,53,0.1363636301652895,40.48,0.0,0,0.0,0,0.4606879606879607,1,0.0,0,0.2303439803439803,1,5.7585995085995085,1,0.0,0,0.0,0,0.0767813267813267,1,0.0767813267813267,1,1.382063882063882,1,1.2285012285012284,1,2.764127764127764,1,1.2285012285012284,1,13024,3,6172,0.4738943488943489,6802,0.5222665847665847,50,0.0038390663390663,0.0226504914004914,0.2247389434889435,0.2291154791154791,0,0,0,0,0,1,1,0,0,0,0,0,0,Technology,605,365,300,1270,A
CTXS,0.3200318520315565,0.2089222516291416,0.4710458912528478,0.3226488714501514,0.3297831723056463,13.0,0.9999996666667778,62.62,0.2967353853397071,0.1872973202774301,0.5159672970883549,0.2747867672085454,0.3206409667816563,100,1.0999999450000026,63.21,0.175133621176848,0.3460404506186023,0.4788259273896423,0.2437422941555064,0.3696443086231771,52,0.3157894570637127,48.64,0.2543477569707182,1,0.1589673481066988,1,0.0953804088640193,1,0.0,0,1.39891266333895,1,4.101357581152832,1,0.0,0,0.1271738784853591,1,0.3497281658347375,1,0.3179346962133977,1,0.3497281658347375,1,0.286141226592058,1,0.7630432709121546,1,0.1907608177280386,1,31453,3,5371,0.1707627253362159,16710,0.5312688773725877,9372,0.2979683972911964,0.0182176580930276,0.1653578355005882,0.0882586716688392,1,0,0,0,0,1,1,0,0,0,0,0,0,Technology,530,305,305,1140,BBB
CZR,0.2426689314459891,0.2280664571658953,0.5292646095744873,0.2921849645404295,0.3524299609967764,38.0,0.8888887901234679,58.67,0.2163171623410149,0.2500218635594303,0.5336609723850746,0.2916168930234027,0.3411490589682432,88,0.6818181508264477,56.32,0.16892009523922,0.1328048024663765,0.6982750950445389,0.2504579100313965,0.2483396804308812,58,0.9999998571428776,62.28,0.6943146313456352,1,0.1602264533874542,1,0.2403396800811814,1,0.2670440889790904,1,1.0948807648142709,1,1.9761262584452692,1,0.026704408897909,1,0.1335220444895452,1,0.0801132266937271,1,0.2403396800811814,1,0.4539749512644537,1,0.8011322669372714,1,0.8812454936309985,1,0.3204529067749085,1,37447,3,8970,0.2395385478142441,10416,0.2781531230806206,18061,0.4823083291051352,0.0424066013298795,0.1102090955216706,0.079258685608994,1,0,0,0,0,1,2,0,0,0,0,0,0,Hotels Restaurants and Leisure,265,228,200,693,B
DFS,0.055821397674403,0.3008039557774152,0.6433746498078108,0.0383993002827024,0.3612306190674618,14.0,0.0,47.4,0.2910859898164323,0.1785068406734797,0.5304071688570264,0.3170134172783433,0.3205139185784732,82,1.2857141938775576,63.59,0.1013991469237953,0.051640514456667,0.8469603421911597,0.1564628185681433,0.1480188204789929,100,1.249999687500078,65.19,0.0,0,0.1840942562592047,1,0.0613647520864015,1,0.0,0,1.002290950744559,1,2.127311405661921,1,0.0,0,0.0409098347242677,1,0.9204712812960236,1,0.6136475208640157,1,1.0841106201930946,1,1.2272950417280315,1,1.288659793814433,1,0.7772868597610865,1,48888,3,16365,0.3347447226313205,15082,0.3085010636557028,17441,0.3567542137129766,0.0148093601701849,0.0722672230404189,0.1359433807887416,0,0,0,0,0,0,0,0,0,0,0,0,0,Financial Services,335,321,313,969,BBB
DG,0.0295137663238814,0.6648046685648816,0.3056815466178315,0.0234919090545736,0.3249367419700999,14.0,0.0,22.82,0.1733427564720569,0.4294623726465065,0.3971948638429929,0.2460155648958318,0.4019399334117843,87,0.3076922998027616,43.15,0.1703123610880639,0.3416055647966762,0.4880820760503411,0.2720553881732244,0.3684951869306472,45,0.3749999765625014,48.76,0.4793634053976319,1,0.0,0,0.4314270648578687,1,0.0958726810795263,1,0.2396817026988159,1,5.033315756675136,1,0.0479363405397631,1,0.0,0,0.2396817026988159,1,0.4314270648578687,1,0.6711087675566847,1,0.8628541297157375,1,1.0545994918747903,1,0.1438090216192896,1,20861,3,3560,0.1706533723215569,8074,0.387038013518048,9227,0.442308614160395,0.0366713005129188,0.2167681319208091,0.1016250419442979,1,0,0,0,0,0,0,0,0,0,0,0,0,Retail,247,222,200,669,B
DGX,0.2238468681462109,0.1773513837251812,0.5988017097115517,0.3425333100688099,0.2530546261277558,4.0,0.999999000001,61.31,0.4746884764544666,0.0204771896777674,0.504834335744381,0.334621519257146,0.0931179821591729,100,52.999947000053005,80.28,0.2331301590319777,0.0711894564101121,0.695680380947348,0.2936856576319956,0.1659542919645046,69,3.4999991250002185,68.53,0.0,0,0.0,0,0.0384142593730792,1,0.1152427781192378,1,0.5762138905961893,1,19.4760295021512,1,0.0,0,0.3457283343577135,1,0.268899815611555,1,0.0768285187461585,1,1.229256299938537,1,1.1524277811923789,1,1.0371850030731409,1,0.4225568531038721,1,26032,3,17805,0.6839658881376767,8208,0.3153042409342348,19,0.0007298709280885,0.0098340503995082,0.4844806392132759,0.0882759680393362,1,0,0,0,0,1,1,0,0,0,0,0,0,Health Care,230,300,205,735,B
DHI,0.0896709219188146,0.3002846417948603,0.6100444259202998,0.1446660491985426,0.359808904978217,23.0,0.285714244897965,48.62,0.1724227354582399,0.2638362823659554,0.5637409820780158,0.2596755806579445,0.3718576163004058,100,0.4285714132653067,53.89,0.1910170899223416,0.2229904227649733,0.585992485585232,0.2668151886358068,0.3398836361731508,62,0.6874999570312527,57.19,0.0655071894140381,1,0.0,0,0.2620287576561527,1,0.0,0,1.375650977694802,1,2.8495627395106613,1,0.032753594707019,1,0.7533326782614392,1,0.2947823523631718,1,0.36028954177721,1,0.9826078412105728,1,0.687825488847401,1,0.7533326782614392,1,0.2292751629491336,1,30531,3,5586,0.1829615800334086,8924,0.2922930791654384,16021,0.524745340801153,0.0266614260915135,0.1476859585339491,0.0938718024303167,1,0,0,0,0,0,0,0,0,0,0,0,0,Consumer products,250,271,205,726,B
DIS,0.1024181483313441,0.3249246560782194,0.5726572124660015,0.2038592025895007,0.4107892850512597,25.0,0.2222221975308669,47.46,0.1728996591917119,0.3841701570886354,0.4429301816301468,0.2600975769855834,0.4052134260494132,78,0.3428571330612248,46.08,0.1773711305678538,0.2410592908120673,0.5815695655410704,0.2686636632956606,0.3734134143759161,23,0.799999840000032,55.54,0.0634376883306372,1,0.4757826624797792,1,0.0317188441653186,1,0.0634376883306372,1,1.1735972341167888,1,3.457354014019729,1,0.0,0,0.158594220826593,1,0.0317188441653186,1,0.0634376883306372,1,0.0951565324959558,1,0.5392203508104165,1,0.5075015066450979,1,0.0,0,31527,3,10725,0.3401846036730421,8325,0.2640593776762774,12477,0.3957560186506804,0.0474831097154819,0.1524724839026865,0.0366987026992736,1,0,0,0,0,1,2,0,0,0,0,0,0,Media,510,316,321,1147,BBB
DISH,0.0288330943634112,0.0975812170654535,0.8735857089360555,0.0190463074308808,0.0802178663486764,15.0,0.0,59.67,0.1361115648291043,0.3324792456002005,0.5314091852595729,0.2436899625945015,0.3995605442960636,62,0.3809523628117922,48.15,0.0555894621892979,0.1926151463565857,0.7517954019927665,0.1301949682276625,0.2976100252400457,76,0.1666666527777789,54.43,0.0174061374040486,1,0.1740613740404866,1,0.0,0,0.0174061374040486,1,0.417747297697168,1,0.6266209465457521,1,0.0,0,0.0,0,0.5047779847174113,1,0.1392490992323893,1,0.3307166106769246,1,0.313310473272876,1,0.7484639083740927,1,0.1914675114445353,1,57451,3,12311,0.2142869575812431,15089,0.2626412072896903,30051,0.5230718351290665,0.0095037510226105,0.0462829193573654,0.0543245548380358,1,0,0,0,0,1,2,0,0,0,0,0,0,Media,210,263,205,678,B
DLTR,0.032120460320426,0.6621645936823409,0.3057149378177912,0.0227451207699733,0.3675232451605282,23.0,0.0,23.08,0.1598637911956757,0.4086912630870938,0.4314449527859688,0.2174944071113253,0.4197969454662915,100,0.3181818109504134,44.03,0.0966777184144838,0.2492124564627087,0.6541098336640158,0.1307798159027092,0.3441312268212113,76,0.133333324444445,52.18,0.3644314868804664,1,0.0,0,0.1561849229487713,1,0.1041232819658475,1,0.5466472303206997,1,3.618284048313203,1,0.0,0,0.1561849229487713,1,0.4425239483548521,1,0.3904623073719284,1,0.5206164098292378,1,0.96314035818409,1,1.92628071636818,1,0.2082465639316951,1,38416,3,2070,0.0538837984173261,13809,0.3594596001665972,22537,0.5866566014160767,0.033814035818409,0.1860422740524781,0.0868388171595168,0,0,0,0,0,0,0,0,0,0,0,0,0,Retail,235,208,215,658,B
DOV,0.3231494389660656,0.1522891192696988,0.5245614343322813,0.3569127988993323,0.2971481595579082,100.0,2.384615201183446,66.41,0.4209313658904284,0.1847098001744598,0.3943588327243924,0.3478558756580499,0.3423540261552588,100,2.4210525041551314,67.73,0.3532341157740636,0.1343371741712798,0.5124287073676651,0.3496843543951454,0.2508282661689804,74,3.749999531250059,68.63,0.4304199284426869,1,1.1298523121620532,1,0.0807037365830038,1,0.4304199284426869,1,1.3719635219110644,1,5.084335404729239,1,0.0,0,0.0,0,0.2152099642213434,1,0.0538024910553358,1,0.7532348747747021,1,1.0491485755790493,1,0.6187286471363624,1,0.3228149463320152,1,37173,3,6512,0.1751809108761735,4421,0.1189304064778199,26240,0.7058886826460065,0.1559196190783633,0.2114975923385252,0.0953111129045274,1,0,0,0,0,1,2,1,2,0,0,0,0,Machinery,500,320,305,1125,BBB
DOW,0.2827128933463245,0.2458344345493242,0.4714526735991239,0.329633079386345,0.3539093454988004,100.0,1.1153845724852087,58.92,0.2729881562106311,0.1079960303008556,0.6190158119238913,0.2780954842793079,0.2511239110231341,100,2.199999780000022,67.53,0.2012781537303777,0.1195042601416576,0.6792175780777654,0.2626330504054564,0.255370341681601,73,1.2222220864197684,64.28,4.004492845631685,1,0.4883527860526445,1,0.65927626117107,1,1.5627289153684625,1,2.9545343556184984,1,5.05445133564487,1,0.0488352786052644,1,0.2685940323289544,1,0.0976705572105288,1,0.0488352786052644,1,0.2197587537236899,1,0.9522879328026568,1,1.635981833276359,1,0.0732529179078966,1,40954,3,5916,0.1444547541143722,5585,0.1363725155052009,29453,0.7191727303804268,0.2273526395468086,0.214045026126874,0.0764760462958441,1,1,6,0,0,0,0,0,0,0,0,0,0,Chemicals,225,201,200,626,B
DRE,0.2790572996561726,0.0403545013318459,0.680588203171889,0.2871811709297614,0.0804751041502753,30.0,9000000.0,72.14,0.1803080563402765,0.0849608678554931,0.7347310757735274,0.2255054080763073,0.2061329848382528,91,1.428571224489825,65.79,0.134124747775495,0.0323417224129661,0.8335335359722376,0.218992221698274,0.0469929878687623,100,9000000.0,67.59,0.1665179898899791,1,0.1427297056199821,1,0.0118941421349985,1,0.071364852809991,1,2.200416294974725,1,0.487659827534939,1,0.0118941421349985,1,0.0832589949449895,1,0.440083258994945,1,0.1665179898899791,1,0.2378828426999702,1,3.175735950044603,1,0.6779661016949153,1,0.0951531370799881,1,84075,3,3177,0.0377876895628902,70296,0.8361106155218555,10602,0.1261016949152542,0.0134522747546833,0.0589592625631876,0.1362473981564079,1,0,0,0,0,0,0,0,0,0,0,0,0,Real Estate,540,313,300,1153,BBB
DRI,0.2119420678836518,0.4207735586397607,0.3672843694301514,0.311531908273517,0.4129791869175495,29.0,0.4615384260355057,45.07,0.2727724016737193,0.2843259475706145,0.4429016487672925,0.3234621931362795,0.3796608917755265,100,1.0740740342935542,56.07,0.1777640476145527,0.2063122271898795,0.6159237155860121,0.2412910886488854,0.3134081666858396,44,0.9999998571428776,57.81,0.4565830981238585,1,0.0,0,0.2490453262493774,1,0.2075377718744811,1,1.245226631246887,1,5.229951851236924,1,0.0,0,0.1660302174995849,1,0.1660302174995849,1,0.2075377718744811,1,0.539598206873651,1,1.1622115224970944,1,1.9923626099950191,1,0.3320604349991698,1,24092,3,9124,0.3787149261165532,8823,0.3662211522497094,6145,0.2550639216337373,0.0689025402623277,0.2729121700149427,0.0882865681554042,1,0,0,0,0,0,0,0,0,0,0,0,0,Hotels Restaurants and Leisure,515,309,300,1124,BBB
DUK,0.1152183861657977,0.1139137693960219,0.7708678426966071,0.2023852962302148,0.255701198514727,100.0,0.9090908264462886,61.63,0.2461222233716398,0.2399483142513782,0.513929460849613,0.3219849173247148,0.344640857713008,100,0.9599999616000016,58.02,0.1232034564018249,0.1920522631315345,0.6847442823474283,0.2359901889184367,0.3053053818542627,77,0.6428570969387788,56.83,3.184634140273182,1,2.711915010076382,1,0.3980792675341477,1,0.8707983977309482,1,2.239195879879581,1,2.7367949642972658,1,0.0,0,0.1741596795461896,1,0.1492797253253054,1,0.1741596795461896,1,0.6966387181847586,1,0.6468788097429901,1,1.4679172990321696,1,0.0,0,40193,3,11131,0.2769387704326624,8628,0.2146642450177891,20434,0.5083969845495484,0.6071704028064588,0.1535590774512975,0.0860348816958176,1,1,1,0,0,1,2,0,0,0,0,0,0,Utilities,604,362,328,1294,A
DVA,0.1178030937910079,0.1074972703121602,0.7746996521949768,0.1097907404168574,0.1830181753404871,10.0,0.0,62.14,0.1837988164462149,0.1579091229476034,0.6582920664921403,0.2579810350143014,0.2681059485345008,100,0.9285713622449028,61.17,0.1441551456879824,0.3158891119901091,0.5399557416886092,0.2267163332086721,0.3559790434510517,100,0.3225806347554634,49.51,0.0178683105512373,1,0.0,0,0.0714732422049495,1,0.1072098633074242,1,0.6432591798445457,1,4.9852586437952295,1,0.0,0,0.5360493165371214,1,0.0893415527561869,1,0.3216295899222728,1,1.0184937014205306,1,0.9112838381131064,1,1.4294648440989906,1,0.518181005985884,1,55965,3,1253,0.0223889931207004,41891,0.7485213973018852,12821,0.2290896095774144,0.007379612257661,0.2379701599213794,0.1173411953899758,0,0,0,0,0,0,0,0,0,0,0,0,0,Health Care,260,332,300,892,BB
DXC,0.0679476134479045,0.3237683499231935,0.6082840718328952,0.1271838689822131,0.3841216681100391,10.0,0.0,46.33,0.157158788898355,0.3244861228899522,0.51835509034043,0.2444058043104656,0.3892088234682941,77,0.32142855994898,49.41,0.0779263373930007,0.2463774539530277,0.6756961986422538,0.1432549297959814,0.3619529776859065,60,0.1249999921875004,51.71,0.0,0,0.0,0,0.0685189626229059,1,0.0685189626229059,1,0.4796327383603412,1,3.151872280653671,1,0.1370379252458118,1,0.0,0,0.3768542944259824,1,0.1027784439343588,1,0.5824111822947001,1,1.3361197711466648,1,2.055568878687177,1,0.1370379252458118,1,29189,3,3174,0.1087395936825516,15479,0.5303025112199802,10536,0.3609578950974682,0.0154167665901538,0.1172359450477919,0.0886977971153516,1,0,0,0,0,1,1,0,0,0,0,0,0,Technology,505,326,305,1136,BBB
DXCM,0.0850294907095617,0.392506979630682,0.5224635346696295,0.1570606265056722,0.3282350815467925,58.0,0.1666666597222225,42.46,0.2447360619343817,0.1249674991797655,0.6302964350953698,0.2817505852114928,0.2157818269185417,100,2.199999780000022,65.44,0.0869529527891427,0.3146539191808551,0.5983931295946241,0.1538082589559014,0.3431327356756649,100,0.1562499951171876,47.59,0.0,0,0.0136154453612177,1,0.054461781444871,1,0.054461781444871,1,1.143697410342292,1,5.813795169239985,1,0.0,0,0.0136154453612177,1,0.2723089072243553,1,0.3403861340304441,1,1.1845437464259454,1,1.6678920567491764,1,1.8380851237643985,1,0.5582332598099283,1,146892,3,73436,0.4999319227731939,73437,0.4999387304958745,19,0.0001293467309315,0.0180268496582523,0.2203795986166707,0.1086852925959208,1,0,0,0,0,1,2,0,0,0,0,0,0,Health Care,215,236,215,666,B
EBAY,0.4175244854105746,0.1718711952185806,0.4106043125776684,0.3977273483759881,0.2850550324024681,34.0,1.9999997500000315,68.44,0.1803219333942979,0.2032436512969434,0.6164344202727079,0.273916720306964,0.2949826504255209,100,0.8421052188365674,58.1,0.1083429362438619,0.1819612850295379,0.7096957788616419,0.1801148816389614,0.2890606544601828,100,0.3999999733333351,56.96,0.0961617715745803,1,0.0137373959392257,1,0.0412121878176772,1,0.0137373959392257,1,4.780613786850564,1,2.5002060609390884,1,0.0137373959392257,1,0.0961617715745803,1,0.2472731269060636,1,0.8379811522927714,1,0.5082836497513531,1,3.317581119323021,1,1.2363656345303184,1,0.3571722944198697,1,145588,3,72784,0.4999313130203038,72785,0.4999381817182735,19,0.0001305052614226,0.0102618347666016,0.1504588290243701,0.1275311152018023,1,0,0,0,0,1,2,1,2,0,0,0,0,Retail,500,302,305,1107,BBB
ECL,0.2822308545280247,0.091404868485406,0.6263642841205,0.3096006986121236,0.2102177301724089,100.0,3.499999562500055,68.94,0.2577475819736719,0.1173383110528811,0.6249141055159271,0.2915590680703642,0.2706072514573739,100,2.083333159722237,66.39,0.1964527069302719,0.1352993148999909,0.6682479790345367,0.2988936948009384,0.2602401975085708,84,1.399999860000014,63.08,0.717056158534598,1,0.0977803852547179,1,0.2607476940125811,1,0.2607476940125811,1,0.9452103907956064,1,6.160164271047228,1,0.0,0,0.0651869235031452,1,0.0651869235031452,1,0.2281542322610084,1,0.5214953880251622,1,1.2385515465597603,1,1.434112317069196,1,0.0977803852547179,1,30681,3,10611,0.3458492226459372,6116,0.1993416120726182,13954,0.4548091652814445,0.1395000162967308,0.190508783937942,0.0783872755125321,1,0,0,0,0,1,1,1,1,0,0,0,0,Chemicals,547,373,325,1245,A
ETN,0.1667237605899572,0.3774951816536486,0.4557810427000125,0.1994129058037178,0.3515726599161569,15.0,0.285714244897965,46.3,0.2561325255249227,0.2487076495807351,0.4951598275053714,0.3284817004532908,0.3675589952634079,28,0.9999998571428776,57.8,0.1809786468123396,0.2157750107968847,0.6032463510831197,0.2571460189607006,0.2848402744691384,12,0.6666664444445185,57.31,1.5620932048945586,1,0.5206977349648529,1,1.5620932048945586,1,0.5206977349648529,1,2.343139807341838,1,10.674303566779484,1,0.0,0,0.0,0,0.2603488674824264,1,0.0,0,0.7810466024472793,1,0.5206977349648529,1,1.3017443374121322,1,0.0,0,3841,3,1866,0.4858109867222077,1940,0.5050768029159073,35,0.0091122103618849,0.1395469929705805,0.2551418901327779,0.1083051288726894,1,0,0,0,0,1,1,0,0,0,0,0,0,Electrical Equipment,520,328,320,1168,BBB
GLW,0.1362310331559887,0.2283483892189044,0.6354205648561841,0.2302532108828888,0.3422361301604815,38.0,0.3333332962963004,54.93,0.2178068557986989,0.1746553296847692,0.6075378095477142,0.3150810155040636,0.2981328881338164,88,1.2857141938775576,61.27,0.1816722043191216,0.1850723130961082,0.6332554840815386,0.2984617534743239,0.2988635830206058,56,0.9090908264462886,59.33,0.2738225629791895,1,0.0782350179940541,1,0.039117508997027,1,0.2347050539821624,1,1.760287904866218,1,2.26881552182757,1,0.0,0,0.0782350179940541,1,0.1955875449851353,1,0.0,0,0.508527616961352,1,0.4694101079643248,1,1.7994054138632452,1,0.3520575809732436,1,25564,3,7097,0.2776169613519011,4789,0.1873337505867626,13678,0.5350492880613362,0.0605539039273979,0.1311218901580347,0.0596542012204662,1,0,0,0,0,1,1,0,0,0,0,0,0,Electrical Equipment,200,200,200,600,B
GM,0.3329499365389347,0.156161909578368,0.5108881540037692,0.3046440362795822,0.292258393390385,100.0,2.3749998515625093,66.5,0.2180832294747233,0.2306337678292766,0.5512830018997192,0.2733018333451155,0.357997365539168,100,0.7727272376033073,57.64,0.1416584060906054,0.1585031617228146,0.6998384172444815,0.2106583197727722,0.2756303454875255,91,0.7692307100591762,59.66,2.788525972201206,1,0.5404120101165129,1,0.4539460884978707,1,0.6052614513304944,1,1.188906422256328,1,4.215213678908801,1,0.0,0,0.086465921618642,1,0.1945483236419446,1,0.5620284905211734,1,1.1672899418516678,1,0.1729318432372841,1,1.642852510754199,1,0.2593977648559262,1,46261,3,226,0.0048853245714532,16868,0.3646267914658135,29167,0.6304878839627331,0.122630293335639,0.1889496552171375,0.0726962236008733,0,0,0,0,0,0,0,1,2,0,0,0,0,Automobiles,510,303,255,1068,BBB
GOOGL,0.3445474067702889,0.1055968258795993,0.5498557488123575,0.2918208034216308,0.2381020484976798,21.0,2.666665777778074,70.2,0.2031541973154879,0.2421286562104907,0.5547171536212167,0.2755888042908506,0.3536495403057949,66,0.8124999492187531,56.37,0.2031596422479566,0.2440290120035662,0.5528113394344257,0.3138738076975664,0.3309103097260537,59,0.7142856632653098,56.25,0.4713343045676579,1,0.0856971462850287,1,0.1713942925700574,1,0.0,0,1.1997600479904018,1,2.442368669123318,1,0.0,0,0.0428485731425143,1,0.5141828777101723,1,0.0856971462850287,1,0.6855771702802296,1,0.5998800239952009,1,2.1424286571257176,1,0.3856371582826292,1,23338,3,3996,0.1712228982774873,11504,0.4929299854314851,7838,0.3358471162910275,0.0450338503727825,0.1374153740680435,0.1470134544519667,1,0,0,0,0,1,1,0,0,0,0,0,0,Media,295,362,355,1012,BBB
GS,0.2264883461124871,0.1685155322032886,0.6049961175607599,0.2805588344527011,0.3182554192314011,69.0,1.1818180743801752,61.97,0.2231001465860754,0.1325626692268997,0.6443371846154332,0.279527339650109,0.2488533233008301,100,1.5833332013889,64.19,0.1452253520488739,0.2561589372670278,0.5986157055012882,0.2344470992704946,0.3572764018474242,100,0.4444444279835396,53.43,0.1813039379215316,1,0.0966954335581502,1,0.4955640969855198,1,0.0120869291947687,1,3.021732298692194,1,1.8734740251891604,1,0.0,0,0.0966954335581502,1,0.0725215751686126,1,0.3746948050378321,1,0.8098242560495081,1,0.8339981144390457,1,0.979041264776271,1,0.3505209466482945,1,82734,3,21026,0.2541397732492083,20101,0.2429593637440472,41607,0.5029008630067445,0.0285976744748229,0.1383107307757391,0.1237943288128218,1,0,0,0,0,1,1,0,0,0,0,0,0,Financial Services,525,305,305,1135,BBB
HD,0.3204220127580421,0.2013782029040157,0.4781997861606734,0.3278592000806962,0.3499450151951536,35.0,1.4999998125000236,63.13,0.2815122020963047,0.3609889192573194,0.35749888264251,0.3541242315581115,0.4115081100231686,98,0.7837837626004389,51.39,0.2519573218317008,0.2271154992209345,0.5209271909997744,0.3114094938823726,0.3338692022167012,51,0.9999999230769292,59.06,0.6966560509554139,1,0.5971337579617834,1,0.3980891719745223,1,0.2985668789808917,1,1.4430732484076432,1,4.130175159235669,1,0.1492834394904458,1,0.0995222929936305,1,0.1492834394904458,1,0.0,0,0.8957006369426752,1,0.7464171974522293,1,1.3435509554140126,1,0.3980891719745223,1,20096,3,6109,0.3039908439490446,9743,0.4848228503184713,4244,0.211186305732484,0.0746914808917197,0.2360171178343949,0.1197253184713375,1,0,0,0,0,0,0,0,0,0,0,0,0,Retail,230,317,205,752,BB
HSY,0.195477687189299,0.4397645806047049,0.3647577328550996,0.2561282476207131,0.3987942790005351,33.0,0.4666666355555576,43.26,0.3085796512197703,0.2267121424432844,0.4647081999108195,0.3111603494457552,0.3510827613014727,100,0.999999958333335,61.06,0.2022551948395677,0.1593362541917042,0.6384085492254832,0.2771947780004809,0.2788484020886552,39,1.199999760000048,61.72,0.7861635220125787,1,0.0982704402515723,1,0.6878930817610063,1,0.0,0,1.0318396226415094,1,4.9626572327044025,1,0.0491352201257861,1,0.3930817610062893,1,0.1965408805031446,1,0.4913522012578616,1,0.4422169811320754,1,1.0809748427672956,1,0.7861635220125787,1,0.0,0,20352,3,4012,0.197130503144654,4570,0.2245479559748427,11770,0.5783215408805031,0.0979756289308176,0.2315251572327044,0.0909001572327044,1,0,0,0,0,1,2,0,0,0,0,0,0,Food Products,525,361,300,1186,BBB
JNJ,0.1783568281680345,0.2722755497735407,0.5493676436858045,0.2613327209957448,0.3731443921020104,9.0,0.6666664444445185,53.54,0.2077477500215172,0.2547992512723431,0.5374529967457056,0.2784869765996889,0.3583136040605172,100,0.64285711989796,55.71,0.1059986515236752,0.1798506311274,0.7141507170030049,0.1811738849684719,0.3025612841412553,35,0.399999920000016,57.02,0.1987972764773122,1,0.0,0,0.3478952338352964,1,0.0,0,1.0436857015058894,1,10.58595497241688,1,0.049699319119328,1,0.049699319119328,1,0.2484965955966403,1,0.2484965955966403,1,0.745489786789921,1,0.4969931911932806,1,2.286168679489091,1,0.5963918294319368,1,20121,3,4610,0.2291138611401023,5902,0.2933253814422742,9609,0.4775607574176234,0.0225634908801749,0.3018736643307986,0.0686844590229113,1,0,0,0,0,1,6,0,0,0,0,0,0,Pharmaceuticals,565,308,300,1173,BBB
JPM,0.0708854222670197,0.5129362780600786,0.4161783020943403,0.1285714176260315,0.3594040706995418,10.0,0.0,34.14,0.1647838720970827,0.299152757851002,0.5360633593214594,0.2652554642282377,0.3802907967377513,69,0.4761904535147402,51.32,0.0977093378334479,0.2164851038606237,0.6858055645884094,0.1557476259012283,0.3300908282563654,59,0.1666666527777789,54.35,0.1715339422788284,1,0.0428834855697071,1,0.6861357691153137,1,0.0,0,1.715339422788284,1,6.003687979758995,1,0.0428834855697071,1,0.0857669711394142,1,0.428834855697071,1,0.0428834855697071,1,1.2865045670912132,1,1.0720871392426776,1,2.6158926197521337,1,1.8011063939276983,1,23319,3,5525,0.2369312577726317,17739,0.7607101505210343,55,0.0023585917063338,0.0207556070157382,0.1464899867061194,0.1178867018311248,0,0,0,0,0,1,2,0,0,0,0,0,0,Banking,505,319,338,1162,BBB
KMX,0.1106583149068885,0.211365468127446,0.6779761993222766,0.2518616930707018,0.294708627948359,9.0,0.499999750000125,55.13,0.235595454191789,0.2068341104034334,0.5575704391300679,0.2855531564723054,0.3296137644907669,100,0.9047618616780064,59.8,0.2270282312243614,0.0782353273715894,0.6947364325301265,0.3166491086031355,0.2013857608760269,53,4.33333188888937,67.86,0.0282111321127316,1,0.0564222642254633,1,0.0,0,0.084633396338195,1,1.7490901909893644,1,2.8211132112731683,1,0.0,0,0.0282111321127316,1,0.0282111321127316,1,0.2539001890145851,1,0.1410556605636584,1,0.3667447174655118,1,1.0438118881710725,1,0.1692667926763901,1,35447,3,6105,0.1722289615482269,5612,0.1583208734166502,23730,0.6694501650351229,0.0137388213389003,0.0996981408863937,0.0539961068637684,1,0,0,0,0,0,0,0,0,0,0,0,0,Retail,251,237,300,788,BB
KO,0.075836135437712,0.309549394827336,0.6146144708618522,0.1279307752340758,0.3961224503626622,100.0,0.1666666611111112,47.53,0.2557410783413797,0.2155737842712551,0.5286851358227431,0.2643034299802579,0.3479282988736315,100,1.090909041322316,59.94,0.1401813513226807,0.2232810221146792,0.6365376269817352,0.2099644683912292,0.3251766125890369,100,0.4444444197530878,55.39,0.4952225588440923,1,0.1456536937776742,1,0.2913073875553484,1,0.3786996038219529,1,2.6945933348869726,1,4.355045443952458,1,0.3495688650664181,1,0.0582614775110696,1,0.3495688650664181,1,0.3641342344441854,1,0.5389186669773945,1,0.7137030995106036,1,1.4128408296434398,1,0.1165229550221393,1,68656,3,7032,0.1024236774644605,19788,0.2882195292472617,41836,0.6093567932882777,0.1134350967140526,0.2043084362619436,0.0908587741785131,1,0,0,0,0,1,9,0,0,0,0,0,0,Beverages,200,201,200,601,B
LDOS,0.1629088458791375,0.2219479932077229,0.6151431652903557,0.2404447987933425,0.3144829860354558,25.0,0.4999999166666805,56.28,0.1818606515973806,0.1905673388950526,0.6275720132514835,0.2274362900591786,0.3285742610224461,100,0.7222221820987677,58.98,0.074690715812925,0.3260288280434906,0.599280454607597,0.1274736534591093,0.3786935507487254,67,0.0454545433884298,46.42,0.0369590124551872,1,0.0,0,0.3695901245518719,1,0.0,0,0.92397531137968,1,5.839523967919577,1,0.0,0,0.4435081494622463,1,0.0,0,0.4435081494622463,1,1.2566064234763643,1,0.9978933362900544,1,1.2196474110211777,1,0.7391802491037439,1,27057,3,7541,0.2787079129245666,12426,0.4592526887681561,7090,0.2620393983072772,0.0400635695014229,0.1673873674095428,0.113131537125328,1,0,0,0,0,0,0,0,0,0,0,0,0,Professional Services,500,300,300,1100,BBB
LEG,0.1727519101596304,0.2876418203647647,0.5396062679588794,0.2284108429424789,0.3967413094889028,35.0,0.399999960000004,52.35,0.2163123684003949,0.2738028510799631,0.5098847736045719,0.2671830454031836,0.3905944059777286,100,0.7407407133058995,54.77,0.1589299003179702,0.296775213977391,0.5442948806341048,0.2590692107183587,0.3723681394727904,54,0.4666666355555576,51.27,1.0243076074538076,1,0.0,0,0.3151715715242485,1,0.0,0,1.260686286096994,1,5.121538037269039,1,0.0,0,0.0787928928810621,1,0.0787928928810621,1,0.2363786786431863,1,0.7485324823700903,1,1.0637040538943388,1,0.9455147145727456,1,0.039396446440531,1,25383,3,6232,0.2455186542173895,6167,0.242957885198755,12984,0.5115234605838553,0.0427451443879762,0.1601859512271993,0.0832840877752826,1,0,0,0,0,1,2,0,0,0,0,0,0,Consumer products,500,300,300,1100,BBB
LIN,0.1810391889242776,0.1413607120931405,0.6776000969754211,0.2709743311139417,0.2708353166813527,58.0,1.1249998593750177,62.15,0.2113855659695608,0.4079983980527946,0.3806160271699939,0.3110627898356251,0.4020832882967045,35,0.4666666355555576,45.88,0.144636047212407,0.2458797748200595,0.6094841686077416,0.2675915090453611,0.3505480899464518,20,0.399999920000016,54.08,4.294478527607362,1,0.5258545135845749,1,0.9640666082383874,1,0.175284837861525,1,1.3146362839614374,1,2.716914986853637,1,0.0,0,0.0,0,0.0876424189307625,1,0.0,0,0.9640666082383874,1,0.4382120946538124,1,1.2269938650306749,1,0.35056967572305,1,11410,3,1334,0.1169149868536371,4048,0.3547765118317265,6028,0.5283085013146362,0.1640666082383873,0.1714285714285714,0.0781770376862401,0,0,0,0,0,1,1,0,0,0,0,0,0,Chemicals,210,240,275,725,B
LKQ,0.1378875583636038,0.1964382015196888,0.6656742317206932,0.2051678246317864,0.2563342731980402,33.0,0.4285713673469475,57.06,0.1951526911348425,0.3034069294320239,0.5014403836541278,0.2841273641411633,0.3749267812439503,93,0.5925925706447196,52.11,0.1737307820638472,0.2152684683572839,0.6110007529654964,0.2617851812808858,0.3265742929313138,44,0.499999950000005,57.09,0.2330391214425121,1,0.058259780360628,1,0.116519560721256,1,0.4660782428850243,1,0.8156369250487926,1,3.2625477001951704,1,0.0,0,0.1747793410818841,1,0.1747793410818841,1,0.2039092312621981,1,0.6991173643275366,1,0.5243380232456523,1,0.6991173643275366,1,0.4078184625243963,1,34329,3,7991,0.2327769524308893,14843,0.432374959946401,11495,0.3348480876227097,0.0420344315301931,0.1251711381048093,0.0554924407934982,1,0,0,0,0,0,0,0,0,0,0,0,0,Distributors,515,300,305,1120,BBB
LNT,0.1670675267092883,0.1939632947044447,0.6389691774919629,0.2305405251175797,0.3265537194618931,100.0,0.6111110771604957,58.24,0.209731415639837,0.2731181818072672,0.5171504064475174,0.2716952803109717,0.3658284549337494,77,0.6363636074380178,54.59,0.2200434921452632,0.1095170395162243,0.6704394597416887,0.2658393071250946,0.2534903040913174,26,1.9999990000005,65.58,2.331186534434391,1,5.334070883875301,1,0.3556047255916867,1,0.2765814532379786,1,2.212651625903829,1,4.741396341222489,1,0.039511636176854,1,0.1975581808842704,1,0.1975581808842704,1,0.2765814532379786,1,0.6321861788296653,1,0.2370698170611245,1,0.5926745426528112,1,0.0790232723537081,1,25309,3,7460,0.2947568058793314,5677,0.2243075585760006,12172,0.4809356355446679,0.4501560709628985,0.1467067051246592,0.0435023114307163,1,0,0,0,0,1,1,0,0,0,0,0,0,Utilities,519,307,300,1126,BBB
LOW,0.3418363729301332,0.1578923934985968,0.500271232163703,0.3131355916052081,0.3179907754793869,88.0,1.8571427244898056,66.7,0.2820742254657671,0.2177546663163229,0.5001711041294038,0.3285820025078775,0.3412097569894203,100,1.4999999250000036,60.72,0.14627026617527,0.1076704112673178,0.7460593203827739,0.2363988642410119,0.2218920494829255,100,1.5714283469388075,63.12,0.2029581145191161,1,0.1268488215744475,1,0.1141639394170028,1,0.1268488215744475,1,1.4270492427125352,1,6.393180607352157,1,0.0761092929446685,1,0.0951366161808356,1,0.469340639825456,1,1.4777887713423143,1,0.3044371717786742,1,3.539082121927087,1,1.0021056904381358,1,0.1775883502042266,1,157668,3,68979,0.437495243169191,68979,0.437495243169191,19710,0.125009513661618,0.0209046857954689,0.188681279650912,0.1404914123347794,1,1,4,0,0,0,0,0,0,0,0,0,0,Retail,218,200,200,618,B
LRCX,0.0464559398591518,0.4154335892759263,0.5381104685366154,0.0444319206161297,0.3637911989267829,10.0,0.0,39.62,0.2544490015607769,0.2452944816184877,0.5002565064735837,0.3125682567582097,0.3524275161840283,59,0.8571427959183717,57.96,0.1387301650421138,0.2324074891542917,0.6288623393170143,0.2106209886726948,0.3262764627519856,57,0.3846153550295881,54.75,0.1623969794161828,1,0.0,0,0.1217977345621371,1,0.0,0,0.4465916933945029,1,3.7351305265722057,1,0.0,0,0.0,0,0.1217977345621371,1,0.0811984897080914,1,0.85258414193496,1,1.0149811213511428,1,1.0961796110592343,1,0.0,0,24631,3,7091,0.2878892452600382,10084,0.409402785108197,7456,0.3027079696317648,0.0219235922211846,0.1134342901222037,0.1120539157971661,1,0,0,0,0,0,0,0,0,0,0,0,0,Semiconductors,510,325,315,1150,BBB
LUMN,0.1980820113026044,0.3523186012992964,0.4495993846041314,0.2474865374158541,0.3973707907067473,17.0,0.4999999166666805,49.03,0.2629443963617086,0.2823505381541327,0.4547050762176514,0.2923204773262433,0.3700076895350212,100,0.7333333088888897,55.85,0.1030221590772271,0.2820602270001743,0.6149176210561331,0.2026675103754024,0.3464842654573611,47,0.2307692130177528,50.27,0.166013679527193,1,0.0,0,0.166013679527193,1,0.166013679527193,1,1.7265422670828077,1,5.2460322730593,1,0.0,0,0.0664054718108772,1,0.2324191513380702,1,0.0996082077163158,1,0.6640547181087721,1,2.9218407596785974,1,1.2285012285012284,1,0.166013679527193,1,30118,3,7828,0.2599110166677734,9708,0.322332160169998,12582,0.4177568231622285,0.025366890231755,0.1981539278836576,0.0826416096686366,1,0,0,0,0,1,1,0,0,0,0,0,0,Telecommunication,535,327,305,1167,BBB
LYV,0.4862901540473103,0.4743094267323613,0.0394004108384251,0.4705753354355693,0.4562435923144221,2.0,0.999999000001,51.19,0.1881965145189315,0.3074483559466898,0.5043551348894835,0.2867099628466454,0.3720785783193784,50,0.4374999726562517,51.6,0.2229800527649266,0.1740417883930994,0.6029781635318484,0.3172311598184727,0.2432572995631488,28,1.199999760000048,61.49,0.0,0,0.0349027957139366,1,0.0349027957139366,1,0.0698055914278733,1,0.5235419357090503,1,1.849848172838644,1,0.0,0,0.0,0,0.0,0,0.10470838714181,1,0.8376670971344804,1,1.2914034414156574,1,1.6055286028410876,1,0.4188335485672402,1,28651,3,5408,0.1887543192209696,12545,0.4378555722313357,10698,0.3733901085476946,0.0009772782799902,0.08928135143625,0.0582876688422742,1,0,0,0,0,0,0,0,0,0,0,0,0,Media,492,310,250,1052,BBB
MAR,0.2008697632700204,0.3666298809306075,0.4325003523069123,0.2493884231256625,0.4021807230545873,12.0,0.399999920000016,48.2,0.2247378115379621,0.2989573958921172,0.4763048032209986,0.2770598219073908,0.4028343550202019,63,0.6315789141274255,53.43,0.1604596808662309,0.3192582259858575,0.5202820985304082,0.2627445687699273,0.3985707642737437,34,0.4545454132231443,49.86,0.3792393542095568,1,0.0541770506013652,1,0.1625311518040958,1,0.1083541012027305,1,1.2460721638314012,1,2.3837902264600714,1,0.216708202405461,1,0.2708852530068263,1,0.3792393542095568,1,0.5959475566150179,1,0.7043016578177483,1,0.3792393542095568,1,1.842019720446419,1,0.6501246072163832,1,18458,3,3994,0.2163831401018528,8306,0.4499945822949399,6158,0.3336222776032073,0.0391158305341857,0.1719037815581319,0.083811897280312,1,0,0,0,0,0,0,0,0,0,0,0,0,Hotels Restaurants and Leisure,215,200,215,630,B
MAS,0.0677694261360627,0.2793192945850583,0.6529112793505192,0.0572861248935487,0.3250708350035183,13.0,0.0,49.22,0.1803661500103771,0.4765258027085413,0.3431080468619863,0.2889462267443603,0.4168531640255095,30,0.3333333111111126,40.34,0.2886038161814213,0.2699320329818874,0.4414641454815864,0.3647758122365214,0.3786849203150552,20,1.399999720000056,57.56,0.0,0,0.0,0,0.3257063757023044,1,0.0,0,0.3257063757023044,1,1.628531878511522,1,0.0,0,0.0,0,0.0814265939255761,1,0.4885595635534566,1,0.7328393453301848,1,1.2213989088836414,1,1.709958472437098,1,0.0,0,12281,3,1736,0.1413565670548001,4686,0.3815650191352496,5859,0.4770784138099503,0.0587085742203403,0.1372852373585213,0.075482452569009,0,0,0,0,0,0,0,0,0,0,0,0,0,Building,522,323,305,1150,BBB
MCHP,0.0868023967603221,0.5709119405830279,0.342285668104887,0.1732956501740502,0.4040736400156465,40.0,0.1666666597222225,30.93,0.1917002704273909,0.3129082782752811,0.4953914507478476,0.2646888592581581,0.3865622269275799,100,0.4666666511111116,51.37,0.0870544791873544,0.1881294478848576,0.7248160785809159,0.1459682149981625,0.3227008275757635,100,0.1111111049382719,55.82,0.1113379105585451,1,0.0371126368528484,1,0.1484505474113936,1,0.0742252737056968,1,0.4082390053813323,1,3.061792540359993,1,0.0,0,0.0,0,0.3340137316756355,1,0.1484505474113936,1,0.3525700501020597,1,0.4824642790870291,1,1.2432733345704212,1,0.3340137316756355,1,53890,3,4792,0.0889218778994247,18718,0.3473371683058081,30380,0.5637409537947671,0.0283726108740026,0.0986268324364446,0.0693820745964,1,0,0,0,0,0,0,0,0,0,0,0,0,Semiconductors,500,300,300,1100,BBB
MCK,0.1096182127707991,0.2796336665171487,0.6107481308281422,0.1892139188590696,0.3438420288927689,29.0,0.57142848979593,50.66,0.2355515011865645,0.1385417153872549,0.625906790457666,0.2528973940468884,0.2722668100961844,100,1.3076922071005996,64.24,0.1268603568314574,0.24298003843287,0.6301595937693492,0.2187310103155665,0.336101940397879,80,0.4705882076124583,53.65,0.0869514810735609,1,0.0289838270245203,1,0.2028867891716422,1,0.1449191351226015,1,1.1303692539562924,1,8.23140687496377,1,0.0,0,0.2898382702452031,1,0.0289838270245203,1,0.0869514810735609,1,0.9854501188336908,1,1.623094313373138,1,2.6954959132803897,1,0.4347574053678048,1,34502,3,6813,0.1974668135180569,7936,0.2300156512665932,19753,0.5725175352153499,0.0279983769056866,0.2450872413193438,0.0930380847487102,1,0,0,1,1,1,2,0,0,0,0,0,0,Health Care,500,303,310,1113,BBB
MCO,0.3419111012904481,0.0754421849057755,0.5826467203371453,0.3190662558603135,0.2165454661374721,33.0,5.499997250001375,72.06,0.2250909787726899,0.2477368631213903,0.5271721609681844,0.2968281264168818,0.3380239354065646,75,0.9499999525000024,56.78,0.1937742536484273,0.2391393825834252,0.5670863605229203,0.2647340852618693,0.3417909524890758,97,0.5199999792000009,56.24,0.2834266279316942,1,0.1771416424573088,1,0.1771416424573088,1,0.0,0,2.0548430525047827,1,3.897116134060795,1,0.0,0,0.0708566569829235,1,0.1417133139658471,1,0.3188549564231559,1,0.921136540778006,1,3.0114079217742504,1,1.558846453624318,1,0.460568270389003,1,28226,3,6561,0.2324452632324807,9583,0.3395096719336781,12082,0.4280450648338411,0.0515836462835683,0.1309076737759512,0.1923758237086374,1,0,0,0,0,0,0,0,0,0,0,0,0,Financial Services,515,308,235,1058,BBB
MDLZ,0.3170441468379327,0.2090279487892985,0.4739279065813337,0.3215698413425986,0.3182285460210168,70.0,1.7142855918367434,62.51,0.2417355038318783,0.3116438283817843,0.4466206697002053,0.3119057546083486,0.3894016699834144,100,0.7812499755859383,53.2,0.167315169237554,0.1040660261877634,0.7286188043235393,0.2640590988810872,0.2222954750594128,89,2.333332944444509,64.09,1.3083632632119035,1,0.2308876346844535,1,0.513083632632119,1,0.2565418163160595,1,2.744997434581837,1,4.335556695741405,1,0.0513083632632119,1,0.0,0,0.2821959979476655,1,0.2821959979476655,1,0.4617752693689071,1,1.436634171369933,1,0.7439712673165726,1,0.1026167265264238,1,38980,3,6921,0.1775525910723447,10898,0.2795792714212416,21161,0.5428681375064135,0.0713186249358645,0.2604925602873268,0.0936890713186249,1,0,0,0,0,1,4,0,0,0,0,0,0,Food Products,520,307,300,1127,BBB
MDT,0.0317916737869381,0.3546314274892211,0.6135768940051397,0.0212806419982905,0.3619818874812038,15.0,0.0,43.06,0.2003325284039601,0.2249938400276005,0.5746736330725253,0.2863423268597808,0.3349506906111696,100,0.7727272376033073,57.39,0.1026402863115072,0.2416992486175149,0.6556604632735252,0.183679839262018,0.3004289140138662,50,0.3636363305785154,52.88,0.1658741568063695,1,0.0552913856021231,1,0.3870396992148623,1,0.0,0,1.1058277120424638,1,9.454826937963066,1,0.0,0,0.0,0,0.1658741568063695,1,0.1105827712042463,1,1.2717018688488335,1,0.6634966272254782,1,1.714032953665819,1,0.7740793984297246,1,18086,3,3827,0.2116001326993254,14221,0.7862987946477938,38,0.0021010726528806,0.0405285856463563,0.277839212650669,0.1263408161008515,0,0,0,0,0,0,0,0,0,0,0,0,0,Health Care,515,308,315,1138,BBB
MET,0.1667672221415809,0.1918322205277426,0.6414005541907889,0.2913780220661647,0.287379144223752,35.0,0.8333331944444675,58.37,0.184612388163805,0.0588058429770171,0.7565817708522081,0.2618608249097525,0.1552681013830557,100,4.249998937500266,67.64,0.1182146094553172,0.1958503773109987,0.6859350113198162,0.204675868411572,0.3279627507115003,100,0.3684210332409982,56.41,0.0,0,0.153361403117419,1,0.1812452945933134,1,0.0,0,2.147059643643867,1,4.447480690405153,1,0.0,0,0.0,0,0.2370130775451022,1,0.0278838914758943,1,0.44614226361431,1,0.9898781473942504,1,1.0595878760839863,1,0.3067228062348381,1,71726,3,17531,0.2444162507319521,10835,0.1510609820706577,43360,0.6045227671973901,0.0205086021805203,0.1899590106795304,0.1260909572539943,1,0,0,0,0,1,1,0,0,0,0,0,0,Insurance,517,305,305,1127,BBB
META,0.1095112087205052,0.4002575064077973,0.4902312979102134,0.1494150079948506,0.2567216531809461,4.0,0.0,42.82,0.2597807953910281,0.3038098752149381,0.436409335816279,0.340462454697764,0.3571768652798264,96,0.8275861783590973,54.34,0.1091655694927351,0.3177792561144974,0.5730551780941777,0.2235341655592014,0.3527678006599856,78,0.3043478128544429,48.17,0.0,0,0.0252066948981649,1,0.0252066948981649,1,0.0,0,0.9578544061302682,1,2.470256100020165,1,0.0,0,0.8066142367412785,1,0.2772736438798144,1,0.1008267795926598,1,1.1595079653155878,1,0.8570276265376083,1,2.8231498285944747,1,0.7814075418431136,1,39672,3,3596,0.0906432748538011,25923,0.6534331518451301,10153,0.2559235733010687,0.0060496067755595,0.1297136519459568,0.1008519862875579,0,0,0,0,0,1,1,0,0,0,0,0,0,Media,205,232,215,652,B
MGM,0.2206606562390471,0.2901300433599813,0.489209300810189,0.3016278482252482,0.3921767443538033,66.0,0.5999999700000015,53.86,0.2756309286039322,0.2216630704887211,0.5027059986814857,0.315414666036036,0.3417467185488249,100,1.2857142244897988,60.24,0.1153977590147405,0.2083925365284085,0.6762096908688545,0.2142408555263491,0.3235686801425286,100,0.3181818037190089,55.49,0.0948871633482517,1,0.1897743266965034,1,0.2530324355953379,1,0.1265162177976689,1,1.107016905729603,1,3.384308826087644,1,0.0316290544494172,1,0.6325810889883446,1,0.3637341261682982,1,0.0,0,0.7907263612354308,1,0.4902503439659672,1,1.02794426960606,1,0.079072636123543,1,63233,3,1877,0.029683867600778,23423,0.3704236711843499,37933,0.5998924612148719,0.0428573687789603,0.1463160058830041,0.096389543434599,0,0,0,0,0,1,2,0,0,0,0,0,0,Hotels Restaurants and Leisure,500,300,200,1000,BBB
MHK,0.3246548783585981,0.2001102724181557,0.4752348475848083,0.3489595689718444,0.3021299153748746,27.0,1.428571224489825,63.36,0.218965147134094,0.3429422364459328,0.4380926085813414,0.3144831151615567,0.3662225242315042,42,0.5624999648437522,50.37,0.1263016087856764,0.2311454924250332,0.6425529023011526,0.208475127865937,0.3235240961910537,24,0.333333277777787,54.4,0.2777469170092212,1,0.1110987668036884,1,0.0555493834018442,1,0.3888456838129097,1,0.1110987668036884,1,2.333074102877458,1,0.0,0,0.0,0,0.1110987668036884,1,0.0,0,0.3332963004110654,1,0.6665926008221309,1,0.6110432174202867,1,0.0,0,18002,3,5449,0.3026885901566493,6007,0.3336851460948783,6546,0.3636262637484724,0.0652705254971669,0.1088212420842128,0.0661593156315965,1,0,0,0,0,0,0,0,0,0,0,0,0,Consumer products,570,298,303,1171,BBB
MKC,0.0779989195677141,0.5343347327369783,0.3876663487818506,0.1363465360924507,0.3530644921396774,18.0,0.0909090826446288,33.0,0.1791640206531857,0.41023881487683,0.4105971685599491,0.2757094635512854,0.4137528766000228,83,0.3513513418553691,44.61,0.1751331731728795,0.2528133471496403,0.5720534813590348,0.3078439190077425,0.3543392078062267,36,0.6666665925926009,54.7,0.065138092756644,1,0.032569046378322,1,0.3908285565398645,1,0.032569046378322,1,0.3582595101615424,1,3.2243355914538823,1,0.032569046378322,1,0.0,0,0.2605523710265763,1,0.3908285565398645,1,0.5536737884314747,1,0.9119332985930172,1,0.781657113079729,1,0.065138092756644,1,30704,3,3550,0.1156201146430432,8925,0.2906787389265242,18229,0.5937011464304325,0.0324062011464304,0.1230132881709223,0.0533155289213131,1,0,0,0,0,1,3,0,0,0,0,0,0,Food Products,500,300,300,1100,BBB
MKTX,0.0663557671010494,0.0160703523084521,0.917573869228363,0.0380195198235667,0.0051648769476865,5.0,0.0,66.28,0.1169056126754731,0.1050733640743419,0.77802102195099,0.2107328794817496,0.1871168871940671,100,1.14285697959186,62.26,0.1106514044385403,0.1334073833934962,0.7559412134438753,0.1833692632630029,0.2497417199318541,100,0.5454544958677732,60.2,0.0,0,0.0125302291778916,1,0.0,0,0.0,0,1.3156740636786246,1,3.834250128434849,1,0.0125302291778916,1,0.0751813750673499,1,0.3633766461588582,1,1.679050709837483,1,0.2881952710915083,1,1.8043530016164,1,1.4159158971017578,1,0.1754232084904833,1,79807,3,6557,0.0821607127194356,64669,0.810317390705076,8581,0.1075218965754883,0.0021802598769531,0.1370681769769569,0.170824614382197,0,1,11,0,0,0,0,0,0,0,0,0,0,Financial Services,230,213,210,653,B
MMC,0.1869241424008376,0.162147380101184,0.6509284695817364,0.2471347697671699,0.3370635481226661,18.0,0.6666664444445185,61.0,0.1359748665615916,0.2017585541121661,0.6622665761783719,0.1891499958037591,0.3425299574004529,100,0.3333333174603182,56.64,0.1157560597918927,0.1865525748487562,0.6976913708820939,0.1970426768801059,0.3050452189989532,100,0.4117646816609011,56.93,0.0,0,0.1623745656480369,1,0.0974247393888221,1,0.0,0,1.6562205696099763,1,5.293410840126003,1,0.0324749131296073,1,0.0,0,0.1623745656480369,1,0.3896989575552885,1,0.7144480888513624,1,0.8118728282401845,1,2.273243919072516,1,0.3247491312960738,1,30793,3,7967,0.2587276329035819,13563,0.4404572467768649,9263,0.3008151203195531,0.0204916701847822,0.1927710843373494,0.1447731627317897,1,0,0,0,0,0,0,0,0,0,0,0,0,Insurance,500,300,300,1100,BBB
MNST,0.1025965766888111,0.0917865452682599,0.8056168764270842,0.1729034668159518,0.2169720377385046,100.0,0.6249999218750099,62.62,0.1134502552026374,0.4030487012597873,0.483501039501844,0.181147488677772,0.3953185322842263,66,0.1538461479289943,42.77,0.12637561877282,0.3370662655753011,0.5365581125594102,0.2177867610864615,0.3583440369535775,39,0.1428571326530619,47.51,1.343083121922101,1,0.0,0,0.1790777495896134,1,0.1790777495896134,1,0.2387703327861513,1,3.462169825399194,1,0.2387703327861513,1,0.0298462915982689,1,0.0596925831965378,1,0.1492314579913445,1,0.4775406655723027,1,0.8058498731532607,1,1.074466497537681,1,0.1790777495896134,1,33505,3,8980,0.2680196985524548,12376,0.369377704820176,12149,0.362602596627369,0.2020295478286823,0.0977764512759289,0.0653036860170123,1,0,0,0,0,1,8,0,0,0,0,0,0,Beverages,515,344,300,1159,BBB
MO,0.0968325148251923,0.2319065957245501,0.6712608858096328,0.1970339927656487,0.3208218043849367,22.0,0.2499999375000156,53.32,0.2145012233406305,0.2111394781991839,0.5743592880293726,0.2715303129249818,0.3236869927366494,100,0.7368420664819965,58.78,0.1059857159982332,0.145162005481931,0.7488522654813197,0.1612652757339104,0.2340482331753155,72,0.333333277777787,59.27,0.0,0,0.1278690620804296,1,0.0213115103467382,1,0.0,0,2.322954627794472,1,4.965581910790017,1,0.0426230206934765,1,0.0,0,0.3196726552010741,1,0.3836071862412889,1,0.468853227628242,1,0.7245913517891014,1,3.921317903799842,1,0.61803380005541,1,46923,3,1505,0.0320738230718411,10271,0.2188905227713488,35147,0.7490356541568101,0.029963983547514,0.206252797135733,0.0904460499115572,0,0,0,0,0,0,0,0,0,0,0,0,0,Tobacco,500,327,341,1168,BBB
MPC,0.1536500787269324,0.1725952078728005,0.6737547069601715,0.2254402678520582,0.3047172735828931,100.0,0.7333332844444478,59.16,0.2516226092446595,0.1612669401522725,0.5871104463562369,0.2883713357984794,0.2859533211907176,100,1.176470519031146,63.32,0.1448603929392993,0.1647565347142517,0.6903830638155342,0.2181445593182209,0.2763217222359737,100,0.588235259515573,59.36,3.243185765427285,1,1.931733597986744,1,0.5671144507850991,1,0.3898911849147556,1,1.0456172686350262,1,3.4026867047105944,1,0.0,0,0.106333959522206,1,0.5848367773721334,1,0.2126679190444121,1,1.3114521674405415,1,0.3012795519795839,1,10.314394073653988,1,0.0708893063481374,1,56426,3,770,0.0136461914720164,21323,0.3778931698153333,34333,0.6084606387126502,0.2133236451281324,0.1193421472370892,0.1145039520788289,1,0,0,0,0,0,0,0,0,0,0,0,0,Energy,700,366,315,1381,A
MPWR,0.327167065658917,0.1604562897183415,0.5123766505469879,0.3231866504793614,0.3110140339721386,18.0,1.9999993333335555,66.02,0.2737396221867279,0.2814929100767344,0.444767462844147,0.3389605079215114,0.3662522132033048,79,0.999999956521741,56.28,0.1463255977578228,0.2553978741634637,0.5982765289954841,0.2533978139474853,0.331819573193664,64,0.5333332977777802,53.52,0.0,0,0.0,0,0.0,0,0.1846858493702212,1,0.5171203782366195,1,3.102722269419717,1,0.0738743397480885,1,0.0,0,0.590994717984708,1,0.295497358992354,1,0.8126177372289735,1,0.7756805673549293,1,1.5513611347098586,1,0.147748679496177,1,27073,3,3237,0.1195656188822812,18416,0.6802349204003989,5420,0.2001994607173198,0.0243785321168692,0.1019835260222361,0.0861005429763971,1,0,0,0,0,1,8,0,0,0,0,0,0,Semiconductors,330,287,235,852,BB
MRK,0.0746934641525149,0.2336448543518781,0.6916616767644882,0.1362343247468119,0.2877750369537042,25.0,0.199999960000008,52.43,0.202603289950639,0.3050794769497588,0.4923172368481755,0.3020917956772764,0.3780576043259661,100,0.5806451425598341,52.26,0.2127055102027952,0.2149447096442734,0.5723497761689402,0.2938079554689122,0.2978764999761137,54,0.6923076390532585,58.47,0.127965602845955,1,0.0,0,0.307117446830292,1,0.025593120569191,1,0.460676170245438,1,5.6816727663604025,1,0.0,0,0.025593120569191,1,0.102372482276764,1,0.025593120569191,1,0.204744964553528,1,0.6398280142297751,1,1.02372482276764,1,0.537455531953011,1,39073,3,8405,0.2151101783840503,10252,0.2623806720753461,20416,0.5225091495406035,0.0321961456760422,0.2106057891638727,0.0688966805722621,1,0,0,0,0,0,0,0,0,0,0,0,0,Pharmaceuticals,500,305,315,1120,BBB
MRNA,0.0844315936389778,0.3905285391956568,0.5250398676310267,0.2158634949453494,0.4036883053097489,14.0,0.1666666388888935,42.57,0.4471195229422301,0.0536674339650198,0.499213046990335,0.3213065679160063,0.1777357265386165,100,11.749997062500734,77.16,0.1302886185599718,0.3020788223550814,0.5676325585965704,0.237319820197496,0.3491552833868004,82,0.3599999856000005,49.92,0.0,0,0.0131035838301775,1,0.0131035838301775,1,0.0524143353207102,1,0.4848326017165694,1,4.350389831618948,1,0.0,0,0.0917250868112428,1,0.0786215029810653,1,0.0524143353207102,1,0.5372469370372797,1,0.380003931075149,1,1.113804625565092,1,3.53796763414794,1,76315,3,36064,0.4725676472515233,32181,0.4216864312389438,8070,0.1057459215095328,0.0072855926095787,0.2193277861495119,0.0430714800497936,1,0,0,0,0,1,3,0,0,0,0,0,0,Biotechnology,500,300,300,1100,BBB
MRO,0.1662382413819432,0.2561610067496076,0.5776007539406419,0.2563671779789421,0.3450965419898099,100.0,0.6956521436672981,54.17,0.2816749544255435,0.1602396170143038,0.5580854348279536,0.3039214554587167,0.3131594231720233,100,1.812499886718757,64.44,0.1499423643480986,0.1911995505355298,0.6588580938242375,0.2340319640254712,0.3077044471917519,100,0.8571427959183717,57.82,2.695785702098618,1,0.2729909571745436,1,1.7403173519877153,1,0.5118580447022693,1,1.296707046579082,1,6.48353523289541,1,0.0,0,0.0682477392936359,1,0.1364954785872718,1,0.3412386964681795,1,1.4673263948131718,1,0.9213444804640846,1,1.7061934823408975,1,0.2729909571745436,1,29305,3,693,0.0236478416652448,16511,0.5634192117386112,12101,0.412932946596144,0.2031393960075072,0.1582323835522948,0.1541033953250298,1,1,2,0,0,1,1,0,0,0,0,0,0,Energy,530,313,305,1148,BBB
MSCI,0.4584113351850845,0.0566445895438564,0.4849440760525136,0.3853408011921355,0.1685315915461132,87.0,13.666662111112627,77.36,0.2552242883853614,0.1663831937592476,0.5783925095759332,0.3061281286726623,0.3070446802597784,100,1.6470587266436043,63.12,0.2842549494374543,0.1989706441853195,0.5167744070384651,0.3346535021303146,0.3208976672871765,100,1.8749998828125072,62.02,0.0827951647623778,1,0.0551967765082519,1,0.3035822707953856,1,0.0,0,2.263067836838329,1,3.587790473036375,1,0.0,0,0.1379919412706297,1,0.1655903295247557,1,0.3863774355577634,1,0.4967709885742672,1,1.1039355301650382,1,0.7727548711155269,1,0.0551967765082519,1,36234,3,8764,0.2418722746591599,13239,0.3653750620963735,14231,0.3927526632444665,0.0785450129712424,0.1320582877959927,0.1125186289120715,1,0,0,0,0,1,4,0,0,0,0,0,0,Financial Services,580,347,335,1262,A
MSFT,0.3345396496744743,0.1139232557294751,0.5515371043401868,0.3316284802793131,0.2451217340010585,67.0,2.624999671875041,69.3,0.3123477940447628,0.1378577210567891,0.5497944855876267,0.3045333726422721,0.2756789369291075,100,2.2142855561224604,66.97,0.1405417032803249,0.1771842380185997,0.6822740564292128,0.2234137370719671,0.298166966668001,99,0.6874999570312527,58.4,0.2040399918384003,1,2.6525198938992043,1,0.0340066653064,1,0.0340066653064,1,0.9521866285792016,1,4.760933142896008,1,0.1020199959192001,1,0.3060599877576005,1,0.3400666530640005,1,0.0680133306128001,1,1.1222199551112018,1,1.1222199551112018,1,0.646126640821601,1,0.0340066653064,1,29406,3,10850,0.3689723185744405,10129,0.3444535128885261,8427,0.2865741685370332,0.0581854043392504,0.1584370536625178,0.0902196830578793,1,1,1,0,0,0,0,0,0,0,0,0,0,Technology,715,443,375,1533,A
MSI,0.3462761800455035,0.1430539473856114,0.510669877225498,0.3313069456169497,0.2484181932733418,53.0,2.624999671875041,67.82,0.2475680313678458,0.2190951275033876,0.5333368446864187,0.2862986989510509,0.3374649409190883,100,0.8749999635416682,59.42,0.1742609779722988,0.2809438794432208,0.5447951475903392,0.2517341866954911,0.3588198194102497,100,0.4333333188888894,52.84,0.255863539445629,1,0.1421464108031272,1,0.3506278133143805,1,0.0379057095475005,1,1.1561241411987682,1,6.2165363657900965,1,0.0568585643212508,1,0.1231935560293769,1,0.3316749585406301,1,0.900260601753139,1,0.6633499170812603,1,2.5491589670694146,1,1.7815683487325278,1,0.2369106846718787,1,105525,3,6431,0.060942904524994,70890,0.6717839374555793,28204,0.2672731580194267,0.0243070362473347,0.2151622838190002,0.1341956882255389,0,0,0,0,0,1,15,0,0,0,0,0,0,Communications,505,305,347,1157,BBB
MTB,0.0591941076951722,0.3848023380463322,0.5560035579837859,0.0789267294300405,0.2867912424126293,12.0,0.0,42.06,0.1720237526297569,0.2113685656199231,0.6166076803021133,0.261025229095244,0.3323321089333697,100,0.6818181508264477,57.28,0.0800606814865022,0.2676813448313623,0.6522579752653838,0.157444499034794,0.3327205145757111,100,0.1379310297265162,50.4,0.0156707880839327,1,0.0156707880839327,1,0.1410370927553946,1,0.0,0,2.005860874743391,1,2.789400278940028,1,0.0,0,0.1723786689232601,1,0.3760989140143858,1,0.3447573378465203,1,0.5014652186858477,1,0.5171360067697804,1,1.0029304373716954,1,0.2820741855107893,1,63813,3,12842,0.2012442605738642,16118,0.2525817623368279,34853,0.5461739770893078,0.0071772209424411,0.1300518703085578,0.0983498660147618,0,0,0,0,0,1,3,0,0,0,0,0,0,Banking,500,303,260,1063,BBB
MTCH,0.2294674357399344,0.3486911207437515,0.4218414453789592,0.207588599063456,0.1882377713918686,2.0,0.0,50.37,0.2512073954567313,0.0997020576834538,0.6490905443030708,0.3176797055219813,0.2179997655336656,53,2.9999992500001875,67.31,0.137673731779725,0.177236862378422,0.685089400265275,0.2482739633921962,0.2696300895284736,41,0.8333331944444675,58.3,0.0,0,0.0746686578308754,1,0.0,0,0.0,0,0.7840209072241926,1,2.6880716819115174,1,0.0,0,0.1493373156617509,1,0.1493373156617509,1,0.0746686578308754,1,0.4106776180698152,1,0.6720179204778793,1,1.49337315661751,1,0.1866716445771887,1,26785,3,6669,0.2489826395370543,9058,0.338174351316035,11058,0.4128430091469106,0.0063841702445398,0.1051708045547881,0.097405264140377,0,0,0,1,2,0,0,0,0,0,0,0,0,Media,245,389,311,945,BBB
MTD,0.1417235854916788,0.1451414035119373,0.713135007126578,0.2104238809782647,0.2722815971431437,58.0,0.857142734693895,60.53,0.1910987049387768,0.2468953020311892,0.562005990575999,0.2706712975784986,0.3718604983418145,100,0.6153845917159773,55.64,0.2375007113074197,0.2328404804054451,0.5296588129314937,0.264670718090328,0.3362285044939594,76,0.9999999375000038,58.18,0.4015257980325236,1,0.0573608282903605,1,0.1720824848710815,1,0.5162474546132446,1,0.3154845555969828,1,3.2122063842601887,1,0.0573608282903605,1,0.0573608282903605,1,0.1434020707259012,1,0.0286804141451802,1,1.0898557375168496,1,1.0324949092264892,1,0.5162474546132446,1,0.114721656580721,1,34867,3,5152,0.1477614936759687,7901,0.2266039521610692,21814,0.6256345541629621,0.0656494679783176,0.1725700519115496,0.0876473456276708,1,0,0,0,0,1,10,0,0,0,0,0,0,Life Sciences Tools and Services,505,300,240,1045,BBB
MU,0.1415104531333781,0.3478444627253338,0.5106451066676527,0.2349855422285294,0.3944689295090159,16.0,0.1666666388888935,47.34,0.2563079076539725,0.2972299783304333,0.4464621048606932,0.3157622598490978,0.377569340829247,100,0.6666666444444451,54.65,0.1350121014666828,0.1768409594252415,0.68814693011537,0.2416868399537108,0.2878182471821113,77,0.8999999100000091,58.23,0.0293539202160448,1,0.0,0,0.2348313617283588,1,0.0293539202160448,1,0.5870784043208971,1,3.9921331493821,1,0.0,0,0.0587078404320897,1,0.6751401649690315,1,0.7632019256171662,1,0.8219097660492558,1,0.5870784043208971,1,0.4109548830246279,1,0.1467696010802242,1,34067,3,6745,0.1979921918572225,22311,0.6549153139401767,5011,0.1470924942026007,0.023571197933484,0.1452431972289899,0.0843631667009129,1,1,1,0,0,1,2,0,0,0,0,0,0,Semiconductors,530,330,300,1160,BBB
NCLH,0.1697442868978462,0.2129296710217287,0.617326040244238,0.2270965346624924,0.3371275021251306,88.0,0.6315789141274255,57.1,0.2380285016912967,0.1892757583688944,0.5726957373693585,0.2773278148663561,0.3279090627633018,100,0.9523809070294804,61.03,0.1984110315702855,0.0600743424380198,0.7415146251022816,0.2815433060819004,0.165871648261257,100,3.99999900000025,68.04,1.3550855563821873,1,0.0531406100542034,1,0.1594218301626102,1,0.1062812201084068,1,1.2753746413008822,1,4.144967584227867,1,0.0,0,0.1594218301626102,1,0.4251248804336274,1,0.2922733552981188,1,0.9565309809756616,1,0.5048357955149325,1,1.1956637262195768,1,0.3719842703794239,1,37636,3,1871,0.0497130407057073,25275,0.6715644595599958,10490,0.2787224997342969,0.0946434265065363,0.1495642469975555,0.1678180465511744,0,0,0,0,0,1,1,0,0,0,0,0,0,Hotels Restaurants and Leisure,495,306,300,1101,BBB
NDAQ,0.280250351022308,0.0841458395744363,0.6356037940829993,0.3044260668313053,0.2341184079196979,60.0,3.749999062500234,69.34,0.3494955592043698,0.0461933559784665,0.6043110849894583,0.3474290387435182,0.1486128194412453,100,7.9999980000005,74.23,0.2126331418938934,0.0655459306435659,0.7218209271132946,0.2701031950088212,0.1480753647104979,100,3.99999900000025,68.18,0.5676735704947361,1,0.1892245234982453,1,0.2408312117250395,1,0.0688089176357256,1,2.8727723112915435,1,4.472579646322163,1,0.0344044588178628,1,0.4988646528590105,1,0.3956512764054221,1,0.0344044588178628,1,1.0149315351269526,1,1.0149315351269526,1,1.1525493703984038,1,0.4128535058143535,1,58132,3,4699,0.0808332759925686,26415,0.4543968898369229,27018,0.4647698341705085,0.0356946260235326,0.1803309708938278,0.1543900089451592,1,0,0,0,0,1,2,0,0,0,0,0,0,Financial Services,505,310,300,1115,BBB
NEE,0.1674649570323526,0.0333532667532563,0.7991817805171013,0.2241779370640516,0.114960013735177,100.0,6.99999650000175,68.69,0.1153297770689142,0.2306154467898639,0.6540547780732208,0.2008005085323173,0.3433849690037689,94,0.3599999856000005,54.05,0.0364299390072885,0.1597392162798266,0.8038308338899361,0.0231817666300643,0.267817709068588,95,0.0,55.89,0.7714470141851787,1,5.730749248232756,1,0.0314876332320481,1,0.1416943495442165,1,0.9288851803454192,1,1.2122738794338523,1,0.0,0,0.0472314498480721,1,0.0787190830801202,1,0.5195459483287939,1,0.6612402978730103,1,0.3935954154006014,1,1.08632334650566,1,0.2046696160083127,1,63517,3,9479,0.149235637703292,20135,0.3170017475636443,33903,0.5337626147330636,0.2875450666750633,0.077239164318214,0.0679660563313758,1,0,0,0,0,1,6,0,0,0,0,0,0,Utilities,668,306,313,1287,A
NI,0.1933480785135179,0.2309773444198072,0.5756745854578912,0.2630264833740952,0.3242002456803824,100.0,0.7727272376033073,56.75,0.1479764809645712,0.3553028190834448,0.496720701623708,0.2313710600526844,0.400069553265678,100,0.3243243155588023,47.08,0.1207296308647427,0.2536136496605145,0.6256567195006129,0.2261857664902036,0.3660847825867457,72,0.3333333148148158,52.74,1.902028830752803,1,2.102242391884677,1,0.5672717565403096,1,0.0667378537106246,1,2.1689802455953013,1,5.806193272824346,1,0.0,0,0.2335824879871863,1,0.100106780565937,1,0.1334757074212493,1,1.1345435130806192,1,0.800854244527496,1,1.5683395621996796,1,0.1668446342765616,1,29968,3,4583,0.1529297917778964,14109,0.4708021890016017,11276,0.3762680192205018,0.1815603310197544,0.2217031500266951,0.1037773625200213,1,0,0,0,0,0,0,0,0,0,0,0,0,Utilities,361,322,223,906,BBB
NLOK,0.2985165516535441,0.230555002267162,0.4709284802277882,0.1543952295487047,0.3118216854670043,3.0,0.0,60.46,0.3354702336806804,0.0862071263138204,0.5783226547017694,0.2996286160261068,0.2246339217925542,100,3.749999531250059,71.14,0.1885845310702596,0.2416620520145996,0.5697534134530503,0.2486012581537661,0.3757597500012289,46,0.636363578512402,55.89,0.0,0,0.1167224340518247,1,0.0,0,0.0,0,1.6341140767255466,1,7.158975955178585,1,0.0,0,0.0778149560345498,1,0.933779472414598,1,0.0778149560345498,1,0.3112598241381993,1,0.5057972142245739,1,1.8286514668119211,1,1.0115944284491478,1,25702,3,4892,0.1903353824605089,14058,0.5469613259668509,6752,0.2627032915726403,0.0102715741965605,0.2150805384794957,0.0864913236324021,1,0,0,1,1,1,2,0,0,0,0,0,0,Technology,505,315,305,1125,BBB
NLSN,0.2120399695749466,0.2143907890870021,0.5735692227115998,0.2061611347379782,0.3649198274415154,13.0,0.6666664444445185,58.49,0.2372417698474601,0.1493952695373445,0.6133629610762,0.2616873235171539,0.2972756324825412,100,1.2666665822222278,63.59,0.1089530622810815,0.2018811803794017,0.689165760314575,0.1528025183702271,0.3044513736128893,54,0.3636363305785154,55.69,0.1254311696456569,1,0.0,0,0.2195045468798996,1,0.0627155848228284,1,1.8187519598620256,1,3.8883662590153656,1,0.0,0,0.3135779241141423,1,0.1254311696456569,1,0.0,0,0.2508623392913138,1,0.7525870178739417,1,0.8153026026967701,1,0.1254311696456569,1,31890,3,8309,0.2605518971464409,19617,0.6151458137347131,3964,0.124302289118846,0.0163060520539354,0.1065224208215741,0.0625587958607714,1,0,0,0,0,1,2,0,0,0,0,0,0,Professional Services,500,310,300,1110,BBB
NOC,0.2049951656170341,0.3013348721766046,0.493669952779096,0.3021639644821665,0.3447847626885926,49.0,0.5624999648437522,52.59,0.1982172762509435,0.3618963285535574,0.439886385127902,0.2955517680691535,0.4066028050760612,100,0.4102563997370154,48.41,0.211606773102413,0.2653494390011158,0.5230437702620807,0.2971996455584355,0.3507596538109883,46,0.5714285306122479,55.16,0.7216569242981886,1,0.0360828462149094,1,0.3969113083640038,1,0.2164970772894565,1,0.6134083856534603,1,4.510355776863679,1,0.0,0,0.1443313848596377,1,0.0360828462149094,1,0.4329941545789131,1,0.7938226167280076,1,0.6855740780832792,1,1.1907339250920113,1,0.5051598470087321,1,27714,3,5171,0.1865843977772966,12214,0.4407158836689038,10329,0.3726997185537995,0.090820523922927,0.1658006783575088,0.0777585335931298,1,1,10,0,0,1,2,0,0,0,0,0,0,Aerospace and Defense,505,302,300,1107,BBB
NOW,0.2320194370387231,0.2033991667661158,0.5645813912372378,0.3040905718370887,0.2739960163895976,17.0,0.9999996666667778,59.9,0.216499681584537,0.2301023352053016,0.5533979844395072,0.2493365962097204,0.3577352092489989,100,0.639999974400001,57.62,0.1858874500553677,0.3232630226369677,0.4908495263021061,0.2783267187326443,0.3702751714714654,69,0.4782608487712674,50.49,0.0685119210742669,1,0.0685119210742669,1,0.2055357632228007,1,0.0,0,1.1647026582625375,1,5.412441764867086,1,0.0,0,0.1027678816114003,1,0.0342559605371334,1,0.3083036448342011,1,0.9591668950397368,1,0.8563990134283366,1,1.6785420663195396,1,0.2055357632228007,1,29192,3,6133,0.2100918059742395,14249,0.4881131816936147,8810,0.3017950123321458,0.0274390243902439,0.1774458755823513,0.1210605645382296,1,0,0,0,0,0,0,0,0,0,0,0,0,Technology,550,374,350,1274,A
NSC,0.1940584566909819,0.3925041930550443,0.4134373384128724,0.3179838638153268,0.3947767026741768,28.0,0.599999940000006,46.28,0.2458775448487014,0.3084862430869425,0.4456362085215546,0.3214292838692963,0.3989516085447062,74,0.7272726942148775,53.55,0.2451057308960868,0.2968049409758785,0.458089306505154,0.3667800019019199,0.3873296309190747,23,0.7142856122449125,54.29,0.999750062484379,1,0.0,0,0.2499375156210947,1,0.3332500208281262,1,1.2496875781054737,1,7.664750479046905,1,0.0,0,0.0833125052070315,1,0.3332500208281262,1,0.2499375156210947,1,0.4165625260351578,1,0.2499375156210947,1,1.416312588519537,1,0.2499375156210947,1,12003,3,3017,0.2513538282096142,2796,0.2329417645588603,6190,0.5157044072315254,0.0829792551862034,0.2039490127468133,0.0812296925768557,1,0,0,0,0,1,2,0,0,0,0,0,0,Road and Rail,358,339,330,1027,BBB
NTAP,0.2638646387716844,0.0793796885936033,0.6567556811940103,0.272669460844713,0.2081772470307098,21.0,4.999995000005001,69.08,0.187301369253546,0.1045843511726707,0.7081142787076533,0.2705490355888375,0.2257680248041255,100,1.5999998400000162,64.76,0.0892533800378441,0.0684681442566216,0.8422784753888846,0.1386620423112653,0.1571395891475686,100,0.9999996666667778,63.67,0.1093354228547478,1,0.0364451409515826,1,0.0546677114273739,1,0.0546677114273739,1,0.9657962352169396,1,2.4418244437560364,1,0.0182225704757913,1,0.0182225704757913,1,0.4191191209432002,1,0.4191191209432002,1,0.2368934161852871,1,3.298285256118228,1,0.8929059533137744,1,0.0728902819031652,1,54877,3,6812,0.1241321500810904,36808,0.6707363740729267,11257,0.2051314758459828,0.0101317491845399,0.0779379339249594,0.1063469212967181,1,1,26,0,0,1,1,0,0,0,0,0,0,Technology,545,359,325,1229,A
NUE,0.2424999103796753,0.1257010276365855,0.631799063433639,0.3098510054147286,0.2590695878087346,88.0,1.899999810000019,65.32,0.2796885951851996,0.2692879263896686,0.4510234818220712,0.3423583759338168,0.3570360655142772,78,1.0476189977324286,57.29,0.2307438333751633,0.2091414859052747,0.5601146797882393,0.310769258171473,0.3352906113187524,40,0.9999998750000156,59.48,1.946183787442884,1,0.7615501776950414,1,0.0846166864105601,1,0.9307835505161618,1,1.4384836689795228,1,2.4538839059062445,1,0.1269250296158402,1,0.04230834320528,1,0.0846166864105601,1,0.3384667456422406,1,0.8461668641056016,1,1.015400236926722,1,0.2538500592316805,1,0.04230834320528,1,23636,3,9810,0.4150448468437976,3774,0.159671687256727,10052,0.4252834658994753,0.0973938060585547,0.1185056693179895,0.0547893044508377,1,1,2,0,0,1,2,0,0,0,0,0,0,Metals and Mining,374,340,225,939,BBB
NVDA,0.1320186879507504,0.3456482661801369,0.5223330283147651,0.1772426567552429,0.4080336676673466,43.0,0.133333324444445,47.15,0.2004069284794021,0.3861614469752972,0.4134316260825438,0.2829403556780733,0.4199976200460783,83,0.468749985351563,46.91,0.1485376989585347,0.287093841128808,0.5643684579408728,0.2467039298003498,0.3597375998290216,64,0.5294117335640156,51.54,0.082901554404145,1,0.2901554404145077,1,0.7046632124352331,1,0.0,0,0.4559585492227979,1,4.352331606217617,1,0.0414507772020725,1,0.1658031088082901,1,0.2487046632124352,1,0.0414507772020725,1,0.8704663212435233,1,0.7875647668393783,1,1.2020725388601037,1,0.2901554404145077,1,24125,3,5163,0.2140103626943005,12791,0.5301968911917099,6171,0.2557927461139896,0.0813678756476684,0.1669222797927461,0.1120829015544041,1,0,0,0,0,1,1,0,0,0,0,0,0,Semiconductors,323,301,275,899,BB
NVR,0.0206180848181247,0.3944080855697393,0.5849738553166389,0.0060682946708607,0.338853121653992,5.0,0.0,40.09,0.2627536024687425,0.3637765204920521,0.373469891729501,0.3632352333072178,0.3933899900193047,53,0.7777777345679036,50.55,0.2168521168999947,0.1771436537472674,0.6060042462956446,0.3311382371940604,0.2875710159853002,26,1.9999993333335555,61.08,0.0,0,0.0,0,0.0,0,0.0,0,0.92641609317099,1,2.3160402329274747,1,0.0,0,0.3970354685018528,1,0.0661725780836421,1,0.2646903123345686,1,0.3308628904182107,1,0.6617257808364214,1,2.911593435680254,1,0.0661725780836421,1,15112,3,2921,0.1932901005823186,4118,0.2724986765484383,8073,0.5342112228692429,0.0200502911593435,0.1639094759131815,0.0864875595553202,1,0,0,0,0,1,2,0,0,0,0,0,0,Consumer products,265,206,205,676,B
NWL,0.0869336077570915,0.3371983439102768,0.5758680486679078,0.169418740573535,0.3928330159236115,25.0,0.1249999843750019,46.12,0.2619359297818984,0.3951307451023221,0.3429333253415546,0.3471898811020186,0.4051714600245115,99,0.7567567363038721,48.48,0.1460466458677099,0.343690795943332,0.5102625583799986,0.2356817019030745,0.3370632351700846,39,0.4166666319444473,47.77,0.271471716040585,1,0.0,0,0.2036037870304387,1,0.0678679290101462,1,0.54294343208117,1,2.5789813023855577,1,0.0,0,0.0,0,0.0678679290101462,1,0.271471716040585,1,0.3054056805456581,1,1.1537547931724863,1,1.051952899657267,1,0.3732736095558044,1,29469,3,4096,0.1389935186127795,12008,0.4074790457769181,13365,0.4535274356103023,0.0498150598934473,0.1548067460721436,0.0655604194238012,1,0,0,0,0,1,1,0,0,0,0,0,0,Consumer products,525,303,315,1143,BBB
NWSA,0.3605629151893986,0.386445033777919,0.252992071211338,0.3970884859171318,0.424107638915847,9.0,0.7499998125000469,52.5,0.2357561323605478,0.2892010335996747,0.4750428334623575,0.31157456239461,0.3499046702070227,100,0.8888888559670793,54.45,0.0772722515836358,0.1428917585220188,0.7798359847068786,0.1251870172978388,0.2461790185604505,100,0.1666666527777789,58.42,0.0160485307570091,1,0.0802426537850459,1,0.0,0,0.0,0,0.818475068607469,1,2.6480075749065173,1,0.0,0,0.1925823690841103,1,0.8345235993644782,1,0.0641941230280367,1,1.0110574376915793,1,0.8024265378504598,1,0.8024265378504598,1,0.2246794305981287,1,62311,3,940,0.0150856189115886,22276,0.3574970711431368,39095,0.6274173099452746,0.0061626358106915,0.1021328497376065,0.0917654988685785,0,0,0,0,0,1,2,0,0,0,0,0,0,Media,509,300,300,1109,BBB
NXPI,0.1655338422669207,0.2174838617663173,0.6169822954079685,0.2624518999995634,0.32487950068169,85.0,0.5499999725000013,56.66,0.2960721165174618,0.2001851424016058,0.5037427480705082,0.3055602985353408,0.3375834018574344,100,1.2857142244897988,62.35,0.2132884498313069,0.1729973365366459,0.6137142157368362,0.2804590657801562,0.2884277819391889,100,1.0588234671280312,61.22,0.4273255249305596,1,0.0388477749936872,1,0.3107821999494979,1,0.1942388749684361,1,1.3985198997727404,1,5.302721286638308,1,0.0,0,0.0,0,0.407901637433716,1,0.3107821999494979,1,0.1553910999747489,1,0.660412174892683,1,1.281976574791679,1,0.1165433249810617,1,51483,3,5173,0.100479770021172,18581,0.3609152535788513,27729,0.5386049763999767,0.0708583415884855,0.1497970203756579,0.0854262572111182,1,0,0,0,0,1,6,0,0,0,0,0,0,Semiconductors,505,329,305,1139,BBB
ODFL,0.1044885372056772,0.2404119819892864,0.6550994752661178,0.1731122087148461,0.298843706616162,19.0,0.6666664444445185,53.03,0.3171524270014329,0.2765640705551087,0.4062835032760043,0.3568450093512093,0.3705801183680211,99,1.0740740342935542,58.12,0.1473412980811427,0.2247460052047087,0.6279126950337187,0.2523889399911501,0.326217027592537,46,0.599999940000006,55.55,0.2950722927117143,1,0.0,0,0.2360578341693714,1,0.2360578341693714,1,0.3540867512540572,1,8.734139864266744,1,0.0,0,0.0590144585423428,1,0.7671879610504573,1,0.1180289170846857,1,0.7081735025081145,1,0.5901445854234287,1,0.7081735025081145,1,0.3540867512540572,1,16945,3,3762,0.2220123930362939,7937,0.4683977574505754,5246,0.3095898495131307,0.0385954558866922,0.1926822071407495,0.0943051047506639,1,0,0,0,0,0,0,0,0,0,0,0,0,Road and Rail,467,423,280,1170,BBB
ORLY,0.2035891445702873,0.2042450935696251,0.5921657518483698,0.2680447628592489,0.3107846698423269,16.0,0.9999996666667778,58.85,0.313466860513602,0.1727863038690494,0.5137468435136335,0.3370761604796509,0.3063889934148298,70,1.7692306331361052,64.74,0.2534641308036256,0.0400951325477279,0.7064407315263723,0.3269863308397973,0.0808329551233431,47,10.999989000011,71.27,0.0979336010185094,1,0.2938008030555283,1,0.0979336010185094,1,0.2938008030555283,1,0.7834688081480756,1,3.1338752325923025,1,0.0,0,0.0,0,0.0,0,0.3427676035647831,1,0.3427676035647831,1,0.2448340025462736,1,0.7834688081480756,1,0.0979336010185094,1,20422,3,9090,0.4451082166291255,4209,0.2061012633434531,7123,0.3487905200274214,0.0544510821662912,0.1579179316423465,0.0995495054353148,1,0,0,0,0,0,0,0,0,0,0,0,0,Retail,500,300,300,1100,BBB
PAYX,0.0264832307584583,0.5053996630012989,0.4681171290576458,0.0126072126440703,0.3996953777968883,2.0,0.0,33.08,0.251784836910665,0.0920098103303462,0.6562053469195962,0.2753792297972907,0.2088897586449004,100,3.142856693877615,67.83,0.1740191014794012,0.1889789191229889,0.6370019766657303,0.2414527586931992,0.3114994155315904,60,0.5833332847222263,58.81,0.0,0,0.0537778972842161,1,0.0,0,0.0,0,0.3764452809895133,1,12.637805861790804,1,0.0,0,0.1613336918526485,1,0.0,0,0.1075557945684323,1,1.0755579456843238,1,1.0217800484001076,1,1.5057811239580534,1,0.2151115891368647,1,18595,3,5682,0.3055660123689164,4809,0.2586179080397956,8104,0.435816079591288,0.0020973379940844,0.3095455767679483,0.1300887335305189,0,0,0,0,0,1,2,0,0,0,0,0,0,Technology,500,300,200,1000,BBB
PCAR,0.3089649921937569,0.0740907937917556,0.616944204109746,0.3346271457045764,0.1920581460950712,37.0,5.499997250001375,71.0,0.2594924617938145,0.3136283513331027,0.4268791836307005,0.3305763332474394,0.3936632427579605,27,0.9999998750000156,53.7,0.1333805289585143,0.1500612505711615,0.7165582265704871,0.2306066303870982,0.2532936006432854,20,0.99999950000025,59.91,1.6730241584688483,1,0.0669209663387539,1,0.0,0,0.2676838653550157,1,0.2007628990162618,1,2.342233821856388,1,0.0,0,0.0,0,0.2007628990162618,1,0.0,0,0.5353677307100314,1,0.4015257980325236,1,0.6022886970487854,1,0.0669209663387539,1,14943,3,4824,0.3228267416181489,2089,0.1397978986816569,8030,0.5373753597001941,0.0615003680653148,0.0542729037007294,0.0418256039617212,1,1,2,0,0,1,1,0,0,0,0,0,0,Machinery,568,343,305,1216,A
PENN,0.0506090700094188,0.201363889323104,0.7480270231053943,0.0529453969983741,0.2700191469104078,21.0,0.0,53.68,0.1635856534726917,0.3175978411454707,0.5188164999708533,0.2443048305617973,0.3645925139375706,100,0.5517241189060649,50.08,0.1605314452878453,0.2348796445453031,0.6045889144594019,0.2588543789628981,0.3026337648067289,55,0.7272726611570308,55.35,0.0339893273512117,1,0.0339893273512117,1,0.0,0,0.0339893273512117,1,0.8157438564290812,1,1.6144930491825566,1,0.0,0,0.1529519730804527,1,0.0679786547024234,1,0.0,0,0.4588559192413582,1,0.730770538051052,1,1.444546412426498,1,0.5778185649705991,1,58842,3,4789,0.0813874443424764,22436,0.381292274225893,31617,0.5373202814316305,0.016467829101662,0.1170762380612487,0.0573739845688453,0,0,0,0,0,0,0,0,0,0,0,0,0,Hotels Restaurants and Leisure,371,300,220,891,BB
PEP,0.1982313303555223,0.197520631777615,0.604248044776848,0.2863279226902923,0.327566856311307,87.0,1.1874999257812546,59.1,0.1763404067745432,0.4490172134758904,0.3746423847787082,0.2895989615019779,0.4385722754896949,100,0.4081632569762601,41.99,0.1144510504230856,0.1545641421107575,0.7309848149493336,0.188341911092262,0.293358128257591,100,0.4117646816609011,58.96,0.3221507958588979,1,0.0,0,0.4392965398075881,1,0.3807236678332431,1,0.9957388235638664,1,4.846905155877056,1,0.1025025259551039,1,0.0,0,0.2489347058909665,1,0.9371659515895212,1,0.8346634256344174,1,0.9078795156023488,1,1.4350353633714543,1,0.2342914878973803,1,68291,3,4790,0.0701410141892782,13516,0.197917734401312,49985,0.7319412514094097,0.0591878871300757,0.1606361013896413,0.1011114202457132,1,0,0,0,0,1,1,0,0,0,0,0,0,Beverages,719,340,358,1417,A
PFE,0.0963212896392426,0.2727787039581347,0.6309000052173029,0.1641634906255166,0.285707016785878,22.0,0.4999998750000312,50.64,0.2785820132028311,0.0687942921323701,0.6526236955821514,0.286495494980989,0.1949174980657982,100,3.833332694444551,70.28,0.1545987269121476,0.1251418984981931,0.7202593697742983,0.2138255121218304,0.2229659277742884,44,1.249999687500078,62.28,0.0,0,0.0257958004436877,1,0.2063664035495021,1,0.0,0,1.779910230614456,1,5.933034102048187,1,0.0,0,0.1289790022184388,1,0.0,0,0.2063664035495021,1,0.438528607542692,1,0.5675076097611309,1,1.1350152195222618,1,0.3095496053242532,1,38766,3,733,0.0189083217252231,22523,0.5809988133931796,15510,0.4000928648815973,0.0343342103905484,0.2739256049115204,0.0463808491977506,0,0,0,0,0,0,0,0,0,0,0,0,0,Pharmaceuticals,500,300,300,1100,BBB
PFG,0.0817802807626624,0.4254305018629465,0.4927892268945773,0.1409671398757056,0.3901468918690224,18.0,0.1249999843750019,40.21,0.1044858938734978,0.3267118431860581,0.5688022604584694,0.2105052054035323,0.3859512695000053,100,0.2058823468858133,47.42,0.0718397404693189,0.3074911300810512,0.6206691280068433,0.1135369647912817,0.3786574234592072,61,0.0555555524691359,47.53,0.1513660788617271,1,0.0378415197154317,1,0.3027321577234542,1,0.0378415197154317,1,1.324453190040112,1,3.8598350109740407,1,0.0,0,0.0378415197154317,1,0.3405736774388859,1,0.0756830394308635,1,0.491939756300613,1,0.5676227957314766,1,2.005600544917884,1,0.3784151971543177,1,26426,3,9148,0.3461742223567698,15947,0.6034587149019904,1331,0.0503670627412396,0.0275864678725497,0.1951487171724816,0.1198062514190569,1,0,0,0,0,1,1,0,0,0,0,0,0,Insurance,555,320,300,1175,BBB
PGR,0.0407618784274046,0.4247382570487948,0.5344998653118427,0.0352635357601444,0.3657495431961547,13.0,0.0,38.82,0.162155868163189,0.2606176048791848,0.5772265274173174,0.2195212029462203,0.3479337641853851,78,0.3809523628117922,53.74,0.1780514002591371,0.1874938968196511,0.6344546991959215,0.2584258189943851,0.3107734697498105,50,0.7999999200000081,59.04,0.0,0,0.2088009604844182,1,0.2610012006055228,1,0.0,0,1.5660072036331367,1,4.437020410293887,1,0.0,0,0.2088009604844182,1,0.1566007203633136,1,0.1044004802422091,1,0.939604322179882,1,0.3654016808477319,1,1.513806963512032,1,0.1566007203633136,1,19157,3,8653,0.4516886777679177,10470,0.5465365140679647,34,0.0017748081641175,0.0364357676045309,0.1863026569922221,0.1084720989716552,1,0,0,0,0,1,2,0,0,0,0,0,0,Insurance,350,355,270,975,BBB
PH,0.1354564947283102,0.179995729536232,0.6845477562811639,0.1923192768836293,0.2534982305470301,18.0,0.499999750000125,58.04,0.26538881389066,0.2545888243565479,0.4800223593528454,0.3332728156607613,0.3473312524620627,52,1.1818180743801752,57.74,0.2004440426826477,0.1870809290299399,0.6124750215870639,0.2913252731505085,0.2734738537850069,36,1.399999720000056,59.86,0.4835589941972921,1,0.2072395689416966,1,0.2072395689416966,1,0.2072395689416966,1,0.8289582757667865,1,4.2829510914617295,1,0.0,0,0.0690798563138988,1,0.0690798563138988,1,0.0,0,1.1052777010223818,1,1.3815971262779772,1,1.3815971262779772,1,0.2072395689416966,1,14476,3,3430,0.2369439071566731,4721,0.3261260016579165,6325,0.4369300911854103,0.0548494059132357,0.1579165515335728,0.1247582205029013,1,0,0,0,0,0,0,0,0,0,0,0,0,Machinery,325,303,225,853,BB
PKG,0.1260290211166745,0.2031070215236996,0.6708639595377189,0.214832835129415,0.3142895566931064,93.0,0.4499999775000011,56.21,0.1997609348906265,0.331779977091803,0.4684590800450398,0.2733246466794369,0.388769855093916,91,0.4193548251821024,50.43,0.1238124019280076,0.1203458396811038,0.7558417556807399,0.200767168038435,0.254516800280712,100,0.7999999200000081,61.51,0.9975261351847418,1,0.3990104540738967,1,0.1596041816295587,1,0.6384167265182348,1,0.7182188173330142,1,3.71079722288724,1,0.0,0,0.0399010454073896,1,0.1596041816295587,1,0.119703136222169,1,0.8778229989625728,1,1.356635543851249,1,0.1995052270369483,1,0.0,0,25062,3,4555,0.1817492618306599,4218,0.1683026095283696,16289,0.6499481286409704,0.0985156811108451,0.1006304365174367,0.1550953634985236,1,0,0,0,0,1,1,0,0,0,0,0,0,Packaging,500,303,300,1103,BBB
PKI,0.1820402643440858,0.1553324390121776,0.6626272995186888,0.2742010722555027,0.2689957056838031,23.0,0.7499998125000469,61.27,0.3078895113280704,0.1445756347058841,0.5475348575661579,0.3373316863634045,0.2754293518134716,93,1.799999880000008,66.38,0.1930164270102977,0.3054553622779037,0.5015282223267215,0.2721368615991523,0.3464007243132571,35,0.4615384260355057,51.9,0.1864454181038501,1,0.0,0,0.0,0,0.093222709051925,1,1.1652838631490632,1,5.220471706907803,1,0.0,0,0.1398340635778875,1,0.093222709051925,1,0.3262794816817377,1,0.5593362543115503,1,0.978838445045213,1,1.398340635778876,1,0.4195021907336627,1,21454,3,5075,0.2365526242192598,8628,0.4021627668500047,7751,0.3612846089307355,0.0491283676703645,0.1993101519530157,0.0848792765917777,1,0,0,0,0,1,6,0,0,0,0,0,0,Life Sciences Tools and Services,515,316,325,1156,BBB
PLD,0.3631611195569103,0.2046987066120916,0.4321401786763926,0.3670364137772318,0.3383177965853216,37.0,1.7499997812500274,64.41,0.2675184917015334,0.149340961384587,0.583140542730689,0.3096683281827975,0.2752037828781835,60,1.8749997656250292,64.66,0.2732436229185811,0.20811260571896,0.51864376715545,0.3296249299337823,0.3384900415675076,29,0.9999998571428776,61.04,0.4198329065032117,1,0.2938830345522482,1,0.1259498719509635,1,0.0839665813006423,1,1.1335488475586717,1,1.6373483353625258,1,0.0,0,0.1259498719509635,1,0.0419832906503211,1,0.0839665813006423,1,0.5457827784541752,1,0.4618161971535329,1,1.0915655569083504,1,0.0839665813006423,1,23819,3,4913,0.2062639069650279,8559,0.3593349846760989,10347,0.4344011083588732,0.0526470464755027,0.0810277509551198,0.0357697636340736,1,0,0,0,0,0,0,0,0,0,0,0,0,Real Estate,579,374,315,1268,A
PM,0.2765476207714528,0.1994464410624156,0.5240059146502366,0.3139551608890554,0.3374599997433884,24.0,1.249999687500078,61.72,0.2852001227997243,0.2429723894782364,0.4718274844437837,0.3194416975586024,0.3390937422982997,100,0.96428567984694,59.19,0.1847196594491356,0.1436014036327356,0.6716789286278311,0.2790355224584309,0.2703456411325259,61,1.14285697959186,62.13,0.2449015940867397,1,0.0,0,0.222637812806127,1,0.0,0,1.3580906581173746,1,3.1391931605663905,1,0.0,0,0.0667913438418381,1,0.1781102502449016,1,0.1558464689642889,1,0.4007480630510285,1,0.9128150325051206,1,1.4471457832398251,1,0.5120669694540921,1,44916,3,3290,0.0732478404132157,7008,0.1560245792145338,34618,0.7707275803722504,0.0229984860628729,0.170206607890284,0.0634072490871849,1,0,0,0,0,0,0,0,0,0,0,0,0,Tobacco,520,327,315,1162,BBB
PNR,0.1433820599032675,0.194859370525342,0.6617585715709948,0.2165525592136097,0.2896447987749638,51.0,0.6249999218750099,57.35,0.1996527760001342,0.3289807869808837,0.4713664312093031,0.2637409453678478,0.3804255071780383,84,0.6296296063100145,50.6,0.119809158379212,0.2322744236909784,0.647916417568922,0.2033541474549879,0.3160128917744709,40,0.3749999531250059,54.1,1.0740135419098764,1,0.0,0,0.3268736866682232,1,0.1400887228578099,1,1.2607985057202895,1,4.9964977819285545,1,0.0,0,0.0466962409526033,1,0.1400887228578099,1,0.1867849638104132,1,0.9806210600046696,1,0.9339248190520664,1,1.634368433341116,1,0.1400887228578099,1,21415,3,2739,0.1279010039691804,10513,0.4909175811347187,8163,0.3811814148961008,0.1013775391081018,0.1966845668923651,0.070744805043194,1,0,0,0,0,1,1,0,0,0,0,0,0,Machinery,433,330,315,1078,BBB
PNW,0.1926031200774014,0.0619249194534495,0.7454719567671418,0.2284721745535423,0.1855915178676619,100.0,1.999999666666722,67.72,0.3280330486036837,0.1560953029524535,0.515871648080647,0.3211734090976119,0.2922387167550306,100,2.066666528888898,66.33,0.1550623888973719,0.1646703206128082,0.6802672927196209,0.215266956444415,0.2864716576015576,52,0.7499999062500118,59.72,2.4392103056635417,1,5.05627969611505,1,0.2540844068399522,1,0.7622532205198567,1,1.5245064410397131,1,4.0399420687552405,1,0.0,0,0.2540844068399522,1,0.2032675254719617,1,0.0508168813679904,1,0.4827603729959092,1,0.2794928475239474,1,1.4482811189877276,1,0.1524506441039713,1,39357,3,14850,0.3773153441573291,9267,0.2354600198185837,15240,0.3872246360240872,0.3198160428894478,0.1173107706380059,0.058337779810453,1,0,0,0,0,1,2,1,6,0,0,0,0,Utilities,629,479,300,1408,A
POOL,0.313301987528544,0.130411393506902,0.556286609249896,0.3367519970397937,0.2567922056728384,29.0,2.666665777778074,67.49,0.3034129292797297,0.2279089837940409,0.4686780826933682,0.3230775644902562,0.3476546054976892,100,1.2608695103969778,60.81,0.2406311349753858,0.1425078437047994,0.6168610273023784,0.3113080689180756,0.2609140886253083,59,1.999999666666722,64.16,0.2146659797355315,1,0.0,0,0.2575991756826378,1,0.0429331959471063,1,0.6439979392065945,1,6.397046196118839,1,0.0429331959471063,1,0.1287995878413189,1,0.2146659797355315,1,0.9445303108363386,1,0.6869311351537009,1,1.0303967027305514,1,0.8157307229950197,1,0.0858663918942126,1,23292,3,6907,0.2965395844066632,5456,0.2342435170874119,10929,0.4692168985059248,0.0490726429675425,0.1731925124506268,0.1037266014082088,1,0,0,0,0,1,1,0,0,0,0,0,0,Distributors,525,306,313,1144,BBB
PPG,0.2516354085132479,0.1408894830942154,0.6074751127511263,0.2977347529857321,0.239244154915161,50.0,1.999999666666722,64.65,0.2725322722996536,0.2560934938996899,0.4713742433998145,0.3142464004331389,0.3694935522295758,57,0.9333332711111152,57.89,0.2635280999734445,0.1285971953119668,0.6078747080432044,0.3143182214737303,0.2216148710607438,27,2.333332555555814,65.86,0.1343544269783689,1,0.0,0,0.0671772134891844,1,0.6045949214026601,1,0.6045949214026601,1,3.6275695284159615,1,0.0,0,0.2015316404675534,1,0.2015316404675534,1,0.0,0,0.8061265618702137,1,0.4702404944242913,1,2.216848045143088,1,0.4702404944242913,1,14886,3,3868,0.2598414617761655,3124,0.2098616149402122,7894,0.5302969232836222,0.1415423888217116,0.1692194007792556,0.0937122128174123,1,0,0,0,0,0,0,0,0,0,0,0,0,Chemicals,293,236,220,749,B
PRU,0.0842443292673963,0.1520698082346755,0.7636858706290905,0.137970980427092,0.2062839811265328,26.0,0.499999750000125,58.06,0.1474771264847368,0.1913175887428224,0.6612052892893553,0.2252212128225579,0.3197404400413601,100,0.5789473379501401,57.73,0.1019331627339124,0.095458882972598,0.8026079498417675,0.1656524106899056,0.2167849398484506,100,0.7142856122449125,62.36,0.0,0,0.1167269756040621,1,0.1283996731644683,1,0.0,0,2.346212209641648,1,3.069919458386833,1,0.0,0,0.0350180926812186,1,0.1634177658456869,1,0.1400723707248745,1,0.2101085560873117,1,0.7003618536243726,1,1.1439243609198084,1,0.0933815804832496,1,85670,3,21424,0.2500758725341426,10535,0.1229718687988794,53711,0.6269522586669779,0.0127232403408427,0.1576514532508462,0.0721139255281895,1,0,0,1,1,0,0,0,0,0,0,0,0,Insurance,285,300,288,873,BB
PSA,0.308081577616659,0.0669118220155889,0.6250065951184793,0.3190304056023095,0.1392171912927282,22.0,2.499998750000625,71.43,0.3002554324442801,0.1413053023016514,0.5584392661152229,0.3035828658197936,0.2847265539698199,73,1.9999998181818348,66.32,0.1740823481522966,0.197683417238295,0.6282342282647733,0.2490902692872411,0.3032095384044071,64,0.8333332638888947,58.24,0.2002603384399719,1,0.2503254230499649,1,0.0500650846099929,1,0.0500650846099929,1,2.0026033843997197,1,4.555922699509362,1,0.0,0,0.0,0,0.0,0,0.1501952538299789,1,0.5507159307099229,1,0.2002603384399719,1,0.9512366075898668,1,0.1501952538299789,1,19974,3,4939,0.2472714528887553,3919,0.1962050665865625,11116,0.556523480524682,0.0542204866326224,0.1681686192049664,0.1592069690597777,1,0,0,0,0,1,3,0,0,0,0,0,0,Real Estate,235,245,205,685,B
PTC,0.2972580559551716,0.2743050659075379,0.4284368894994259,0.3200383555253321,0.3706313888636366,5.0,1.999998000002,57.57,0.3278625637895482,0.2314661316957105,0.4406712894492289,0.3634307250915075,0.3512617806540801,34,1.5714283469388075,61.43,0.2040914999010662,0.146488793939352,0.6494197006958227,0.3228244351589749,0.2548658874813655,30,1.666666111111296,62.62,0.0,0,0.2434867299732164,1,0.0,0,0.0,0,0.6087168249330411,1,1.521792062332603,1,0.0,0,0.0,0,0.0608716824933041,1,0.2434867299732164,1,0.6087168249330411,1,0.6087168249330411,1,0.7913318724129534,1,0.3043584124665205,1,16428,3,1506,0.091672753834916,6369,0.3876917457998539,8553,0.5206355003652301,0.008826393961529,0.0625152179206233,0.0583150718285853,0,0,0,0,0,0,0,0,0,0,0,0,0,Technology,550,302,308,1160,BBB
PVH,0.2562524546627645,0.3229039668760918,0.4208435758396431,0.316226087898856,0.3972544912772932,27.0,0.8888887901234679,52.98,0.2594734620861709,0.3743476231116801,0.3661789189837873,0.3154623907830606,0.4315423599174143,100,0.6499999837500005,49.75,0.0960965127612535,0.1828808794657771,0.7210226133752328,0.158354842033184,0.2858348295741972,65,0.2727272479338866,56.48,0.0916527278143115,1,0.0229131819535778,1,0.1603922736750452,1,0.1145659097678894,1,1.0540063698645832,1,1.7643150104254977,1,0.1374790917214673,1,0.0458263639071557,1,0.2520450014893568,1,0.1603922736750452,1,0.4811768210251357,1,1.1456590976788947,1,0.5270031849322916,1,0.0,0,43643,3,9572,0.2193249776596476,10292,0.2358224686662236,23779,0.5448525536741288,0.0321930206447769,0.1366313039891849,0.080608574112687,1,0,0,0,0,0,0,0,0,0,0,0,0,Textiles Apparel and Luxury Goods,418,319,315,1052,BBB
PWR,0.1392456075549125,0.402174676572904,0.4585797151178121,0.2486874040662361,0.4025681574162482,100.0,0.232558134126555,43.73,0.2230674661230295,0.3397202072246,0.4372123311273753,0.3103156116762299,0.4045902566466843,100,0.5405405259313372,50.73,0.089387224568054,0.3180397747084498,0.5925730038806796,0.1500690138648988,0.360476533639036,100,0.1111111080246914,47.46,0.6838661231495388,1,2.440463419866981,1,0.5631838661231495,1,0.1072731173567903,1,0.8715940785239219,1,5.564792962883501,1,0.0,0,0.0,0,0.2279553743831796,1,0.2279553743831796,1,0.9788671958807122,1,0.603411285131946,1,1.3811413859686763,1,0.2145462347135807,1,74576,3,2416,0.0323964814417506,28037,0.3759520489165415,44123,0.5916514696417078,0.1564846599442179,0.1964170778802832,0.0822114353143102,0,0,0,0,0,1,2,1,6,0,0,0,0,Construction,540,382,310,1232,A
PXD,0.1292384697217494,0.2925980776455253,0.5781634582392872,0.214614551947724,0.3344866737526523,100.0,0.3461538328402372,50.5,0.2266142441924796,0.2152170268594321,0.5581687311810183,0.255886375243112,0.3301202532879648,83,0.8421052188365674,58.94,0.1153683202373313,0.2224483970905943,0.6621832778227741,0.1732270561540336,0.3014278614180892,58,0.3333333055555579,54.58,2.413484370742341,1,0.5839075090505664,1,0.7396161781307174,1,0.6228346763206042,1,0.6228346763206042,1,5.91692942504574,1,0.0,0,0.3114173381603021,1,0.5449803417805286,1,0.1167815018101132,1,0.6617618435906418,1,0.9342520144809062,1,1.128887850831095,1,0.1946358363501888,1,25689,3,721,0.0280664876016972,24953,0.9713496048892524,15,0.0005839075090505,0.2063918408657402,0.1377243178013936,0.1109424267196076,1,0,0,0,0,1,1,0,0,0,0,0,0,Energy,700,412,300,1412,A
PYPL,0.1984119759025898,0.374093618159267,0.4274944077161225,0.2675671598007411,0.3603334544481563,11.0,0.199999960000008,47.63,0.363078299343732,0.1506740323213093,0.4862476496354622,0.3470168620436942,0.2959078111320639,51,2.374999703125037,67.91,0.1642408465656141,0.2759764602873474,0.5597826760262251,0.2374242036652983,0.3589828058016163,60,0.588235259515573,52.81,0.0453268062732299,1,0.0,0,0.2266340313661499,1,0.0,0,0.7705557066449098,1,3.308856857945789,1,0.0,0,0.0906536125464599,1,0.0453268062732299,1,0.0906536125464599,1,1.5864382195630495,1,1.5864382195630495,1,1.9943794760221196,1,1.8130722509291997,1,22062,3,2842,0.1288187834285196,19193,0.8699573928021032,27,0.0012238237693772,0.0228900371679811,0.0879793309763394,0.1392439488713625,1,0,0,0,0,0,0,0,0,0,0,0,0,Technology,370,244,285,899,BB
QCOM,0.2036643478553742,0.2598660871852189,0.5364695524796843,0.2835498579306659,0.3547450467122078,40.0,0.9999998750000156,55.24,0.3005978808645159,0.1631479158764705,0.5362542092613876,0.2841915556267759,0.3011960595799187,100,1.799999880000008,64.92,0.1747649513185024,0.1904805918969214,0.6347544569708407,0.2615703512031885,0.3041330064311023,100,0.7727272376033073,58.74,0.5165132318536748,1,0.0303831312855102,1,0.3645975754261234,1,0.0303831312855102,1,0.9874517667790844,1,4.390362470756236,1,0.0911493938565308,1,0.0911493938565308,1,0.0303831312855102,1,0.2430650502840823,1,0.5772794944246954,1,0.5468963631391851,1,1.6254975237748002,1,0.5165132318536748,1,65826,3,7517,0.1141949989365904,29757,0.4520554188314648,28552,0.4337495822319448,0.0312946252240755,0.149333090268283,0.0734664114483638,0,0,0,0,0,0,0,0,0,0,0,0,0,Semiconductors,409,300,300,1009,BBB
QRVO,0.1927867552472485,0.2385304075389824,0.5686828512008544,0.2801734619544196,0.3310894424087365,27.0,0.99999980000004,56.24,0.2442610897996928,0.2183213394091581,0.5374175770848524,0.2847423544388161,0.3438565810843699,64,0.9999999285714336,59.36,0.1801779583620373,0.1973118511668872,0.62251019483665,0.2519575087095351,0.3231565314978138,32,0.6666665555555741,58.48,0.185013876040703,1,0.0,0,0.2312673450508788,1,0.1387604070305272,1,0.8325624421831637,1,3.792784458834413,1,0.0,0,0.0,0,0.4625346901017576,1,0.1387604070305272,1,0.8788159111933396,1,0.6012950971322849,1,0.6475485661424607,1,0.0,0,21620,3,4951,0.2290009250693802,9865,0.4562904717853839,6804,0.3147086031452359,0.0489361702127659,0.10790934320074,0.063691026827012,1,0,0,0,0,1,1,0,0,0,0,0,0,Semiconductors,535,310,305,1150,BBB
RCL,0.1888894824311137,0.2174976819753646,0.5936128347367048,0.2715957884015743,0.3477606506529585,100.0,0.6956521436672981,57.47,0.2303130963630974,0.2321233545988798,0.5375635471567511,0.3016771926574275,0.3598087085233789,100,1.090909041322316,57.97,0.1600444364687427,0.1681748413527384,0.6717807289026677,0.2597669648767476,0.3018458702495537,100,0.9333332711111152,59.67,0.7132773608737648,1,0.1485994501820343,1,0.1188795601456274,1,0.0594397800728137,1,0.9361765361468162,1,4.874061965970726,1,0.0,0,0.0891596701092206,1,0.3566386804368824,1,0.0891596701092206,1,0.7429972509101717,1,0.9064566461104092,1,0.8470168660375956,1,0.0891596701092206,1,67295,3,1035,0.0153800430938405,24865,0.3694925328776283,41395,0.615127424028531,0.0630061668771825,0.1601456274611783,0.1457612006835574,0,0,0,0,0,1,4,0,0,0,0,0,0,Hotels Restaurants and Leisure,503,327,310,1140,BBB
REG,0.0780115628537411,0.3187108334386721,0.6032776061911136,0.1062158046066698,0.3581651628874576,24.0,0.0,47.01,0.1872873738857692,0.3406442503348507,0.4720683775456815,0.2625776157175662,0.4011820155358208,29,0.499999950000005,49.41,0.1076588088815862,0.275088613175533,0.6172525764188983,0.1712814659773361,0.3715878298448833,33,0.2222221975308669,50.89,0.0,0,0.0573065902578796,1,0.7449856733524355,1,0.0,0,0.974212034383954,1,1.0315186246418335,1,0.0,0,0.0573065902578796,1,0.3438395415472779,1,0.0573065902578796,1,0.6876790830945558,1,0.4011461318051576,1,0.4011461318051576,1,0.1146131805157593,1,17450,3,1108,0.0634957020057306,10368,0.5941547277936963,5974,0.342349570200573,0.0467048710601719,0.0743266475644699,0.0684813753581661,0,0,0,0,0,0,0,0,0,0,0,0,0,Real Estate,575,372,365,1312,A
REGN,0.0374676805222407,0.4482852728106081,0.5142470225691795,0.0292858303699685,0.293557551122601,8.0,0.0,37.17,0.1142183799576014,0.4012813071813434,0.4845003116130829,0.2175843168987265,0.3651214189142086,100,0.2439024330755504,42.91,0.1060954383035239,0.3194890250696948,0.5744155361660217,0.1930373997386595,0.3459427566819078,95,0.266666657777778,47.95,0.0,0,0.0,0,0.0508879955218564,1,0.0,0,0.3816599664139229,1,2.976947738028599,1,0.0,0,0.0508879955218564,1,0.2798839753702102,1,0.1017759910437128,1,1.0686479059589844,1,0.7633199328278459,1,0.9668719149152716,1,0.4834359574576357,1,39302,3,846,0.0215256221057452,30295,0.7708259121673198,8161,0.207648465726935,0.0125184468983766,0.3207470357742608,0.121189761335301,0,0,0,0,0,0,0,0,0,0,0,0,0,Biotechnology,505,327,305,1137,BBB
RF,0.1332234405563213,0.4478668312076479,0.4189097295165993,0.2185947224065006,0.3460977853267346,32.0,0.2307692130177528,40.55,0.2169411620218306,0.2274926855368539,0.5555661502573639,0.3091268631021515,0.3286187182936545,100,0.7916666336805569,57.81,0.136130988355726,0.2184173333924263,0.6454516806453466,0.2256349075898325,0.3253100978656956,100,0.5789473379501401,55.57,0.07703863487539,1,0.1733369284696275,1,0.23111590462617,1,0.0577789761565425,1,2.1570817765109203,1,1.7333692846962752,1,0.0,0,0.1348176110319325,1,0.192596587188475,1,0.2888948807827125,1,0.500751126690035,1,1.194098840568545,1,0.7126073725973575,1,0.5970494202842725,1,51922,3,9573,0.1843727129155271,14729,0.2836755132699048,27620,0.531951773814568,0.022976772851585,0.1239744231732213,0.1416355302184045,0,0,0,0,0,0,0,0,0,0,0,0,0,Banking,490,304,305,1099,BBB
RHI,0.0271401121281087,0.4941464643925428,0.4787134323269129,0.0181864672340452,0.4552660007029772,2.0,0.0,33.83,0.1919075520806169,0.2805554315952274,0.5275370132100458,0.2884472841157989,0.3556499570731624,96,0.679999972800001,53.48,0.118275973356652,0.2323549093336475,0.6493691142496406,0.2165628605748373,0.3352340701883947,49,0.2727272479338866,54.04,0.0,0,0.0,0,0.0860955660783469,1,0.0,0,1.4636246233318984,1,11.020232458028412,1,0.0,0,0.0860955660783469,1,0.0860955660783469,1,0.0860955660783469,1,1.8941024537236333,1,1.0331467929401636,1,3.099440378820491,1,0.0,0,11615,3,3315,0.2854068015497202,5976,0.5145071028842014,2324,0.2000860955660783,0.0062849763237193,0.3078777442961687,0.176926388291003,0,0,0,0,0,1,3,0,0,0,0,0,0,Professional Services,255,334,310,899,BB
RJF,0.0487429558609922,0.7039866842743423,0.2472703678326474,0.0446209021035477,0.3713868600692322,9.0,0.0,20.95,0.1798005514638498,0.2474081886932254,0.5727912580501289,0.2504020962674057,0.3519540120574141,100,0.4999999807692314,55.21,0.1995872014760971,0.2635882544796913,0.536824541175738,0.3062866701954282,0.3594576291364831,100,0.6153845917159773,54.85,0.0,0,0.0439705397383752,1,0.0879410794767505,1,0.0,0,2.7701440035176432,1,2.264482796526328,1,0.0219852698691876,1,0.1099263493459382,1,0.2858085082994394,1,0.1538968890843135,1,1.1432340331977575,1,0.7255139056831923,1,1.2751456524128837,1,0.1758821589535011,1,45485,3,10197,0.2241837968561064,12055,0.265032428273057,23233,0.5107837748708366,0.0103990326481257,0.1568209299769154,0.1559854897218863,0,0,0,0,0,1,2,0,0,0,0,0,0,Financial Services,505,309,305,1119,BBB
RL,0.2238300521434708,0.2465802890841256,0.5295896562324329,0.2303911173211871,0.3787368732458162,22.0,0.4999999166666805,56.81,0.260779674006626,0.2737400024617091,0.4654803206957876,0.2707867744437811,0.3816420745014848,100,0.7586206634958391,56.33,0.1673516391362581,0.2952925906775312,0.5373557705018256,0.257171774413922,0.3722562973148984,90,0.4814814636488346,51.66,0.0678640908473962,1,0.0,0,0.0,0,0.1583495453105913,1,0.8143690901687554,1,3.4610686332172103,1,0.0226213636157987,1,0.1583495453105913,1,0.5202913631633715,1,0.090485454463195,1,0.3393204542369814,1,0.7012622720897616,1,1.1084468171741393,1,0.0452427272315975,1,44206,3,13301,0.3008867574537393,11202,0.2534045152241777,19703,0.445708727322083,0.028548160883138,0.1182871103470117,0.1102339048997873,1,0,0,0,0,1,2,0,0,0,0,0,0,Textiles Apparel and Luxury Goods,420,352,303,1075,BBB
ROK,0.1202129912836586,0.286071859217961,0.5937151527580093,0.2139178021681363,0.3344630028782205,34.0,0.299999970000003,50.61,0.1688339267857372,0.2697232294315472,0.5614428386650979,0.2537786992113259,0.3802722131055059,100,0.5185184993141296,53.38,0.139740357664032,0.1743508914913066,0.6859087438673758,0.2291251913371688,0.2946168553822768,61,0.599999940000006,58.56,0.0797989067549774,1,0.0398994533774887,1,0.5186928939073535,1,0.0797989067549774,1,0.7181901607947971,1,5.34652675258349,1,0.0,0,0.0,0,0.3590950803973985,1,0.7181901607947971,1,0.9575868810597294,1,0.7580896141722858,1,1.037385787814707,1,0.0797989067549774,1,25063,3,537,0.0214260064637114,6116,0.244025056856721,18410,0.7345489366795674,0.0833499581055739,0.2133822766628097,0.0987112476559071,0,0,0,0,0,1,1,0,0,0,0,0,0,Electrical Equipment,308,243,210,761,BB
ROL,0.0373041137170634,0.2903463039547205,0.6723495839457763,0.0518583337931872,0.2982954606278915,19.0,0.0,47.43,0.1849335250072181,0.1628908499795943,0.6521756227314472,0.2686705426151193,0.2817603201641695,100,1.1428570612244957,60.88,0.0983855273481458,0.1320813719742,0.7695331032201648,0.1844550021899461,0.2279141167566536,100,0.6666665925926009,59.86,0.0,0,0.0337841642360837,1,0.078829716550862,1,0.0563069403934729,1,0.563069403934729,1,1.8919131972206893,1,0.0,0,0.1013524927082512,1,0.2815347019673645,1,0.1463980450230295,1,0.8783882701381772,1,0.698206060879064,1,1.2162299124990146,1,0.6531605085642855,1,88799,3,10058,0.11326704129551,75748,0.853027624184957,2993,0.0337053345195328,0.0140316895460534,0.0740436266174168,0.0916789603486525,1,0,0,0,0,1,3,0,0,0,0,0,0,Commercial Services and Supplies,500,300,305,1105,BBB
ROST,0.1419379270325104,0.4061035942286253,0.4519584694256385,0.2678751646623431,0.3512904216749146,6.0,0.499999750000125,43.57,0.2011007991565678,0.4415481799067213,0.3573510240261944,0.3005690066555888,0.4308978286745907,52,0.3749999843750006,43.34,0.2016535105981997,0.2657478668593934,0.5325986237398216,0.3054702928560414,0.3169902685561154,28,0.9999998333333612,54.78,0.0,0,0.0,0,0.0620501365103003,1,0.0,0,0.3723008190618019,1,2.7922561429635144,1,0.0620501365103003,1,0.2482005460412013,1,0.4343509555721022,1,0.3723008190618019,1,0.9307520476545048,1,0.1241002730206006,1,0.6205013651030032,1,0.0620501365103003,1,16116,3,2841,0.1762844378257632,6488,0.4025812856788285,6787,0.4211342764954083,0.0251303052866716,0.1672871680317696,0.0740878629932985,0,0,0,0,0,0,0,0,0,0,0,0,0,Retail,375,325,300,1000,BBB
SBAC,0.0792205521138385,0.2495436730387155,0.6712357929209247,0.1305391801009154,0.3316742979868528,32.0,0.1111110987654334,51.55,0.1358199228339319,0.2403125666117049,0.6238675189889827,0.1838131479078346,0.3391932596112339,53,0.3846153550295881,54.13,0.1358960030947701,0.1805995613478629,0.6835044384381529,0.2306900729944699,0.2840065991241747,59,0.7777776913580343,58.02,0.0691754288876591,1,0.1037631433314886,1,0.0691754288876591,1,0.0345877144438295,1,0.6225788599889319,1,2.040675152185944,1,0.0,0,0.2767017155506364,1,0.2075262866629773,1,0.0691754288876591,1,0.7263420033204205,1,0.1037631433314886,1,0.5534034311012728,1,0.0,0,28912,3,6018,0.2081488655229662,12265,0.4242183176535694,10629,0.3676328168234643,0.0522620365246264,0.0791021029330381,0.1029330381848367,1,0,0,0,0,1,1,0,0,0,0,0,0,Real Estate,250,251,215,716,B
SBUX,0.1904363498324528,0.4554745362450679,0.3540891073644161,0.2860945878132793,0.4166869845241658,24.0,0.3333333055555579,42.06,0.2069211380556225,0.3525859804730862,0.4404928830359131,0.2847328381711309,0.4097463517097502,100,0.4722222091049387,49.32,0.1457579773648277,0.1631005903017585,0.691141430720471,0.226849853629625,0.3206871817171027,69,0.8181817438016598,59.5,0.24827243762155,1,0.0413787396035916,1,0.3310299168287334,1,0.2068936980179583,1,2.151694459386767,1,4.758555054413043,1,0.0,0,0.2068936980179583,1,0.2896511772251417,1,0.0827574792071833,1,0.7034385732610584,1,1.1999834485041585,1,1.1586047089005669,1,0.0827574792071833,1,24167,3,6367,0.2634584350560682,9154,0.3787809823312782,8646,0.3577605826126536,0.0489096702114453,0.2200521372119005,0.1199155873712086,1,0,0,0,0,1,1,0,0,0,0,0,0,Hotels Restaurants and Leisure,475,385,295,1155,BBB
SCHW,0.0881343007087707,0.0182685459032654,0.8935971736907959,0.0543685210215176,0.0152364570755689,5.0,0.0,66.9,0.3002577416226268,0.2948045585677027,0.4049376927688717,0.3817026765338336,0.3905767094047926,100,0.9333333022222232,56.35,0.1814866275009181,0.1548619816988062,0.6636513838613475,0.2878200813816202,0.2754301917414899,81,0.9999999090909174,61.29,0.0,0,0.1367091376387597,1,0.0,0,0.0,0,2.980259200524963,1,3.2536774758024825,1,0.0,0,0.1640509651665117,1,0.4101274129162793,1,0.4101274129162793,1,0.7929129983048067,1,1.0663312735823265,1,1.230382238748838,1,0.6015202056105431,1,36574,3,8609,0.2353857931864166,7490,0.2047902881828621,20475,0.5598239186307212,0.0042653250943293,0.1849127795701864,0.1017115984032372,1,0,0,0,0,1,1,0,0,0,0,0,0,Financial Services,515,300,300,1115,BBB
SIVB,0.160464327013039,0.3976737247051104,0.4418619330162587,0.2556303460221424,0.3928362945551801,23.0,0.3333332962963004,44.77,0.1667237034114077,0.2381688558263704,0.5951074386574328,0.2507891896801283,0.3676933103287885,100,0.5416666440972231,55.35,0.1938344319675897,0.199306504600573,0.6068590571887271,0.2920427103211956,0.3090626663241245,86,0.9411764152249168,58.83,0.0561429774492373,1,0.0935716290820623,1,0.2994292130625994,1,0.0,0,4.454009544306167,1,3.3498643211378307,1,0.0,0,0.1871432581641246,1,0.243286235613362,1,0.5614297744923739,1,0.486572471226724,1,0.5614297744923739,1,0.7672873584729111,1,0.8795733133713859,1,53435,3,9155,0.1713296528492561,17773,0.3326097127350987,26507,0.4960606344156452,0.0191260409843735,0.1878544025451483,0.0763731636567792,1,0,0,0,0,0,0,0,0,0,0,0,0,Banking,510,340,300,1150,BBB
SNPS,0.2297396504630645,0.1888163690455258,0.5814439646071858,0.2137074656297919,0.3382780889329254,9.0,0.499999750000125,60.77,0.2211363667156547,0.2208550224864953,0.5580086129668512,0.2777081120245854,0.3411235847881367,76,0.8124999492187531,58.38,0.1231626159052795,0.1454652106570107,0.7313721743759825,0.1932419227854174,0.2318480615973757,67,0.8333331944444675,59.86,0.0865388775907576,1,0.0432694387953788,1,0.1298083163861364,1,0.0,0,1.211544286270607,1,4.889446583877807,1,0.0,0,0.0865388775907576,1,0.3028860715676517,1,0.0432694387953788,1,0.995197092293713,1,0.6057721431353035,1,0.8653887759075765,1,0.0865388775907576,1,23111,3,6718,0.2906840898273549,9855,0.4264203193284583,6538,0.2828955908441867,0.0171779672017653,0.1409285621565488,0.1261304140885292,1,0,0,0,0,1,1,0,0,0,0,0,0,Technology,525,316,315,1156,BBB
STX,0.0848379717208445,0.3102704720571637,0.6048915573085348,0.2047794791978155,0.3347328016441566,30.0,0.2222221975308669,47.8,0.1276367442402988,0.2055478461040183,0.6668154025450349,0.2196507188807951,0.315784069928447,100,0.5499999725000013,56.11,0.1261040986236185,0.1009145901957526,0.7729813151527196,0.2090922787502968,0.2103868264112736,100,1.666666388888935,62.85,0.0,0,0.0960901966646025,1,0.0427067540731566,1,0.0427067540731566,1,2.2207512118041466,1,4.22796865324251,1,0.0106766885182891,1,0.0,0,0.5445111144327476,1,2.2954880314321717,1,0.3630074096218316,1,2.530375178834533,1,1.1957891140483867,1,0.2989472785120967,1,93662,3,72869,0.7779996156392134,14901,0.1590933356110268,5892,0.0629070487497597,0.0154064615318912,0.1844184407764088,0.2377164698597083,1,0,0,0,0,1,6,0,0,0,0,0,0,Technology,540,355,300,1195,BBB
SWKS,0.1312968101248973,0.3973049725302391,0.4713982159478797,0.2307385724431149,0.3157700430615934,18.0,0.1111110987654334,43.77,0.192318236510105,0.429641003254801,0.3780407554963055,0.2704924379236746,0.4123746841605127,51,0.3199999872000005,43.8,0.1542519723464335,0.2676678113473047,0.5780802290620548,0.222057642016455,0.3341006883151279,28,0.285714244897965,53.0,0.2585716502042716,1,0.1551429901225629,1,0.3620003102859802,1,0.2585716502042716,1,0.4137146403268346,1,3.4131457826963856,1,0.0,0,0.0517143300408543,1,0.3620003102859802,1,0.1551429901225629,1,0.5688576304493975,1,0.4654289703676889,1,1.0860009308579408,1,0.1551429901225629,1,19337,3,3618,0.1871024460878109,12427,0.6426539794176966,3292,0.1702435744944924,0.0598851941873093,0.1344572581062212,0.0848632155970419,1,0,0,0,0,1,1,0,0,0,0,0,0,Semiconductors,515,303,270,1088,BBB
TECH,0.0512020671740174,0.4249633143522909,0.5238346090274197,0.070854126879139,0.4241517116829644,7.0,0.0,39.17,0.1984185925032943,0.2170397015800699,0.5845417009666563,0.2701548143150525,0.3348851004004708,100,0.8095237709750585,57.84,0.1275829606142545,0.3732599044248225,0.4991571384349039,0.2526447989727584,0.3611438865341096,63,0.2916666545138894,45.2,0.0,0,0.0,0,0.0393081761006289,1,0.0,0,0.3144654088050314,1,4.992138364779874,1,0.0,0,0.2751572327044025,1,0.0786163522012578,1,0.1572327044025157,1,0.9827044025157232,1,2.5157232704402515,1,1.4544025157232705,1,0.6289308176100629,1,25440,3,1934,0.0760220125786163,16413,0.6451650943396227,7093,0.278812893081761,0.0117924528301886,0.1712657232704402,0.1040094339622641,0,0,0,0,0,0,0,0,0,0,0,0,0,Life Sciences Tools and Services,510,268,300,1078,BBB
TER,0.1135632500647463,0.2342682268936187,0.6521685266246399,0.2088056217467697,0.3194986985764566,72.0,0.2499999843750009,53.75,0.2096939644683152,0.2032650928292423,0.5870409418083727,0.2593044000032525,0.3467664376665472,100,0.9999999500000024,59.13,0.2129505236539989,0.2163518618326634,0.5706976142339408,0.3109694423056839,0.3392878358648252,100,0.9523809070294804,58.39,0.0,0,0.1172974663747263,1,0.0521322072776561,1,0.026066103638828,1,1.498800959232614,1,3.114899384839954,1,0.0,0,0.013033051819414,1,0.4561568136794912,1,0.2736940882076947,1,0.7298509018871859,1,1.0752267751016578,1,1.120842456469607,1,0.0781983109164842,1,153456,3,76716,0.4999218016890835,76716,0.4999218016890835,24,0.0001563966218329,0.0186763632572203,0.1248175372745282,0.1159550620373266,1,0,0,0,0,1,2,0,0,0,0,0,0,Semiconductors,507,328,315,1150,BBB
TMUS,0.1899904275957781,0.4688728184510882,0.3411367544187949,0.2812796834810342,0.4246076584540889,26.0,0.4285713979591858,41.17,0.1293539154436439,0.4064708347152919,0.4641752491518855,0.1897413837334579,0.4099590393170474,100,0.1739130396975426,43.11,0.1095459296193439,0.2756007256830344,0.6148533435189165,0.1861884192855575,0.366287982493287,64,0.1999999900000005,50.92,0.2712170866764606,1,0.2712170866764606,1,0.0904056955588202,1,0.0452028477794101,1,0.9266583794779072,1,3.118996496779297,1,0.0678042716691151,1,0.1356085433382303,1,0.4746299016838061,1,0.0452028477794101,1,0.8136512600293819,1,0.8362526839190869,1,2.4183523561984406,1,0.6102384450220364,1,44245,3,3881,0.0877161261159453,11448,0.2587411006893434,28916,0.6535427731947112,0.0377895807435868,0.1280144649112894,0.0706068482314385,1,0,0,0,0,0,0,1,2,0,0,0,0,Telecommunication,342,331,230,903,BBB
TRMB,0.4241908983781169,0.0928841422503002,0.4829249669535038,0.3272117401959821,0.2125453146959826,39.0,5.666664777778407,73.81,0.3343971287179738,0.2054017097130417,0.4602011667005717,0.3241750738368811,0.3553233623611929,100,1.523809451247169,63.35,0.1578665840018901,0.1954212908542925,0.6467121237468335,0.2464743312767173,0.3347403052398834,62,0.6666666111111158,57.82,0.6,1,0.0,0,0.12,1,0.08,1,1.8,1,4.6,1,0.0,0,0.2,1,0.32,1,0.32,1,0.64,1,0.7200000000000001,1,1.08,1,0.16,1,25000,3,8954,0.35816,10194,0.40776,5852,0.23408,0.06604,0.19064,0.10488,1,0,0,0,0,0,0,0,0,0,0,0,0,Electrical Equipment,550,415,315,1280,A
TROW,0.2527055887815853,0.3724228340821962,0.3748715690647562,0.2703545291448192,0.3439159847718593,6.0,0.3333332222222592,49.64,0.2623962461815348,0.1961350450491799,0.5414686993030565,0.3413634838824453,0.3283128945864424,70,1.3076922071005996,61.44,0.2237024159536143,0.2813532653241123,0.4949443240331698,0.3244287109585835,0.373515289621632,79,0.6818181508264477,54.54,0.0,0,0.1127056878803817,1,0.0375685626267939,1,0.0,0,2.4043880081148097,1,1.4276053798181685,1,0.0375685626267939,1,0.0,0,0.1127056878803817,1,0.4132541888947328,1,0.751371252535878,1,0.9767826282966412,1,1.6530167555789317,1,0.2254113757607634,1,26618,3,7085,0.2661732662108347,6560,0.2464497708317679,12973,0.4873769629573972,0.0149522879254639,0.1140581561349462,0.1377639191524532,1,0,0,0,0,1,1,0,0,0,0,0,0,Financial Services,510,325,310,1145,BBB
TSCO,0.2648063289312025,0.3586857059660057,0.3765079772720734,0.3244345180811392,0.4077192865749985,30.0,0.8181817438016598,50.95,0.1923449769035562,0.3558961355381391,0.4517588870865958,0.267044868221664,0.3891790086730427,77,0.4137930891795486,48.6,0.1656292386353016,0.1953661241258184,0.6390046419265369,0.2758532094984099,0.3134737662307527,60,0.615384568047341,58.1,0.4987323885125306,1,0.2078051618802211,1,0.1662441295041768,1,0.1246830971281326,1,0.4987323885125306,1,3.1586384605793607,1,0.0,0,0.0415610323760442,1,0.4156103237604422,1,0.3324882590083537,1,0.6649765180167075,1,0.5818544532646192,1,0.6649765180167075,1,0.1246830971281326,1,24061,3,7236,0.300735630273056,9881,0.4106645609076929,6944,0.288599808819251,0.0544449524126179,0.1646232492415111,0.1001620880262665,1,0,0,0,0,0,0,0,0,0,0,0,0,Retail,500,300,200,1000,BBB
TSLA,0.2296512195654213,0.1151775285415351,0.6551712520420552,0.2600281320844603,0.265001769296987,100.0,2.0999997900000213,65.55,0.2179755912814289,0.3392393398098647,0.4427850748598576,0.2959397689723784,0.3924053279171691,100,0.5714285551020413,50.58,0.1691859397720897,0.2329818002598465,0.5978322681039572,0.2484210304172454,0.3250396401326114,53,0.599999940000006,55.78,0.1688333614722269,1,3.342900557150093,1,0.0675333445888907,1,0.1688333614722269,1,0.7091001181833531,1,3.106533851088975,1,0.0337666722944453,1,0.0337666722944453,1,0.2026000337666723,1,1.215600202600034,1,0.6078001013000169,1,0.4052000675333446,1,0.8779334796555799,1,0.3714333952388992,1,29615,3,6920,0.233665372277562,13369,0.4514266419044403,9326,0.3149079858179976,0.1750464291744048,0.1348640891440148,0.0662164443694073,1,0,0,0,0,0,0,0,0,0,0,0,0,Automobiles,555,160,278,993,BBB
TTWO,0.0360849251970648,0.6524998486042023,0.3114152204245329,0.0334824090768064,0.3171805875786954,5.0,0.0,23.85,0.2248353320353019,0.2815099067162149,0.4936547617141444,0.2707867170059944,0.3535820614293802,52,0.4999999687500019,54.57,0.1427759377536578,0.2777415337757422,0.5794825253363413,0.2187991317241513,0.3357320639076218,52,0.2857142653061239,51.94,0.0,0,0.0,0,0.1220951528224329,1,0.0,0,0.6918725326604533,1,3.2151723576574014,1,0.0406983842741443,1,0.2034919213707215,1,0.1220951528224329,1,0.0813967685482886,1,0.3662854584672988,1,0.4883806112897318,1,1.2209515282243295,1,0.1627935370965772,1,24571,3,4829,0.1965324976598429,13176,0.5362419111961255,6566,0.2672255911440316,0.0079361849334581,0.0959667901184323,0.0940539660575475,0,0,0,0,0,1,3,0,0,0,0,0,0,Media,225,307,310,842,BB
TXN,0.2961332791230895,0.1674881958487359,0.5363785062323917,0.3424630266587312,0.212500553668131,11.0,2.9999970000030003,64.48,0.3542400146227168,0.1894866775761803,0.4562733129638692,0.3411222318948177,0.2739394186489827,23,2.666665777778074,65.08,0.0916520304800499,0.2028968308032268,0.7054511329957417,0.1718925631077754,0.3094254600271803,21,0.2499999375000156,55.02,0.1040257983980027,1,0.0,0,0.4161031935920108,1,0.1040257983980027,1,0.6241547903880162,1,2.496619161552065,1,0.0,0,0.2080515967960054,1,0.1040257983980027,1,0.0,0,0.4161031935920108,1,0.8322063871840216,1,0.4161031935920108,1,0.0,0,9613,3,3274,0.3405804639550608,3766,0.3917611567668781,2573,0.2676583792780609,0.0598148340788515,0.1284718610215333,0.0875897222511182,1,0,0,0,0,1,1,0,0,0,0,0,0,Semiconductors,500,300,300,1100,BBB
UAL,0.4804116101562977,0.0970267588971182,0.4225616364926099,0.3574214774675328,0.2202506099054951,100.0,6.111110432098841,75.51,0.4495449723489582,0.050209178016521,0.5002458577603102,0.3576491279207996,0.1491583288516348,100,23.499988250005877,77.47,0.186052414458245,0.120591870881617,0.6933557182177901,0.2328642537812357,0.2566261793890407,100,1.1818180743801752,63.67,5.070244005492764,1,0.1659901311322036,1,0.3319802622644072,1,0.1358101072899847,1,1.659901311322036,1,5.522944363126046,1,0.0,0,0.0905400715266565,1,0.1056300834477659,1,0.1207200953688753,1,0.3923403099488449,1,0.362160286106626,1,0.8148606437399085,1,0.3018002384221884,1,66269,3,7877,0.1188640239025788,24050,0.3629147867026815,34342,0.5182211893947396,0.1274200606618479,0.183977425342166,0.1094629464757277,1,1,6,0,0,1,5,0,0,0,0,0,0,Airlines,205,203,221,629,B
ULTA,0.2415250757975237,0.2234573948662728,0.5350175377513681,0.287025149698818,0.3311702782956502,14.0,0.9999996666667778,58.93,0.23257831419169,0.3397178220576747,0.4277038588894136,0.306802104192806,0.3998535681636074,66,0.5599999776000009,51.06,0.1119732342547539,0.2168435608742363,0.671183203996131,0.1942949358775794,0.3396281852268036,33,0.285714244897965,54.82,0.2263775071308914,1,0.1358265042785348,1,0.2716530085570697,1,0.0905510028523566,1,0.7244080228188527,1,2.0373975641780238,1,0.0,0,0.3622040114094264,1,0.4074795128356046,1,0.1811020057047132,1,0.316928509983248,1,0.4074795128356046,1,0.7244080228188527,1,0.316928509983248,1,22087,3,7601,0.3441390863403812,7951,0.3599855118395436,6535,0.2958754018200751,0.0282519128899352,0.1621768461085706,0.0739348938289491,1,0,0,0,0,0,0,0,0,0,0,0,0,Retail,205,242,200,647,B
VRSK,0.2958419377183808,0.1506745897931978,0.5534834694948846,0.3080656452202925,0.2908689881662361,56.0,2.28571395918372,65.56,0.3363264549179408,0.1620680171662293,0.5016055277589223,0.3271759871969207,0.289701166713011,92,2.3076921301775286,66.24,0.2249693517993775,0.1476639508224663,0.6273666987375867,0.2823938132421399,0.275852129767563,62,1.4444442839506353,63.28,0.2281195346361493,1,0.2661394570755075,1,0.1140597673180746,1,0.0380199224393582,1,0.6083187590297315,1,4.524370770283628,1,0.0,0,0.1520796897574328,1,0.342179301954224,1,0.1900996121967911,1,0.6083187590297315,1,1.1025777507413883,1,1.5588168200136872,1,1.5968367424530454,1,26302,3,9385,0.3568169720933769,6252,0.2377005550908676,10665,0.4054824728157554,0.0697285377537829,0.1164170025093148,0.0871796821534484,1,0,0,0,0,1,1,0,0,0,0,0,0,Professional Services,615,366,300,1281,A
VRSN,0.3639754746109247,0.4190880819223821,0.2169364467263221,0.3442025687545538,0.4109067157842219,2.0,0.999999000001,50.5,0.3328953659187795,0.1434768085083407,0.5236278281469519,0.3224543388414666,0.2522870206220414,72,2.55555527160497,67.33,0.1072328259115633,0.2371203210002378,0.6556468615308404,0.1745596481288492,0.3365686423632097,46,0.2727272479338866,53.34,0.0,0,0.0527314912465724,1,0.0,0,0.0,0,0.6855093862054419,1,5.642269563383253,1,0.0,0,0.580046403712297,1,0.1581944737397173,1,0.1581944737397173,1,0.4218519299725796,1,0.3163889474794347,1,1.3182872811643112,1,0.474583421219152,1,18964,3,5581,0.2942944526471208,8500,0.4482176755958658,4883,0.2574878717570132,0.0088061590381776,0.1368909512761021,0.1073085846867749,0,0,0,0,0,1,3,0,0,0,0,0,0,Technology,548,354,325,1227,A
VRTX,0.1661496376618743,0.2693143707389633,0.564536007742087,0.3074030181551959,0.3329759409404624,6.0,0.499999750000125,53.31,0.324130726987496,0.0689904620125889,0.6068788105621934,0.2910021921134058,0.188220478160426,100,5.499999083333486,71.86,0.0771547787170857,0.2425926113780588,0.6802526114322245,0.1474556688575769,0.3221191036953497,100,0.1199999952000001,51.93,0.0205203972748912,1,0.0205203972748912,1,0.0,0,0.0,0,0.5745711236969547,1,4.740211770499877,1,0.0,0,0.1846835754740211,1,0.3078059591233686,1,0.0205203972748912,1,0.8208158909956497,1,0.9028974800952146,1,1.3133054255930394,1,0.4924895345973898,1,48732,3,17689,0.3629853073955512,22658,0.4649511614544858,8385,0.172063531149963,0.0036936715094804,0.2489945005335303,0.0914183698596404,0,0,0,0,0,1,2,0,0,0,0,0,0,Biotechnology,500,300,300,1100,BBB
VTRS,0.1946205279922911,0.3787517162937937,0.4266277667401092,0.2743444479315009,0.3773213152758685,28.0,0.599999940000006,47.19,0.3419534038566053,0.192455123080872,0.4655914740823209,0.3289720870820366,0.3234221095513532,100,1.8947367423822763,64.46,0.1157623047696515,0.2575546287199748,0.6266830625633398,0.2177413639124363,0.3125904250748184,84,0.3333333174603182,52.31,0.2381210087671826,1,0.1298841866002814,1,0.2381210087671826,1,0.1298841866002814,1,0.3463578309340838,1,5.130425370711116,1,0.0649420933001407,1,0.0216473644333802,1,0.0865894577335209,1,0.1298841866002814,1,1.0390734928022514,1,1.190605043835913,1,1.9266154345708408,1,0.3896525598008442,1,46195,3,5972,0.1292780603961467,26344,0.570278168632969,13879,0.3004437709708843,0.0351120251109427,0.1926398960926507,0.1005953025219179,1,0,0,0,0,0,0,0,0,0,0,0,0,Pharmaceuticals,500,300,200,1000,BBB
WBA,0.0633356500830915,0.4289963206069337,0.5076680096487204,0.0768669402037894,0.3104001028821088,9.0,0.0,39.33,0.3104201635438949,0.0353478045528754,0.6542320283129811,0.3013709351124557,0.1167919191091804,100,13.9999930000035,73.57,0.1003402155917137,0.1872327474690973,0.7124270302057266,0.2068421412538363,0.3228902673404301,100,0.3684210332409982,56.34,0.0564796249752901,1,0.0,0,0.1976786874135155,1,0.0,0,2.8804608737397985,1,8.21778543390472,1,0.0,0,0.0847194374629352,1,0.6212758747281918,1,0.2823981248764508,1,0.6212758747281918,1,1.2707915619440286,1,1.5814294993081246,1,0.2259184999011606,1,35411,3,8362,0.2361413120216881,12151,0.3431419615373754,14898,0.4207167264409364,0.0119172008697862,0.290813588997769,0.1203863206348309,1,0,0,0,0,1,1,0,0,0,0,0,0,Retail,515,325,300,1140,BBB
WDC,0.2860646881939222,0.1975316365715116,0.516403658936421,0.3484938234543904,0.3286516113968671,12.0,1.9999990000005,62.17,0.2203173949594863,0.2661841496063227,0.5134984547145326,0.2906437361928828,0.3708825741237825,88,0.7599999696000012,55.41,0.1105463281015141,0.253559032196386,0.6358946420562764,0.1740309297410017,0.3586014383358449,36,0.2499999687500039,52.39,0.0441735135612686,1,0.0,0,0.0883470271225373,1,0.0,0,1.192684866154254,1,6.184291898577613,1,0.0883470271225373,1,0.0883470271225373,1,0.1325205406838059,1,0.4417351356126866,1,1.104337839031717,1,0.7067762169802987,1,1.855287569573284,1,0.3092145949288806,1,22638,3,5460,0.2411873840445269,11233,0.4962010778337309,5945,0.2626115381217422,0.0254439438112907,0.160482374768089,0.0809700503578054,1,0,0,0,0,1,1,0,0,0,0,0,0,Technology,545,339,260,1144,BBB
WYNN,0.316998548922129,0.3072716489841696,0.3757297950796783,0.3660338031366353,0.3467161181623872,16.0,0.9999998333333612,56.12,0.1934114643795923,0.2429283695581199,0.5636601676656441,0.2818913761727615,0.3403033541189933,88,0.8095237709750585,55.98,0.0778014033156282,0.3684412911077778,0.5537573161954973,0.1883129701247731,0.3660118883512236,51,0.1499999925000003,43.77,0.0,0,0.059696146613736,1,0.029848073306868,1,0.029848073306868,1,0.776049905978569,1,2.716174670924992,1,0.029848073306868,1,0.3880249529892845,1,0.2387845864549443,1,0.0895442199206041,1,0.716353759364833,1,0.5372653195236248,1,1.1342267856609856,1,0.8357460525923052,1,33503,3,11055,0.3299704504074262,12541,0.3743246873414321,9907,0.2957048622511417,0.0223562069068441,0.1052144584067098,0.0730382353819061,1,0,0,0,0,1,6,0,0,0,0,0,0,Hotels Restaurants and Leisure,225,201,200,626,B
XRAY,0.0424157608714368,0.5923279785654612,0.3652562608735429,0.0452429332291633,0.3782258591012382,9.0,0.0,27.98,0.1859592676524128,0.3250986357469723,0.4889421038774412,0.2964277201576006,0.3774298786596066,67,0.5238094988662143,50.38,0.1359865515044442,0.3850697902272696,0.4789436577508847,0.2543270270833168,0.3763585125046692,27,0.2727272479338866,44.73,0.1303497718878992,1,0.043449923962633,1,0.1737996958505322,1,0.0,0,0.1303497718878992,1,3.389094069085379,1,0.0,0,0.0,0,0.1303497718878992,1,0.0868998479252661,1,0.7386487073647621,1,1.8248968064305888,1,0.695198783402129,1,0.3475993917010645,1,23015,3,3266,0.1419074516619596,11434,0.4968064305887464,8315,0.3612861177492939,0.0226374103845318,0.1556810775581142,0.0644796871605474,0,0,0,0,0,0,0,0,0,0,0,0,0,Health Care,530,318,305,1153,BBB
ZBRA,0.2542551283470609,0.0246661842631345,0.7210786921734159,0.2984698634378373,0.0189820166225547,11.0,3000000.0,72.3,0.2642108559951014,0.2176711299649343,0.5181180070657497,0.3138328923939781,0.3507579756674148,87,1.0999999450000026,60.1,0.240755469771102,0.3855315777805767,0.3737129581027797,0.3322106476294504,0.3955577856319854,28,0.4166666319444473,48.37,0.047557901745375,1,0.0,0,0.0,0,0.142673705236125,1,1.8547581680696248,1,4.8509059780282495,1,0.0,0,0.0,0,0.047557901745375,1,0.1902316069815,1,0.5231369191991249,1,0.618252722689875,1,1.4742949541066248,1,0.047557901745375,1,21027,3,5949,0.2829219574832358,8742,0.4157511770580682,6336,0.3013268654586959,0.0193560660103676,0.1572739810719551,0.0585913349503019,1,0,0,0,0,1,3,0,0,0,0,0,0,Electrical Equipment,320,317,300,937,BBB
ZION,0.081624234923058,0.2613607217661208,0.6570150322384305,0.1213457126032557,0.3285310340345946,9.0,0.0,50.87,0.2364756708817654,0.216937731295873,0.5465865974118443,0.2825720106077887,0.3245176645819398,76,0.9374999414062536,59.18,0.1431839007127564,0.1783885534484094,0.6784275439955915,0.2444714933790847,0.2820138033771983,96,0.7333332844444478,58.42,0.0,0,0.0641251723364006,1,0.0961877585046009,1,0.0,0,2.468819134951425,1,2.98182051364263,1,0.0,0,0.2885632755138029,1,0.1603129308410016,1,0.1603129308410016,1,0.6412517233640065,1,1.282503446728013,1,0.5130013786912052,1,0.3526884478502036,1,31189,3,4232,0.1356888646638238,5527,0.1772099137516432,21430,0.687101221584533,0.0118631568822341,0.1151367469300073,0.1554073551572669,1,0,0,0,0,1,1,0,0,0,0,0,0,Banking,200,200,200,600,B
